var gpdiy = {
"type": "FeatureCollection",
"name": "GPDIY",
"crs": { "type": "name", "properties": { "name": "urn:ogc:def:crs:OGC:1.3:CRS84" } },
"features": [
{ "type": "Feature", "properties": { "FID_Garis_": 1727, "OBJECTID": 31954, "NAMOBJ": "Garis Penutup Pasang Tertinggi", "FCODE": "DB02080350", "REMARK": null, "METADATA": null, "SRS_ID": "4326", "DTMVER": 5, "ELEVAS": 0.0, "KARGPN": 999, "TIPGPN": 999, "KODGPN": null, "THNSBDATA": "2025", "SBDATA": 6, "SKL": 6, "THNPBL": "2025", "KET": null, "SHAPE_Leng": 0.00118191855, "FID_Batas_": 4482, "OBJECTID_1": 3912.0, "NAMOBJ_1": "Parangtritis", "FCODE_1": "BA03070040", "REMARK_1": "Wilayah Administrasi Kelurahan/Desa", "METADATA_1": "TASWIL1000020221227_DATA_BATAS_DESAKELURAHAN", "SRS_ID_1": "4326", "KDBBPS": null, "KDCBPS": null, "KDCPUM": "34.02.03", "KDEBPS": null, "KDEPUM": "34.02.03.2002", "KDPBPS": null, "KDPKAB": "34.02", "KDPPUM": "34", "LUASWH": 0.0, "TIPADM": 1.0, "WADMKC": "Kretek", "WADMKD": "Parangtritis", "WADMKK": "Bantul", "WADMPR": "Daerah Istimewa Yogyakarta", "WIADKC": null, "WIADKK": null, "WIADPR": null, "WIADKD": null, "UUPP": "Data RBI Skala 1:25.000", "LUAS": 10.99531382 }, "geometry": { "type": "MultiLineString", "coordinates": [ [ [ 110.28254055900004, -8.011332799999895, 0.0 ], [ 110.282540459000046, -8.011332751999891, 0.0 ], [ 110.281476274000099, -8.010818768, 0.0 ] ] ] } },
{ "type": "Feature", "properties": { "FID_Garis_": 1731, "OBJECTID": 31958, "NAMOBJ": "Garis Pantai", "FCODE": "DB02080140", "REMARK": null, "METADATA": null, "SRS_ID": "4326", "DTMVER": 5, "ELEVAS": 0.0, "KARGPN": 5, "TIPGPN": 4, "KODGPN": null, "THNSBDATA": "2025", "SBDATA": 6, "SKL": 6, "THNPBL": "2025", "KET": null, "SHAPE_Leng": 0.04932706317, "FID_Batas_": 4411, "OBJECTID_1": 3841.0, "NAMOBJ_1": "Glagah", "FCODE_1": "BA03070040", "REMARK_1": null, "METADATA_1": "TASWIL1000020221227_DATA_BATAS_DESAKELURAHAN", "SRS_ID_1": "4326", "KDBBPS": null, "KDCBPS": null, "KDCPUM": "34.01.01", "KDEBPS": null, "KDEPUM": "34.01.01.2004", "KDPBPS": null, "KDPKAB": "34.01", "KDPPUM": "34", "LUASWH": 0.0, "TIPADM": 1.0, "WADMKC": "Temon", "WADMKD": "Glagah", "WADMKK": "Kulon Progo", "WADMPR": "Daerah Istimewa Yogyakarta", "WIADKC": null, "WIADKK": null, "WIADPR": null, "WIADKD": null, "UUPP": "Data dari Pemerintah Daerah", "LUAS": 6.01635593 }, "geometry": { "type": "MultiLineString", "coordinates": [ [ [ 110.057778957000039, -7.908941117999947, 0.0 ], [ 110.057755900000089, -7.908930444999952, 0.0 ], [ 110.057732548000018, -7.908920143999988, 0.0 ], [ 110.057716873000061, -7.908913505999972, 0.0 ], [ 110.057700188000098, -7.908906854999954, 0.0 ], [ 110.057683354000034, -7.908900734999981, 0.0 ], [ 110.057674862000056, -7.908897979999931, 0.0 ], [ 110.057666298000044, -7.908895527, 0.0 ] ], [ [ 110.059798155000053, -7.909767008999981, 0.0 ], [ 110.059789868000081, -7.909764037999913, 0.0 ], [ 110.059781487000095, -7.90976138799996, 0.0 ], [ 110.059773153000023, -7.909759166999954, 0.0 ], [ 110.059764729000037, -7.909757254999973, 0.0 ], [ 110.059747701000049, -7.909754034999973, 0.0 ], [ 110.059744522983891, -7.909753531102072, 0.0 ] ], [ [ 110.064307417880471, -7.911522668240546, 0.0 ], [ 110.064219992000076, -7.911479236999987, 0.0 ], [ 110.064180145000066, -7.911459764999974, 0.0 ], [ 110.064155977000013, -7.911448571999936, 0.0 ], [ 110.064131619000051, -7.91143775699993, 0.0 ], [ 110.064107154000055, -7.911427188999943, 0.0 ], [ 110.064082529000075, -7.911417018999901, 0.0 ], [ 110.064066811000103, -7.911410941999931, 0.0 ], [ 110.064051015000032, -7.911405058999978, 0.0 ], [ 110.063917240000066, -7.911356370999946, 0.0 ], [ 110.063866532000048, -7.911338500999888, 0.0 ] ] ] } },
{ "type": "Feature", "properties": { "FID_Garis_": 1731, "OBJECTID": 31958, "NAMOBJ": "Garis Pantai", "FCODE": "DB02080140", "REMARK": null, "METADATA": null, "SRS_ID": "4326", "DTMVER": 5, "ELEVAS": 0.0, "KARGPN": 5, "TIPGPN": 4, "KODGPN": null, "THNSBDATA": "2025", "SBDATA": 6, "SKL": 6, "THNPBL": "2025", "KET": null, "SHAPE_Leng": 0.04932706317, "FID_Batas_": 4424, "OBJECTID_1": 3854.0, "NAMOBJ_1": "Jangkaran", "FCODE_1": "BA03070040", "REMARK_1": null, "METADATA_1": "TASWIL1000020221227_DATA_BATAS_DESAKELURAHAN", "SRS_ID_1": "4326", "KDBBPS": null, "KDCBPS": null, "KDCPUM": "34.01.01", "KDEBPS": null, "KDEPUM": "34.01.01.2001", "KDPBPS": null, "KDPKAB": "34.01", "KDPPUM": "34", "LUASWH": 0.0, "TIPADM": 1.0, "WADMKC": "Temon", "WADMKD": "Jangkaran", "WADMKK": "Kulon Progo", "WADMPR": "Daerah Istimewa Yogyakarta", "WIADKC": null, "WIADKK": null, "WIADPR": null, "WIADKD": null, "UUPP": "Data dari Pemerintah Daerah", "LUAS": 3.51076564 }, "geometry": { "type": "MultiLineString", "coordinates": [ [ [ 110.035139176000087, -7.900950292999943, 0.0 ], [ 110.03510900600007, -7.900933526999977, 0.0 ], [ 110.035078647000049, -7.900917171999956, 0.0 ], [ 110.035048229000012, -7.900901331999889, 0.0 ], [ 110.035025290000078, -7.900889743999907, 0.0 ], [ 110.035009869000035, -7.900882333999916, 0.0 ], [ 110.035002087000109, -7.900878803999979, 0.0 ], [ 110.034994232000074, -7.900875450999968, 0.0 ], [ 110.034986343000043, -7.900872332999977, 0.0 ], [ 110.03497036800006, -7.900866577999945, 0.0 ], [ 110.034954232000047, -7.900861223999946, 0.0 ], [ 110.034938006000047, -7.900856116999967, 0.0 ], [ 110.034921715000024, -7.900851223999918, 0.0 ], [ 110.034905351000091, -7.900846624999892, 0.0 ], [ 110.034888871000064, -7.900842531, 0.0 ], [ 110.034880421000082, -7.900840737999938, 0.0 ], [ 110.034871932000087, -7.900839115999893, 0.0 ] ], [ [ 110.037653375, -7.901827545999963, 0.0 ], [ 110.037646072000115, -7.901823528999986, 0.0 ], [ 110.037631208000036, -7.901816006999986, 0.0 ], [ 110.037616089000025, -7.901809067999944, 0.0 ], [ 110.03760844700011, -7.901805830999943, 0.0 ], [ 110.037600744000088, -7.901802783999957, 0.0 ], [ 110.037592971000066, -7.901799974, 0.0 ], [ 110.037585113000034, -7.901797462999961, 0.0 ], [ 110.037577790000057, -7.901795448999972, 0.0 ], [ 110.037554389000078, -7.901789616999934, 0.0 ], [ 110.037528570000063, -7.901782479999965, 0.0 ], [ 110.037502793000073, -7.901774879999958, 0.0 ], [ 110.037430243000102, -7.901753052999928, 0.0 ], [ 110.03740611700006, -7.901746089999974, 0.0 ], [ 110.037366279000054, -7.901734924999938, 0.0 ], [ 110.037350426000074, -7.901730234, 0.0 ], [ 110.037342545000044, -7.901727753999967, 0.0 ], [ 110.037334711000113, -7.901725140999928, 0.0 ], [ 110.037318167000066, -7.901719058999958, 0.0 ], [ 110.037301771000045, -7.901712539999951, 0.0 ], [ 110.037269097, -7.901699138, 0.0 ], [ 110.037252687000063, -7.901692645, 0.0 ], [ 110.037238442000046, -7.901687395999914, 0.0 ], [ 110.037231274000078, -7.901684921999975, 0.0 ], [ 110.037216825000115, -7.901680368999954, 0.0 ], [ 110.037209530000055, -7.901678352999965, 0.0 ], [ 110.037201183000064, -7.901676323999975, 0.0 ], [ 110.037192777000087, -7.901674521999914, 0.0 ], [ 110.037175848000018, -7.901671397000011, 0.0 ], [ 110.037158835000028, -7.901668694999965, 0.0 ], [ 110.037141806000051, -7.901666284999943, 0.0 ], [ 110.037102838000109, -7.901661552999907, 0.0 ], [ 110.037096150000082, -7.901660476, 0.0 ], [ 110.037088834000102, -7.901658879999952, 0.0 ], [ 110.037081614000044, -7.901656876999964, 0.0 ], [ 110.037074497000077, -7.901654505999946, 0.0 ], [ 110.037067498000027, -7.901651781999898, 0.0 ], [ 110.037060637000081, -7.901648699999909, 0.0 ], [ 110.03705402100006, -7.901645312999984, 0.0 ], [ 110.037047504000057, -7.901641682999951, 0.0 ], [ 110.037034525000053, -7.901634143999948, 0.0 ], [ 110.037020190000106, -7.901626145, 0.0 ], [ 110.037005638000053, -7.901618396999978, 0.0 ], [ 110.036961597000058, -7.901595566999954, 0.0 ], [ 110.03693788800004, -7.901582763999961, 0.0 ], [ 110.036914335000048, -7.901569672999943, 0.0 ], [ 110.036890920000076, -7.901556338, 0.0 ], [ 110.036875432000031, -7.901547239999952, 0.0 ], [ 110.036841505000069, -7.901526782999947, 0.0 ], [ 110.036827596000066, -7.90151894199992, 0.0 ], [ 110.036813287000129, -7.901511581999933, 0.0 ], [ 110.036806018000064, -7.901508147999915, 0.0 ], [ 110.036798069000028, -7.901504655999893, 0.0 ], [ 110.036790034000063, -7.901501371999887, 0.0 ], [ 110.036781930000103, -7.901498278999987, 0.0 ], [ 110.036773761000063, -7.901495381999925, 0.0 ], [ 110.036765531000086, -7.90149270399997, 0.0 ], [ 110.036757232000113, -7.901490291999948, 0.0 ], [ 110.036748855000042, -7.901488214999953, 0.0 ], [ 110.036741131000014, -7.901486668, 0.0 ], [ 110.036733346000091, -7.901485419999989, 0.0 ], [ 110.036725516000061, -7.901484431, 0.0 ], [ 110.036717652000036, -7.901483675999933, 0.0 ], [ 110.036709765000097, -7.901483146999978, 0.0 ], [ 110.036701864000065, -7.901482852999954, 0.0 ], [ 110.036678480000077, -7.901482861999955, 0.0 ], [ 110.036670328000113, -7.901482752999946, 0.0 ], [ 110.036662202000059, -7.901482426999919, 0.0 ], [ 110.03665412, -7.901481814999957, 0.0 ], [ 110.036646107000067, -7.901480824999964, 0.0 ], [ 110.036638358000047, -7.901479412999936, 0.0 ], [ 110.036630705000036, -7.901477597999963, 0.0 ], [ 110.03662315900003, -7.901475423999961, 0.0 ], [ 110.036615739000041, -7.90147290699993, 0.0 ], [ 110.036608476000055, -7.901470034999959, 0.0 ], [ 110.036601411, -7.901466769999955, 0.0 ], [ 110.036594603000069, -7.901463039999913, 0.0 ], [ 110.036587738000037, -7.901458531999896, 0.0 ], [ 110.036581180000013, -7.901453530999926, 0.0 ], [ 110.036574890000026, -7.901448142999924, 0.0 ], [ 110.036568848000059, -7.901442438999896, 0.0 ], [ 110.036563052000119, -7.901436467999935, 0.0 ], [ 110.036549302003152, -7.90142094699723, 0.0 ], [ 110.036548844, -7.90142042999994, 0.0 ], [ 110.036544024000051, -7.901415219999953, 0.0 ], [ 110.036538990000082, -7.901410259999987, 0.0 ], [ 110.036533363000061, -7.901405407999941, 0.0 ], [ 110.036527429000017, -7.901400929999926, 0.0 ], [ 110.036521232000041, -7.90139680899994, 0.0 ], [ 110.036514796000034, -7.901393044999984, 0.0 ], [ 110.036508134000101, -7.901389664999971, 0.0 ] ], [ [ 110.039188444, -7.902343227, 0.0 ], [ 110.039181830000075, -7.902338807999988, 0.0 ], [ 110.03916827700003, -7.902330418, 0.0 ], [ 110.039161359000076, -7.902326437999942, 0.0 ], [ 110.039153710000065, -7.902322263999952, 0.0 ], [ 110.039138159000018, -7.902314376999921, 0.0 ], [ 110.039130277000083, -7.902310655999968, 0.0 ], [ 110.039122323000043, -7.902307105999941, 0.0 ], [ 110.039114288000093, -7.902303767999931, 0.0 ], [ 110.039106583000077, -7.902300837999955, 0.0 ], [ 110.039098806000055, -7.902298136999909, 0.0 ], [ 110.039090966000032, -7.902295666999971, 0.0 ], [ 110.039083067, -7.902293451999966, 0.0 ], [ 110.039075108000048, -7.902291538999985, 0.0 ] ], [ [ 110.039523870000053, -7.902466619999905, 0.0 ], [ 110.039515982000111, -7.902463463999911, 0.0 ], [ 110.039508022000064, -7.902460511999933, 0.0 ], [ 110.039500149000048, -7.902457863999891, 0.0 ], [ 110.039484211000058, -7.902453119999943, 0.0 ], [ 110.039468110000058, -7.902448849999945, 0.0 ], [ 110.039451911000043, -7.902444885999972, 0.0 ], [ 110.039437723039285, -7.902441656827576, 0.0 ] ] ] } },
{ "type": "Feature", "properties": { "FID_Garis_": 1731, "OBJECTID": 31958, "NAMOBJ": "Garis Pantai", "FCODE": "DB02080140", "REMARK": null, "METADATA": null, "SRS_ID": "4326", "DTMVER": 5, "ELEVAS": 0.0, "KARGPN": 5, "TIPGPN": 4, "KODGPN": null, "THNSBDATA": "2025", "SBDATA": 6, "SKL": 6, "THNPBL": "2025", "KET": null, "SHAPE_Leng": 0.04932706317, "FID_Batas_": 4475, "OBJECTID_1": 3905.0, "NAMOBJ_1": "Palihan", "FCODE_1": "BA03070040", "REMARK_1": null, "METADATA_1": "TASWIL1000020221227_DATA_BATAS_DESAKELURAHAN", "SRS_ID_1": "4326", "KDBBPS": null, "KDCBPS": null, "KDCPUM": "34.01.01", "KDEBPS": null, "KDEPUM": "34.01.01.2003", "KDPBPS": null, "KDPKAB": "34.01", "KDPPUM": "34", "LUASWH": 0.0, "TIPADM": 1.0, "WADMKC": "Temon", "WADMKD": "Palihan", "WADMKK": "Kulon Progo", "WADMPR": "Daerah Istimewa Yogyakarta", "WIADKC": null, "WIADKK": null, "WIADPR": null, "WIADKD": null, "UUPP": "Data dari Pemerintah Daerah", "LUAS": 3.63500183 }, "geometry": { "type": "MultiLineString", "coordinates": [ [ [ 110.046160800000024, -7.904744225999973, 0.0 ], [ 110.046152258000035, -7.904742037999969, 0.0 ], [ 110.046135080000028, -7.90473822699992, 0.0 ], [ 110.046126473000029, -7.904736578999962, 0.0 ], [ 110.046117871000035, -7.90473511999993, 0.0 ], [ 110.046109289000029, -7.904733887999916, 0.0 ] ], [ [ 110.055275077, -7.908048336999975, 0.0 ], [ 110.055260820000058, -7.908040375999938, 0.0 ], [ 110.055253606000093, -7.908036547999887, 0.0 ], [ 110.055238771000106, -7.908029138999985, 0.0 ], [ 110.055223736000102, -7.908022138999939, 0.0 ], [ 110.055208519000089, -7.908015552999927, 0.0 ], [ 110.055200830000075, -7.908012455999937, 0.0 ] ] ] } },
{ "type": "Feature", "properties": { "FID_Garis_": 1731, "OBJECTID": 31958, "NAMOBJ": "Garis Pantai", "FCODE": "DB02080140", "REMARK": null, "METADATA": null, "SRS_ID": "4326", "DTMVER": 5, "ELEVAS": 0.0, "KARGPN": 5, "TIPGPN": 4, "KODGPN": null, "THNSBDATA": "2025", "SBDATA": 6, "SKL": 6, "THNPBL": "2025", "KET": null, "SHAPE_Leng": 0.04932706317, "FID_Batas_": 4516, "OBJECTID_1": 3946.0, "NAMOBJ_1": "Sindutan", "FCODE_1": "BA03070040", "REMARK_1": null, "METADATA_1": "TASWIL1000020221227_DATA_BATAS_DESAKELURAHAN", "SRS_ID_1": "4326", "KDBBPS": null, "KDCBPS": null, "KDCPUM": "34.01.01", "KDEBPS": null, "KDEPUM": "34.01.01.2002", "KDPBPS": null, "KDPKAB": "34.01", "KDPPUM": "34", "LUASWH": 0.0, "TIPADM": 1.0, "WADMKC": "Temon", "WADMKD": "Sindutan", "WADMKK": "Kulon Progo", "WADMPR": "Daerah Istimewa Yogyakarta", "WIADKC": null, "WIADKK": null, "WIADPR": null, "WIADKD": null, "UUPP": "Data dari Pemerintah Daerah", "LUAS": 3.05710814 }, "geometry": { "type": "MultiLineString", "coordinates": [ [ [ 110.039992844000039, -7.902611748000012, 0.0 ], [ 110.039985940000093, -7.902609481999913, 0.0 ], [ 110.039977551000021, -7.902607114999983, 0.0 ], [ 110.039969059000029, -7.902605048999901, 0.0 ], [ 110.039960493000109, -7.902603206000015, 0.0 ], [ 110.039943218000104, -7.902599990999927, 0.0 ], [ 110.039938529004331, -7.902599248973309, 0.0 ] ], [ [ 110.041924576, -7.903294576999932, 0.0 ], [ 110.041916289000113, -7.903292851999967, 0.0 ], [ 110.041907910000049, -7.903291500999944, 0.0 ], [ 110.04189946200006, -7.903290423999944, 0.0 ], [ 110.041882438000073, -7.903288807999988, 0.0 ], [ 110.041878661022054, -7.903288543685906, 0.0 ] ] ] } },
{ "type": "Feature", "properties": { "FID_Garis_": 1733, "OBJECTID": 31960, "NAMOBJ": "Garis Pantai", "FCODE": "DB02080140", "REMARK": null, "METADATA": null, "SRS_ID": "4326", "DTMVER": 2, "ELEVAS": 0.0, "KARGPN": 6, "TIPGPN": 4, "KODGPN": null, "THNSBDATA": "2025", "SBDATA": 6, "SKL": 6, "THNPBL": "2025", "KET": null, "SHAPE_Leng": 0.0002882995, "FID_Batas_": 7391, "OBJECTID_1": 9105.0, "NAMOBJ_1": "Songbanyu", "FCODE_1": "BA03070040", "REMARK_1": null, "METADATA_1": "TASWIL1000020221227_DATA_BATAS_DESAKELURAHAN", "SRS_ID_1": "4326", "KDBBPS": null, "KDCBPS": null, "KDCPUM": "34.03.16", "KDEBPS": null, "KDEPUM": "34.03.16.2008", "KDPBPS": null, "KDPKAB": "34.03", "KDPPUM": "34", "LUASWH": 0.0, "TIPADM": 1.0, "WADMKC": "Girisubo", "WADMKD": "Songbanyu", "WADMKK": "Gunungkidul", "WADMPR": "Daerah Istimewa Yogyakarta", "WIADKC": null, "WIADKK": null, "WIADPR": null, "WIADKD": null, "UUPP": "Data dari Pemerintah Daerah", "LUAS": 15.55045849 }, "geometry": { "type": "MultiLineString", "coordinates": [ [ [ 110.826499001000087, -8.205510325999956, 0.0 ], [ 110.826513419000037, -8.205510325999956, 0.0 ] ], [ [ 110.826520435751206, -8.205558086850608, 0.0 ], [ 110.826510259000131, -8.205575046999982, 0.0 ] ] ] } },
{ "type": "Feature", "properties": { "FID_Garis_": 1734, "OBJECTID": 31961, "NAMOBJ": "Garis Pantai", "FCODE": "DB02080140", "REMARK": null, "METADATA": null, "SRS_ID": "4326", "DTMVER": 2, "ELEVAS": 0.0, "KARGPN": 6, "TIPGPN": 4, "KODGPN": null, "THNSBDATA": "2025", "SBDATA": 6, "SKL": 6, "THNPBL": "2025", "KET": null, "SHAPE_Leng": 0.00158110315, "FID_Batas_": 7391, "OBJECTID_1": 9105.0, "NAMOBJ_1": "Songbanyu", "FCODE_1": "BA03070040", "REMARK_1": null, "METADATA_1": "TASWIL1000020221227_DATA_BATAS_DESAKELURAHAN", "SRS_ID_1": "4326", "KDBBPS": null, "KDCBPS": null, "KDCPUM": "34.03.16", "KDEBPS": null, "KDEPUM": "34.03.16.2008", "KDPBPS": null, "KDPKAB": "34.03", "KDPPUM": "34", "LUASWH": 0.0, "TIPADM": 1.0, "WADMKC": "Girisubo", "WADMKD": "Songbanyu", "WADMKK": "Gunungkidul", "WADMPR": "Daerah Istimewa Yogyakarta", "WIADKC": null, "WIADKK": null, "WIADPR": null, "WIADKD": null, "UUPP": "Data dari Pemerintah Daerah", "LUAS": 15.55045849 }, "geometry": { "type": "MultiLineString", "coordinates": [ [ [ 110.819809670146753, -8.2032015819291, 0.0 ], [ 110.819830884000098, -8.203245524999971, 0.0 ], [ 110.819852299, -8.203314529, 0.0 ] ], [ [ 110.819822021234813, -8.20340464914068, 0.0 ], [ 110.819812168177066, -8.203421071367814, 0.0 ] ], [ [ 110.819419237320062, -8.203608393920305, 0.0 ], [ 110.819421617000074, -8.203581028999931, 0.0 ] ], [ [ 110.819798306116866, -8.203644156014569, 0.0 ], [ 110.819795192000072, -8.203669068999933, 0.0 ], [ 110.819797571667735, -8.203688104041564, 0.0 ] ] ] } },
{ "type": "Feature", "properties": { "FID_Garis_": 1735, "OBJECTID": 31962, "NAMOBJ": "Garis Pantai", "FCODE": "DB02080140", "REMARK": null, "METADATA": null, "SRS_ID": "4326", "DTMVER": 2, "ELEVAS": 0.0, "KARGPN": 6, "TIPGPN": 4, "KODGPN": null, "THNSBDATA": "2025", "SBDATA": 6, "SKL": 6, "THNPBL": "2025", "KET": null, "SHAPE_Leng": 0.0004188308, "FID_Batas_": 7395, "OBJECTID_1": 9109.0, "NAMOBJ_1": "Tileng", "FCODE_1": "BA03070040", "REMARK_1": null, "METADATA_1": "TASWIL1000020221227_DATA_BATAS_DESAKELURAHAN", "SRS_ID_1": "4326", "KDBBPS": null, "KDCBPS": null, "KDCPUM": "34.03.16", "KDEBPS": null, "KDEPUM": "34.03.16.2006", "KDPBPS": null, "KDPKAB": "34.03", "KDPPUM": "34", "LUASWH": 0.0, "TIPADM": 1.0, "WADMKC": "Girisubo", "WADMKD": "Tileng", "WADMKK": "Gunungkidul", "WADMPR": "Daerah Istimewa Yogyakarta", "WIADKC": null, "WIADKK": null, "WIADPR": null, "WIADKD": null, "UUPP": "Data dari Pemerintah Daerah", "LUAS": 16.81625767 }, "geometry": { "type": "MultiLineString", "coordinates": [ [ [ 110.743972368059005, -8.195615553978577, 0.0 ], [ 110.743963902000033, -8.195592270999921, 0.0 ], [ 110.743963902000033, -8.19554944099993, 0.0 ], [ 110.74397407992565, -8.195510764980298, 0.0 ] ], [ [ 110.744081747873892, -8.195615671852821, 0.0 ], [ 110.744075767023588, -8.195620798027328, 0.0 ] ] ] } },
{ "type": "Feature", "properties": { "FID_Garis_": 1736, "OBJECTID": 31963, "NAMOBJ": "Garis Pantai", "FCODE": "DB02080140", "REMARK": null, "METADATA": null, "SRS_ID": "4326", "DTMVER": 2, "ELEVAS": 0.0, "KARGPN": 6, "TIPGPN": 4, "KODGPN": null, "THNSBDATA": "2025", "SBDATA": 6, "SKL": 6, "THNPBL": "2025", "KET": null, "SHAPE_Leng": 0.00034712863, "FID_Batas_": 7369, "OBJECTID_1": 9083.0, "NAMOBJ_1": "Jepitu", "FCODE_1": "BA03070040", "REMARK_1": null, "METADATA_1": "TASWIL1000020221227_DATA_BATAS_DESAKELURAHAN", "SRS_ID_1": "4326", "KDBBPS": null, "KDCBPS": null, "KDCPUM": "34.03.16", "KDEBPS": null, "KDEPUM": "34.03.16.2002", "KDPBPS": null, "KDPKAB": "34.03", "KDPPUM": "34", "LUASWH": 0.0, "TIPADM": 1.0, "WADMKC": "Girisubo", "WADMKD": "Jepitu", "WADMKK": "Gunungkidul", "WADMPR": "Daerah Istimewa Yogyakarta", "WIADKC": null, "WIADKK": null, "WIADPR": null, "WIADKD": null, "UUPP": "Data dari Pemerintah Daerah", "LUAS": 16.22999637 }, "geometry": { "type": "MultiLineString", "coordinates": [ [ [ 110.728124598996615, -8.195675739964106, 0.0 ], [ 110.728142325996842, -8.195674031966718, 0.0 ] ], [ [ 110.728170988051886, -8.195681472944596, 0.0 ], [ 110.728192358000086, -8.195701487999898, 0.0 ], [ 110.728202833841976, -8.195723936395662, 0.0 ] ], [ [ 110.728198972978532, -8.195748336980593, 0.0 ], [ 110.728187599000051, -8.195760974999935, 0.0 ], [ 110.728168564000072, -8.195772871999942, 0.0 ], [ 110.728133304076124, -8.195782365282724, 0.0 ] ] ] } },
{ "type": "Feature", "properties": { "FID_Garis_": 1737, "OBJECTID": 31964, "NAMOBJ": "Garis Pantai", "FCODE": "DB02080140", "REMARK": null, "METADATA": null, "SRS_ID": "4326", "DTMVER": 2, "ELEVAS": 0.0, "KARGPN": 6, "TIPGPN": 4, "KODGPN": null, "THNSBDATA": "2025", "SBDATA": 6, "SKL": 6, "THNPBL": "2025", "KET": null, "SHAPE_Leng": 0.00117498139, "FID_Batas_": 17064, "OBJECTID_1": 18664.0, "NAMOBJ_1": "Purwodadi", "FCODE_1": "BA03070040", "REMARK_1": null, "METADATA_1": "TASWIL1000020221227_DATA_BATAS_DESAKELURAHAN", "SRS_ID_1": "4326", "KDBBPS": null, "KDCBPS": null, "KDCPUM": "34.03.07", "KDEBPS": null, "KDEPUM": "34.03.07.2005", "KDPBPS": null, "KDPKAB": "34.03", "KDPPUM": "34", "LUASWH": 0.0, "TIPADM": 1.0, "WADMKC": "Tepus", "WADMKD": "Purwodadi", "WADMKK": "Gunungkidul", "WADMPR": "Daerah Istimewa Yogyakarta", "WIADKC": null, "WIADKK": null, "WIADPR": null, "WIADKD": null, "UUPP": "Data dari Pemerintah Daerah", "LUAS": 21.90660263 }, "geometry": { "type": "MultiLineString", "coordinates": [ [ [ 110.681942106000051, -8.182540680999963, 0.0 ], [ 110.681992075000011, -8.182579941999926, 0.0 ], [ 110.682033901030735, -8.182605680950186, 0.0 ] ], [ [ 110.681766405000076, -8.182592468999896, 0.0 ], [ 110.681775591883337, -8.182574445940407, 0.0 ] ] ] } },
{ "type": "Feature", "properties": { "FID_Garis_": 1738, "OBJECTID": 31965, "NAMOBJ": "Garis Pantai", "FCODE": "DB02080140", "REMARK": null, "METADATA": null, "SRS_ID": "4326", "DTMVER": 2, "ELEVAS": 0.0, "KARGPN": 6, "TIPGPN": 4, "KODGPN": null, "THNSBDATA": "2025", "SBDATA": 6, "SKL": 6, "THNPBL": "2025", "KET": null, "SHAPE_Leng": 0.00237577203, "FID_Batas_": 17064, "OBJECTID_1": 18664.0, "NAMOBJ_1": "Purwodadi", "FCODE_1": "BA03070040", "REMARK_1": null, "METADATA_1": "TASWIL1000020221227_DATA_BATAS_DESAKELURAHAN", "SRS_ID_1": "4326", "KDBBPS": null, "KDCBPS": null, "KDCPUM": "34.03.07", "KDEBPS": null, "KDEPUM": "34.03.07.2005", "KDPBPS": null, "KDPKAB": "34.03", "KDPPUM": "34", "LUASWH": 0.0, "TIPADM": 1.0, "WADMKC": "Tepus", "WADMKD": "Purwodadi", "WADMKK": "Gunungkidul", "WADMPR": "Daerah Istimewa Yogyakarta", "WIADKC": null, "WIADKK": null, "WIADPR": null, "WIADKD": null, "UUPP": "Data dari Pemerintah Daerah", "LUAS": 21.90660263 }, "geometry": { "type": "MultiLineString", "coordinates": [ [ [ 110.678698306000058, -8.182931268999951, 0.0 ], [ 110.678838099000075, -8.18288368000001, 0.0 ], [ 110.678913945042325, -8.182870295239599, 0.0 ] ], [ [ 110.679031430959952, -8.182873270102089, 0.0 ], [ 110.679073071000076, -8.18288962899997, 0.0 ], [ 110.679164950000128, -8.182985106999965, 0.0 ] ] ] } },
{ "type": "Feature", "properties": { "FID_Garis_": 1739, "OBJECTID": 31966, "NAMOBJ": "Garis Pantai", "FCODE": "DB02080140", "REMARK": null, "METADATA": null, "SRS_ID": "4326", "DTMVER": 2, "ELEVAS": 0.0, "KARGPN": 6, "TIPGPN": 4, "KODGPN": null, "THNSBDATA": "2025", "SBDATA": 6, "SKL": 6, "THNPBL": "2025", "KET": null, "SHAPE_Leng": 0.00169170192, "FID_Batas_": 17064, "OBJECTID_1": 18664.0, "NAMOBJ_1": "Purwodadi", "FCODE_1": "BA03070040", "REMARK_1": null, "METADATA_1": "TASWIL1000020221227_DATA_BATAS_DESAKELURAHAN", "SRS_ID_1": "4326", "KDBBPS": null, "KDCBPS": null, "KDCPUM": "34.03.07", "KDEBPS": null, "KDEPUM": "34.03.07.2005", "KDPBPS": null, "KDPKAB": "34.03", "KDPPUM": "34", "LUASWH": 0.0, "TIPADM": 1.0, "WADMKC": "Tepus", "WADMKD": "Purwodadi", "WADMKK": "Gunungkidul", "WADMPR": "Daerah Istimewa Yogyakarta", "WIADKC": null, "WIADKK": null, "WIADPR": null, "WIADKD": null, "UUPP": "Data dari Pemerintah Daerah", "LUAS": 21.90660263 }, "geometry": { "type": "MultiLineString", "coordinates": [ [ [ 110.678535701204396, -8.1839461189006, 0.0 ], [ 110.678570789230648, -8.184018332887923, 0.0 ] ], [ [ 110.678171850000112, -8.184201306999963, 0.0 ], [ 110.678296772000053, -8.18407638499993, 0.0 ], [ 110.678345885209112, -8.184001900137829, 0.0 ] ], [ [ 110.678080238234116, -8.184446175780948, 0.0 ], [ 110.677999193923924, -8.184359604071147, 0.0 ] ] ] } },
{ "type": "Feature", "properties": { "FID_Garis_": 1740, "OBJECTID": 31967, "NAMOBJ": "Garis Pantai", "FCODE": "DB02080140", "REMARK": null, "METADATA": null, "SRS_ID": "4326", "DTMVER": 2, "ELEVAS": 0.0, "KARGPN": 6, "TIPGPN": 4, "KODGPN": null, "THNSBDATA": "2025", "SBDATA": 6, "SKL": 6, "THNPBL": "2025", "KET": null, "SHAPE_Leng": 0.00034449293, "FID_Batas_": 17064, "OBJECTID_1": 18664.0, "NAMOBJ_1": "Purwodadi", "FCODE_1": "BA03070040", "REMARK_1": null, "METADATA_1": "TASWIL1000020221227_DATA_BATAS_DESAKELURAHAN", "SRS_ID_1": "4326", "KDBBPS": null, "KDCBPS": null, "KDCPUM": "34.03.07", "KDEBPS": null, "KDEPUM": "34.03.07.2005", "KDPBPS": null, "KDPKAB": "34.03", "KDPPUM": "34", "LUASWH": 0.0, "TIPADM": 1.0, "WADMKC": "Tepus", "WADMKD": "Purwodadi", "WADMKK": "Gunungkidul", "WADMPR": "Daerah Istimewa Yogyakarta", "WIADKC": null, "WIADKK": null, "WIADPR": null, "WIADKD": null, "UUPP": "Data dari Pemerintah Daerah", "LUAS": 21.90660263 }, "geometry": { "type": "MultiLineString", "coordinates": [ [ [ 110.676621298200359, -8.185457135016652, 0.0 ], [ 110.676622345000069, -8.18544457499998, 0.0 ], [ 110.676660416000018, -8.185382708999924, 0.0 ], [ 110.6766665558808, -8.18536275496319, 0.0 ] ] ] } },
{ "type": "Feature", "properties": { "FID_Garis_": 1741, "OBJECTID": 31968, "NAMOBJ": "Garis Pantai", "FCODE": "DB02080140", "REMARK": null, "METADATA": null, "SRS_ID": "4326", "DTMVER": 2, "ELEVAS": 0.0, "KARGPN": 6, "TIPGPN": 4, "KODGPN": null, "THNSBDATA": "2025", "SBDATA": 6, "SKL": 6, "THNPBL": "2025", "KET": null, "SHAPE_Leng": 0.00029247716, "FID_Batas_": 17064, "OBJECTID_1": 18664.0, "NAMOBJ_1": "Purwodadi", "FCODE_1": "BA03070040", "REMARK_1": null, "METADATA_1": "TASWIL1000020221227_DATA_BATAS_DESAKELURAHAN", "SRS_ID_1": "4326", "KDBBPS": null, "KDCBPS": null, "KDCPUM": "34.03.07", "KDEBPS": null, "KDEPUM": "34.03.07.2005", "KDPBPS": null, "KDPKAB": "34.03", "KDPPUM": "34", "LUASWH": 0.0, "TIPADM": 1.0, "WADMKC": "Tepus", "WADMKD": "Purwodadi", "WADMKK": "Gunungkidul", "WADMPR": "Daerah Istimewa Yogyakarta", "WIADKC": null, "WIADKK": null, "WIADPR": null, "WIADKD": null, "UUPP": "Data dari Pemerintah Daerah", "LUAS": 21.90660263 }, "geometry": { "type": "MultiLineString", "coordinates": [ [ [ 110.679657773963726, -8.187460719254371, 0.0 ], [ 110.679635932000011, -8.187457599, 0.0 ], [ 110.679621061000034, -8.187433804, 0.0 ], [ 110.67960618900004, -8.187398111999968, 0.0 ], [ 110.67960618900004, -8.187377291999933, 0.0 ], [ 110.679627009000072, -8.187356471999987, 0.0 ], [ 110.679643167033305, -8.187353240166075, 0.0 ] ] ] } },
{ "type": "Feature", "properties": { "FID_Garis_": 1743, "OBJECTID": 31970, "NAMOBJ": "Garis Pantai", "FCODE": "DB02080140", "REMARK": null, "METADATA": null, "SRS_ID": "4326", "DTMVER": 5, "ELEVAS": 0.0, "KARGPN": 5, "TIPGPN": 4, "KODGPN": null, "THNSBDATA": "2025", "SBDATA": 6, "SKL": 6, "THNPBL": "2025", "KET": null, "SHAPE_Leng": 0.01657910309, "FID_Batas_": 4424, "OBJECTID_1": 3854.0, "NAMOBJ_1": "Jangkaran", "FCODE_1": "BA03070040", "REMARK_1": null, "METADATA_1": "TASWIL1000020221227_DATA_BATAS_DESAKELURAHAN", "SRS_ID_1": "4326", "KDBBPS": null, "KDCBPS": null, "KDCPUM": "34.01.01", "KDEBPS": null, "KDEPUM": "34.01.01.2001", "KDPBPS": null, "KDPKAB": "34.01", "KDPPUM": "34", "LUASWH": 0.0, "TIPADM": 1.0, "WADMKC": "Temon", "WADMKD": "Jangkaran", "WADMKK": "Kulon Progo", "WADMPR": "Daerah Istimewa Yogyakarta", "WIADKC": null, "WIADKK": null, "WIADPR": null, "WIADKD": null, "UUPP": "Data dari Pemerintah Daerah", "LUAS": 3.51076564 }, "geometry": { "type": "MultiLineString", "coordinates": [ [ [ 110.02387946000006, -7.896549784999908, 0.0 ], [ 110.023863784000099, -7.896542361999916, 0.0 ], [ 110.023825048000077, -7.89652345199995, 0.0 ], [ 110.023809383000028, -7.896516354999984, 0.0 ], [ 110.023801441000089, -7.89651308699998, 0.0 ], [ 110.02379341300005, -7.896510078999909, 0.0 ], [ 110.023785303000082, -7.896507280999944, 0.0 ], [ 110.023768917000055, -7.89650210799996, 0.0 ], [ 110.023744116000046, -7.896494914999987, 0.0 ], [ 110.023669376000086, -7.896474175999958, 0.0 ], [ 110.023644516000076, -7.896467088, 0.0 ], [ 110.023628007000042, -7.896462154999941, 0.0 ], [ 110.023602741000076, -7.896454067999982, 0.0 ], [ 110.023560852000074, -7.896439897999964, 0.0 ], [ 110.023544163000025, -7.896434043999924, 0.0 ], [ 110.023527547000072, -7.896427998999957, 0.0 ], [ 110.023511621000083, -7.896421847999892, 0.0 ], [ 110.023465949000041, -7.896403033999934, 0.0 ], [ 110.023450663000105, -7.896396966999965, 0.0 ], [ 110.023435222000074, -7.896391360999945, 0.0 ], [ 110.023426849000089, -7.896388647999987, 0.0 ], [ 110.023418415, -7.896386113999955, 0.0 ], [ 110.023409937000025, -7.896383713999934, 0.0 ], [ 110.023392889000036, -7.896379193, 0.0 ], [ 110.023375762000029, -7.896374931999918, 0.0 ], [ 110.023358574000042, -7.896370895999939, 0.0 ], [ 110.023342379000027, -7.896367363, 0.0 ], [ 110.023327198000104, -7.896364257999923, 0.0 ], [ 110.023245451, -7.896348003, 0.0 ], [ 110.023229899000043, -7.896344484999886, 0.0 ], [ 110.023222213000025, -7.896342422999981, 0.0 ], [ 110.023213726000037, -7.896339794999942, 0.0 ], [ 110.023205321000063, -7.896336883999967, 0.0 ], [ 110.023188673, -7.896330501999972, 0.0 ], [ 110.023172147000068, -7.896323690999941, 0.0 ], [ 110.023122733000065, -7.896302623999886, 0.0 ], [ 110.023097866000043, -7.896292510999937, 0.0 ], [ 110.023089501000072, -7.896289346999942, 0.0 ], [ 110.023073619000087, -7.896283791000015, 0.0 ], [ 110.023049572000048, -7.896276088, 0.0 ], [ 110.023033454000043, -7.896271214999952, 0.0 ], [ 110.02301727800004, -7.89626654099992, 0.0 ] ] ] } },
{ "type": "Feature", "properties": { "FID_Garis_": 2261, "OBJECTID": 32488, "NAMOBJ": "Garis Pantai", "FCODE": "DB02080140", "REMARK": null, "METADATA": null, "SRS_ID": "4326", "DTMVER": 2, "ELEVAS": 0.0, "KARGPN": 5, "TIPGPN": 4, "KODGPN": null, "THNSBDATA": "2025", "SBDATA": 6, "SKL": 6, "THNPBL": "2025", "KET": null, "SHAPE_Leng": 0.03169787198, "FID_Batas_": 4482, "OBJECTID_1": 3912.0, "NAMOBJ_1": "Parangtritis", "FCODE_1": "BA03070040", "REMARK_1": "Wilayah Administrasi Kelurahan/Desa", "METADATA_1": "TASWIL1000020221227_DATA_BATAS_DESAKELURAHAN", "SRS_ID_1": "4326", "KDBBPS": null, "KDCBPS": null, "KDCPUM": "34.02.03", "KDEBPS": null, "KDEPUM": "34.02.03.2002", "KDPBPS": null, "KDPKAB": "34.02", "KDPPUM": "34", "LUASWH": 0.0, "TIPADM": 1.0, "WADMKC": "Kretek", "WADMKD": "Parangtritis", "WADMKK": "Bantul", "WADMPR": "Daerah Istimewa Yogyakarta", "WIADKC": null, "WIADKK": null, "WIADPR": null, "WIADKD": null, "UUPP": "Data RBI Skala 1:25.000", "LUAS": 10.99531382 }, "geometry": { "type": "MultiLineString", "coordinates": [ [ [ 110.334526689783857, -8.026270732673559, 0.0 ], [ 110.334464294000028, -8.026251485999971, 0.0 ], [ 110.334224324000076, -8.026174517, 0.0 ], [ 110.334140341000051, -8.026143269999988, 0.0 ], [ 110.334039618000062, -8.026071312999896, 0.0 ], [ 110.333901641967515, -8.026023227093084, 0.0 ] ] ] } },
{ "type": "Feature", "properties": { "FID_Garis_": 2264, "OBJECTID": 32491, "NAMOBJ": "Garis Pantai", "FCODE": "DB02080140", "REMARK": null, "METADATA": null, "SRS_ID": "4326", "DTMVER": 5, "ELEVAS": 0.0, "KARGPN": 5, "TIPGPN": 4, "KODGPN": null, "THNSBDATA": "2025", "SBDATA": 6, "SKL": 6, "THNPBL": "2025", "KET": null, "SHAPE_Leng": 0.00497045203, "FID_Batas_": 4547, "OBJECTID_1": 3977.0, "NAMOBJ_1": "Tirtohargo", "FCODE_1": "BA03070040", "REMARK_1": "Wilayah Administrasi Kelurahan/Desa", "METADATA_1": "TASWIL1000020221227_DATA_BATAS_DESAKELURAHAN", "SRS_ID_1": "4326", "KDBBPS": null, "KDCBPS": null, "KDCPUM": "34.02.03", "KDEBPS": null, "KDEPUM": "34.02.03.2005", "KDPBPS": null, "KDPKAB": "34.02", "KDPPUM": "34", "LUASWH": 0.0, "TIPADM": 1.0, "WADMKC": "Kretek", "WADMKD": "Tirtohargo", "WADMKK": "Bantul", "WADMPR": "Daerah Istimewa Yogyakarta", "WIADKC": null, "WIADKK": null, "WIADPR": null, "WIADKD": null, "UUPP": "Data RBI Skala 1:25.000", "LUAS": 3.87471994 }, "geometry": { "type": "MultiLineString", "coordinates": [ [ [ 110.277399675000126, -8.009625909999976, 0.0 ], [ 110.277362082000124, -8.009614569999925, 0.0 ], [ 110.277346119000043, -8.009609448999946, 0.0 ], [ 110.277329256000073, -8.009603661, 0.0 ], [ 110.277287047000044, -8.0095884959999, 0.0 ], [ 110.277270049000066, -8.009582701999953, 0.0 ], [ 110.277262605000061, -8.009580334999935, 0.0 ], [ 110.277240132000074, -8.009573685, 0.0 ], [ 110.277201384000065, -8.009563025999924, 0.0 ], [ 110.277185288000055, -8.009558457, 0.0 ], [ 110.277169263000076, -8.009553398999927, 0.0 ], [ 110.277137322, -8.009542504, 0.0 ], [ 110.277129293000044, -8.009539978999971, 0.0 ], [ 110.277121206000089, -8.009537674999958, 0.0 ], [ 110.277113008000029, -8.009535638999967, 0.0 ], [ 110.277104752000056, -8.009533819, 0.0 ] ] ] } },
{ "type": "Feature", "properties": { "FID_Garis_": 2267, "OBJECTID": 32494, "NAMOBJ": "Garis Pantai", "FCODE": "DB02080140", "REMARK": null, "METADATA": null, "SRS_ID": "4326", "DTMVER": 5, "ELEVAS": 0.0, "KARGPN": 5, "TIPGPN": 4, "KODGPN": null, "THNSBDATA": "2025", "SBDATA": 6, "SKL": 6, "THNPBL": "2025", "KET": null, "SHAPE_Leng": 0.00153137727, "FID_Batas_": 4522, "OBJECTID_1": 3952.0, "NAMOBJ_1": "Srigading", "FCODE_1": "BA03070040", "REMARK_1": "Wilayah Administrasi Kelurahan/Desa", "METADATA_1": "TASWIL1000020221227_DATA_BATAS_DESAKELURAHAN", "SRS_ID_1": "4326", "KDBBPS": null, "KDCBPS": null, "KDCPUM": "34.02.02", "KDEBPS": null, "KDEPUM": "34.02.02.2003", "KDPBPS": null, "KDPKAB": "34.02", "KDPPUM": "34", "LUASWH": 0.0, "TIPADM": 1.0, "WADMKC": "Sanden", "WADMKD": "Srigading", "WADMKK": "Bantul", "WADMPR": "Daerah Istimewa Yogyakarta", "WIADKC": null, "WIADKK": null, "WIADPR": null, "WIADKD": null, "UUPP": "Data RBI Skala 1:25.000", "LUAS": 7.69571896 }, "geometry": { "type": "MultiLineString", "coordinates": [ [ [ 110.266904410000024, -8.005850874, 0.0 ], [ 110.266877678000043, -8.00583259, 0.0 ], [ 110.266871106000025, -8.005827889999964, 0.0 ], [ 110.266864933000051, -8.005823235999934, 0.0 ], [ 110.26684667400005, -8.005808973999908, 0.0 ] ] ] } },
{ "type": "Feature", "properties": { "FID_Garis_": 2273, "OBJECTID": 32500, "NAMOBJ": "Garis Pantai", "FCODE": "DB02080140", "REMARK": null, "METADATA": null, "SRS_ID": "4326", "DTMVER": 5, "ELEVAS": 0.0, "KARGPN": 5, "TIPGPN": 4, "KODGPN": null, "THNSBDATA": "2025", "SBDATA": 6, "SKL": 6, "THNPBL": "2025", "KET": null, "SHAPE_Leng": 0.03018338881, "FID_Batas_": 4437, "OBJECTID_1": 3867.0, "NAMOBJ_1": "Karangsewu", "FCODE_1": "BA03070040", "REMARK_1": null, "METADATA_1": "TASWIL1000020221227_DATA_BATAS_DESAKELURAHAN", "SRS_ID_1": "4326", "KDBBPS": null, "KDCBPS": null, "KDCPUM": "34.01.04", "KDEBPS": null, "KDEPUM": "34.01.04.2004", "KDPBPS": null, "KDPKAB": "34.01", "KDPPUM": "34", "LUASWH": 0.0, "TIPADM": 1.0, "WADMKC": "Galur", "WADMKD": "Karangsewu", "WADMKK": "Kulon Progo", "WADMPR": "Daerah Istimewa Yogyakarta", "WIADKC": null, "WIADKK": null, "WIADPR": null, "WIADKD": null, "UUPP": "Data dari Pemerintah Daerah", "LUAS": 9.18706127 }, "geometry": { "type": "MultiLineString", "coordinates": [ [ [ 110.182444204000035, -7.967094382999952, 0.0 ], [ 110.182436808000048, -7.967089853999933, 0.0 ] ] ] } },
{ "type": "Feature", "properties": { "FID_Garis_": 2275, "OBJECTID": 32502, "NAMOBJ": "Garis Pantai", "FCODE": "DB02080140", "REMARK": null, "METADATA": null, "SRS_ID": "4326", "DTMVER": 5, "ELEVAS": 0.0, "KARGPN": 5, "TIPGPN": 4, "KODGPN": null, "THNSBDATA": "2025", "SBDATA": 6, "SKL": 6, "THNPBL": "2025", "KET": null, "SHAPE_Leng": 0.02454206569, "FID_Batas_": 4437, "OBJECTID_1": 3867.0, "NAMOBJ_1": "Karangsewu", "FCODE_1": "BA03070040", "REMARK_1": null, "METADATA_1": "TASWIL1000020221227_DATA_BATAS_DESAKELURAHAN", "SRS_ID_1": "4326", "KDBBPS": null, "KDCBPS": null, "KDCPUM": "34.01.04", "KDEBPS": null, "KDEPUM": "34.01.04.2004", "KDPBPS": null, "KDPKAB": "34.01", "KDPPUM": "34", "LUASWH": 0.0, "TIPADM": 1.0, "WADMKC": "Galur", "WADMKD": "Karangsewu", "WADMKK": "Kulon Progo", "WADMPR": "Daerah Istimewa Yogyakarta", "WIADKC": null, "WIADKK": null, "WIADPR": null, "WIADKD": null, "UUPP": "Data dari Pemerintah Daerah", "LUAS": 9.18706127 }, "geometry": { "type": "MultiLineString", "coordinates": [ [ [ 110.17000543051752, -7.959979446619093, 0.0 ], [ 110.170001347, -7.959976549999971, 0.0 ] ], [ [ 110.171815222000063, -7.960968415999971, 0.0 ], [ 110.171801541, -7.960959521999945, 0.0 ] ], [ [ 110.173773975000046, -7.962028798999955, 0.0 ], [ 110.17376627400003, -7.962025082999914, 0.0 ] ], [ [ 110.175913078000107, -7.963304631, 0.0 ], [ 110.1759055630001, -7.963301107999977, 0.0 ], [ 110.175890269, -7.963294496999963, 0.0 ], [ 110.175851502000071, -7.963278747999904, 0.0 ], [ 110.175836109000045, -7.963272149999979, 0.0 ], [ 110.175820487000081, -7.963264848999908, 0.0 ], [ 110.175805065000048, -7.963257134999892, 0.0 ], [ 110.175789827000031, -7.963249076999936, 0.0 ], [ 110.175782290000114, -7.963244904999946, 0.0 ], [ 110.175767453000049, -7.963236173999934, 0.0 ], [ 110.175753207000113, -7.963226962999971, 0.0 ], [ 110.175725031000084, -7.963208064999917, 0.0 ], [ 110.175717881000111, -7.963203525999986, 0.0 ], [ 110.175710622000054, -7.963199173999981, 0.0 ], [ 110.175703447000075, -7.963195175999917, 0.0 ], [ 110.17568880200011, -7.963187681999918, 0.0 ], [ 110.175651554000041, -7.963170028999968, 0.0 ], [ 110.175636820000079, -7.963162700999894, 0.0 ], [ 110.175629588, -7.963158817999928, 0.0 ], [ 110.175622497000035, -7.963154709999944, 0.0 ], [ 110.17561571600001, -7.963150411999943, 0.0 ], [ 110.175609088000087, -7.963145878000012, 0.0 ], [ 110.175602592000075, -7.963141150999976, 0.0 ], [ 110.175596218000095, -7.963136257999927, 0.0 ], [ 110.175589968000011, -7.963131210999953, 0.0 ], [ 110.175583853000035, -7.963126009999967, 0.0 ], [ 110.175577897000082, -7.963120640999967, 0.0 ], [ 110.175572137000046, -7.963115076999951, 0.0 ], [ 110.175566623000037, -7.963109276999915, 0.0 ], [ 110.175561091000105, -7.963102832999915, 0.0 ], [ 110.175555821000032, -7.963096144999983, 0.0 ], [ 110.175550740000062, -7.963089284999948, 0.0 ], [ 110.17552663100011, -7.963054562999917, 0.0 ], [ 110.17552173600005, -7.963047864999985, 0.0 ], [ 110.175516684000087, -7.963041380999893, 0.0 ], [ 110.175511402, -7.963035207, 0.0 ], [ 110.175505797000071, -7.963029460999972, 0.0 ], [ 110.175499751000103, -7.963024296999989, 0.0 ], [ 110.175493124000084, -7.963019806999973, 0.0 ], [ 110.175486049000114, -7.963015907999917, 0.0 ], [ 110.17547864200013, -7.963012445999897, 0.0 ], [ 110.175470993000033, -7.963009301999903, 0.0 ], [ 110.175463171, -7.963006383999928, 0.0 ], [ 110.17545522900005, -7.963003621999966, 0.0 ], [ 110.175414907000089, -7.962990502999946, 0.0 ], [ 110.175398962000116, -7.962984858000012, 0.0 ], [ 110.175391137000076, -7.962981763999934, 0.0 ], [ 110.175383464000078, -7.962978393999921, 0.0 ], [ 110.175375994000078, -7.962974650999967, 0.0 ], [ 110.175368973000019, -7.962970584999897, 0.0 ], [ 110.175362143000086, -7.962966168999976, 0.0 ], [ 110.175355451000058, -7.962961496999944, 0.0 ], [ 110.175342321000045, -7.962951671999931, 0.0 ], [ 110.175316218, -7.962931538999952, 0.0 ], [ 110.17530931400006, -7.962926458999976, 0.0 ], [ 110.175295305000063, -7.962916568999957, 0.0 ], [ 110.17528107900003, -7.962906989999964, 0.0 ], [ 110.17527388700006, -7.962902323999933, 0.0 ], [ 110.175259304000093, -7.962893318999899, 0.0 ], [ 110.175251669, -7.962888900999888, 0.0 ], [ 110.175243958000067, -7.962884610999978, 0.0 ], [ 110.175228376000035, -7.962876316999913, 0.0 ], [ 110.175212640000055, -7.962868319999962, 0.0 ], [ 110.175196764000077, -7.962860630999947, 0.0 ], [ 110.175180706000077, -7.96285338799997, 0.0 ], [ 110.17514904600003, -7.962840443999965, 0.0 ], [ 110.1751412240001, -7.962837088999954, 0.0 ], [ 110.175133519000084, -7.962833531999926, 0.0 ], [ 110.175125982000083, -7.962829675999962, 0.0 ], [ 110.175118585000092, -7.962825411999964, 0.0 ], [ 110.175111346000023, -7.962820858999943, 0.0 ], [ 110.175089958000029, -7.962806575999916, 0.0 ], [ 110.175082747000062, -7.962801941999976, 0.0 ], [ 110.175075395000079, -7.962797546999968, 0.0 ], [ 110.175067681000058, -7.96279338599989, 0.0 ], [ 110.175059802000106, -7.962789506000013, 0.0 ], [ 110.17505180600007, -7.962785825999975, 0.0 ], [ 110.175019328000047, -7.96277193299998, 0.0 ], [ 110.175003191000044, -7.962764782999922, 0.0 ], [ 110.174995259000099, -7.962760962999961, 0.0 ], [ 110.174987473000073, -7.962756875999978, 0.0 ], [ 110.174979827000072, -7.962752431999966, 0.0 ], [ 110.174972332000067, -7.962747713999931, 0.0 ], [ 110.174964944000081, -7.962742800999968, 0.0 ], [ 110.174950361000029, -7.962732617000014, 0.0 ], [ 110.17490060900009, -7.962697202999926, 0.0 ], [ 110.174886704000087, -7.962687137999981, 0.0 ], [ 110.174873553000069, -7.96267722499996, 0.0 ], [ 110.174833917000072, -7.962646602999913, 0.0 ], [ 110.174812510000081, -7.962630782999937, 0.0 ], [ 110.174797969000025, -7.962620781999909, 0.0 ] ], [ [ 110.180031814000102, -7.965596122999975, 0.0 ], [ 110.180025150000077, -7.965590777999977, 0.0 ], [ 110.180018325000049, -7.965585733999915, 0.0 ], [ 110.180011289000078, -7.965581096999887, 0.0 ], [ 110.180003972000094, -7.965577008, 0.0 ], [ 110.179996553000109, -7.965573673999894, 0.0 ], [ 110.179988873000099, -7.965570851999927, 0.0 ], [ 110.179981002000062, -7.965568404, 0.0 ], [ 110.17997299400011, -7.965566220999988, 0.0 ], [ 110.179964893000061, -7.965564216, 0.0 ], [ 110.179958702058883, -7.965562799743021, 0.0 ] ] ] } },
{ "type": "Feature", "properties": { "FID_Garis_": 2279, "OBJECTID": 32506, "NAMOBJ": "Garis Pantai", "FCODE": "DB02080140", "REMARK": null, "METADATA": null, "SRS_ID": "4326", "DTMVER": 5, "ELEVAS": 0.0, "KARGPN": 3, "TIPGPN": 4, "KODGPN": null, "THNSBDATA": "2025", "SBDATA": 6, "SKL": 6, "THNPBL": "2025", "KET": null, "SHAPE_Leng": 0.00482150589, "FID_Batas_": 4442, "OBJECTID_1": 3872.0, "NAMOBJ_1": "Karangwuni", "FCODE_1": "BA03070040", "REMARK_1": null, "METADATA_1": "TASWIL1000020221227_DATA_BATAS_DESAKELURAHAN", "SRS_ID_1": "4326", "KDBBPS": null, "KDCBPS": null, "KDCPUM": "34.01.02", "KDEBPS": null, "KDEPUM": "34.01.02.2001", "KDPBPS": null, "KDPKAB": "34.01", "KDPPUM": "34", "LUASWH": 0.0, "TIPADM": 1.0, "WADMKC": "Wates", "WADMKD": "Karangwuni", "WADMKK": "Kulon Progo", "WADMPR": "Daerah Istimewa Yogyakarta", "WIADKC": null, "WIADKK": null, "WIADPR": null, "WIADKD": null, "UUPP": "Data dari Pemerintah Daerah", "LUAS": 7.16034617 }, "geometry": { "type": "MultiLineString", "coordinates": [ [ [ 110.077416451000033, -7.917794671999924, 0.0 ], [ 110.077413084000014, -7.917708180999962, 0.0 ], [ 110.077412597000063, -7.917690886999952, 0.0 ], [ 110.077412405000047, -7.917673596999943, 0.0 ], [ 110.077412768000073, -7.91765602299991, 0.0 ], [ 110.077413187000019, -7.91764709299997, 0.0 ], [ 110.077414330000025, -7.917629239999914, 0.0 ] ] ] } },
{ "type": "Feature", "properties": { "FID_Garis_": 2640, "OBJECTID": 32868, "NAMOBJ": "Garis Pantai", "FCODE": "DB02080140", "REMARK": null, "METADATA": null, "SRS_ID": "4326", "DTMVER": 2, "ELEVAS": 0.0, "KARGPN": 6, "TIPGPN": 4, "KODGPN": null, "THNSBDATA": "2019", "SBDATA": 6, "SKL": 6, "THNPBL": "2025", "KET": null, "SHAPE_Leng": 0.00173219131, "FID_Batas_": 17064, "OBJECTID_1": 18664.0, "NAMOBJ_1": "Purwodadi", "FCODE_1": "BA03070040", "REMARK_1": null, "METADATA_1": "TASWIL1000020221227_DATA_BATAS_DESAKELURAHAN", "SRS_ID_1": "4326", "KDBBPS": null, "KDCBPS": null, "KDCPUM": "34.03.07", "KDEBPS": null, "KDEPUM": "34.03.07.2005", "KDPBPS": null, "KDPKAB": "34.03", "KDPPUM": "34", "LUASWH": 0.0, "TIPADM": 1.0, "WADMKC": "Tepus", "WADMKD": "Purwodadi", "WADMKK": "Gunungkidul", "WADMPR": "Daerah Istimewa Yogyakarta", "WIADKC": null, "WIADKK": null, "WIADPR": null, "WIADKD": null, "UUPP": "Data dari Pemerintah Daerah", "LUAS": 21.90660263 }, "geometry": { "type": "MultiLineString", "coordinates": [ [ [ 110.662658615791145, -8.177445502895466, 0.0 ], [ 110.662667242000055, -8.17742824999991, 0.0 ], [ 110.662650586000012, -8.17737590199993, 0.0 ], [ 110.662591100000057, -8.177318795, 0.0 ], [ 110.662552865000094, -8.177272121999959, 0.0 ], [ 110.662517336000079, -8.177225995999962, 0.0 ], [ 110.662499268944401, -8.177217657120686, 0.0 ] ], [ [ 110.662260733876082, -8.177415651931454, 0.0 ], [ 110.662248499000043, -8.1774377899999, 0.0 ], [ 110.662276999000085, -8.177510164999937, 0.0 ], [ 110.662309651000044, -8.177607073999962, 0.0 ], [ 110.662339399059078, -8.177622542886578, 0.0 ] ], [ [ 110.662723187021015, -8.17765687801483, 0.0 ], [ 110.662724987266046, -8.177654357189947, 0.0 ] ], [ [ 110.662629568000042, -8.177680869999939, 0.0 ], [ 110.662674182988454, -8.177671946942269, 0.0 ] ] ] } },
{ "type": "Feature", "properties": { "FID_Garis_": 2641, "OBJECTID": 32869, "NAMOBJ": "Garis Pantai", "FCODE": "DB02080140", "REMARK": null, "METADATA": null, "SRS_ID": "4326", "DTMVER": 2, "ELEVAS": 0.0, "KARGPN": 6, "TIPGPN": 4, "KODGPN": null, "THNSBDATA": "2020", "SBDATA": 6, "SKL": 6, "THNPBL": "2025", "KET": null, "SHAPE_Leng": 0.00294513073, "FID_Batas_": 4577, "OBJECTID_1": 4007.0, "NAMOBJ_1": "Banjarejo", "FCODE_1": "BA03070040", "REMARK_1": null, "METADATA_1": "TASWIL1000020221227_DATA_BATAS_DESAKELURAHAN", "SRS_ID_1": "4326", "KDBBPS": null, "KDCBPS": null, "KDCPUM": "34.03.17", "KDEBPS": null, "KDEPUM": "34.03.17.2004", "KDPBPS": null, "KDPKAB": "34.03", "KDPPUM": "34", "LUASWH": 0.0, "TIPADM": 1.0, "WADMKC": "Tanjungsari", "WADMKD": "Banjarejo", "WADMKK": "Gunungkidul", "WADMPR": "Daerah Istimewa Yogyakarta", "WIADKC": null, "WIADKK": null, "WIADPR": null, "WIADKD": null, "UUPP": "Data dari Pemerintah Daerah", "LUAS": 17.03407882 }, "geometry": { "type": "MultiLineString", "coordinates": [ [ [ 110.577704474999862, -8.138866236888145, 0.0 ], [ 110.577940569000035, -8.138865882962456, 0.0 ] ], [ [ 110.577611588218403, -8.139397143982521, 0.0 ], [ 110.577611113000046, -8.13939120199997, 0.0 ], [ 110.577611113000046, -8.139294833999902, 0.0 ], [ 110.577614682000075, -8.139209172999919, 0.0 ], [ 110.577557575000057, -8.139102096999942, 0.0 ], [ 110.577518314000088, -8.139041420999984, 0.0 ], [ 110.57749689900001, -8.138977176, 0.0 ], [ 110.577504037000068, -8.138927206999949, 0.0 ], [ 110.577552658008884, -8.138890951011781, 0.0 ] ], [ [ 110.578233343000107, -8.138900289999942, 0.0 ], [ 110.57836906200005, -8.138934414999923, 0.0 ], [ 110.578396437, -8.139027039999949, 0.0 ], [ 110.57849627200001, -8.139273418999906, 0.0 ], [ 110.578511735005193, -8.139348156998896, 0.0 ] ], [ [ 110.578503492221671, -8.139409326097038, 0.0 ], [ 110.578484779000036, -8.139452041999942, 0.0 ] ] ] } },
{ "type": "Feature", "properties": { "FID_Garis_": 2648, "OBJECTID": 32876, "NAMOBJ": "Garis Pantai", "FCODE": "DB02080140", "REMARK": null, "METADATA": null, "SRS_ID": "4326", "DTMVER": 2, "ELEVAS": 0.0, "KARGPN": 3, "TIPGPN": 4, "KODGPN": null, "THNSBDATA": "2025", "SBDATA": 6, "SKL": 6, "THNPBL": "2025", "KET": null, "SHAPE_Leng": 0.00883930231, "FID_Batas_": 7391, "OBJECTID_1": 9105.0, "NAMOBJ_1": "Songbanyu", "FCODE_1": "BA03070040", "REMARK_1": null, "METADATA_1": "TASWIL1000020221227_DATA_BATAS_DESAKELURAHAN", "SRS_ID_1": "4326", "KDBBPS": null, "KDCBPS": null, "KDCPUM": "34.03.16", "KDEBPS": null, "KDEPUM": "34.03.16.2008", "KDPBPS": null, "KDPKAB": "34.03", "KDPPUM": "34", "LUASWH": 0.0, "TIPADM": 1.0, "WADMKC": "Girisubo", "WADMKD": "Songbanyu", "WADMKK": "Gunungkidul", "WADMPR": "Daerah Istimewa Yogyakarta", "WIADKC": null, "WIADKK": null, "WIADPR": null, "WIADKD": null, "UUPP": "Data dari Pemerintah Daerah", "LUAS": 15.55045849 }, "geometry": { "type": "MultiLineString", "coordinates": [ [ [ 110.834933547000034, -8.203053695999909, 0.0 ], [ 110.834910017000126, -8.203044792999972, 0.0 ] ] ] } },
{ "type": "Feature", "properties": { "FID_Garis_": 2658, "OBJECTID": 32886, "NAMOBJ": "Garis Pantai", "FCODE": "DB02080140", "REMARK": null, "METADATA": null, "SRS_ID": "4326", "DTMVER": 2, "ELEVAS": 0.0, "KARGPN": 3, "TIPGPN": 4, "KODGPN": null, "THNSBDATA": "2025", "SBDATA": 6, "SKL": 6, "THNPBL": "2025", "KET": null, "SHAPE_Leng": 0.02195607067, "FID_Batas_": 7391, "OBJECTID_1": 9105.0, "NAMOBJ_1": "Songbanyu", "FCODE_1": "BA03070040", "REMARK_1": null, "METADATA_1": "TASWIL1000020221227_DATA_BATAS_DESAKELURAHAN", "SRS_ID_1": "4326", "KDBBPS": null, "KDCBPS": null, "KDCPUM": "34.03.16", "KDEBPS": null, "KDEPUM": "34.03.16.2008", "KDPBPS": null, "KDPKAB": "34.03", "KDPPUM": "34", "LUASWH": 0.0, "TIPADM": 1.0, "WADMKC": "Girisubo", "WADMKD": "Songbanyu", "WADMKK": "Gunungkidul", "WADMPR": "Daerah Istimewa Yogyakarta", "WIADKC": null, "WIADKK": null, "WIADPR": null, "WIADKD": null, "UUPP": "Data dari Pemerintah Daerah", "LUAS": 15.55045849 }, "geometry": { "type": "MultiLineString", "coordinates": [ [ [ 110.801672435931266, -8.197717805199236, 0.0 ], [ 110.801647252989142, -8.197707360026421, 0.0 ] ] ] } },
{ "type": "Feature", "properties": { "FID_Garis_": 2659, "OBJECTID": 32887, "NAMOBJ": "Garis Pantai", "FCODE": "DB02080140", "REMARK": null, "METADATA": null, "SRS_ID": "4326", "DTMVER": 2, "ELEVAS": 0.0, "KARGPN": 999, "TIPGPN": 4, "KODGPN": null, "THNSBDATA": "2025", "SBDATA": 6, "SKL": 6, "THNPBL": "2025", "KET": null, "SHAPE_Leng": 0.00793284459, "FID_Batas_": 7391, "OBJECTID_1": 9105.0, "NAMOBJ_1": "Songbanyu", "FCODE_1": "BA03070040", "REMARK_1": null, "METADATA_1": "TASWIL1000020221227_DATA_BATAS_DESAKELURAHAN", "SRS_ID_1": "4326", "KDBBPS": null, "KDCBPS": null, "KDCPUM": "34.03.16", "KDEBPS": null, "KDEPUM": "34.03.16.2008", "KDPBPS": null, "KDPKAB": "34.03", "KDPPUM": "34", "LUASWH": 0.0, "TIPADM": 1.0, "WADMKC": "Girisubo", "WADMKD": "Songbanyu", "WADMKK": "Gunungkidul", "WADMPR": "Daerah Istimewa Yogyakarta", "WIADKC": null, "WIADKK": null, "WIADPR": null, "WIADKD": null, "UUPP": "Data dari Pemerintah Daerah", "LUAS": 15.55045849 }, "geometry": { "type": "MultiLineString", "coordinates": [ [ [ 110.798431734000104, -8.191925341999919, 0.0 ], [ 110.798400521847697, -8.191897086168289, 0.0 ] ] ] } },
{ "type": "Feature", "properties": { "FID_Garis_": 2665, "OBJECTID": 32893, "NAMOBJ": "Garis Pantai", "FCODE": "DB02080140", "REMARK": null, "METADATA": null, "SRS_ID": "4326", "DTMVER": 2, "ELEVAS": 0.0, "KARGPN": 3, "TIPGPN": 4, "KODGPN": null, "THNSBDATA": "2025", "SBDATA": 6, "SKL": 6, "THNPBL": "2025", "KET": null, "SHAPE_Leng": 0.01311910503, "FID_Batas_": 7384, "OBJECTID_1": 9098.0, "NAMOBJ_1": "Pucung", "FCODE_1": "BA03070040", "REMARK_1": null, "METADATA_1": "TASWIL1000020221227_DATA_BATAS_DESAKELURAHAN", "SRS_ID_1": "4326", "KDBBPS": null, "KDCBPS": null, "KDCPUM": "34.03.16", "KDEBPS": null, "KDEPUM": "34.03.16.2007", "KDPBPS": null, "KDPKAB": "34.03", "KDPPUM": "34", "LUASWH": 0.0, "TIPADM": 1.0, "WADMKC": "Girisubo", "WADMKD": "Pucung", "WADMKK": "Gunungkidul", "WADMPR": "Daerah Istimewa Yogyakarta", "WIADKC": null, "WIADKK": null, "WIADPR": null, "WIADKD": null, "UUPP": "Data dari Pemerintah Daerah", "LUAS": 14.29935652 }, "geometry": { "type": "MultiLineString", "coordinates": [ [ [ 110.789900711000087, -8.193354786999976, 0.0 ], [ 110.789833438000116, -8.193382513999961, 0.0 ] ] ] } },
{ "type": "Feature", "properties": { "FID_Garis_": 2669, "OBJECTID": 32897, "NAMOBJ": "Garis Pantai", "FCODE": "DB02080140", "REMARK": null, "METADATA": null, "SRS_ID": "4326", "DTMVER": 2, "ELEVAS": 0.0, "KARGPN": 3, "TIPGPN": 4, "KODGPN": null, "THNSBDATA": "2025", "SBDATA": 6, "SKL": 6, "THNPBL": "2025", "KET": null, "SHAPE_Leng": 0.04619280258, "FID_Batas_": 7395, "OBJECTID_1": 9109.0, "NAMOBJ_1": "Tileng", "FCODE_1": "BA03070040", "REMARK_1": null, "METADATA_1": "TASWIL1000020221227_DATA_BATAS_DESAKELURAHAN", "SRS_ID_1": "4326", "KDBBPS": null, "KDCBPS": null, "KDCPUM": "34.03.16", "KDEBPS": null, "KDEPUM": "34.03.16.2006", "KDPBPS": null, "KDPKAB": "34.03", "KDPPUM": "34", "LUASWH": 0.0, "TIPADM": 1.0, "WADMKC": "Girisubo", "WADMKD": "Tileng", "WADMKK": "Gunungkidul", "WADMPR": "Daerah Istimewa Yogyakarta", "WIADKC": null, "WIADKK": null, "WIADPR": null, "WIADKD": null, "UUPP": "Data dari Pemerintah Daerah", "LUAS": 16.81625767 }, "geometry": { "type": "MultiLineString", "coordinates": [ [ [ 110.737566464034884, -8.192437108872976, 0.0 ], [ 110.737508949000102, -8.192421368999927, 0.0 ], [ 110.73746485400099, -8.192419401981024, 0.0 ] ], [ [ 110.731042452953744, -8.192889535937056, 0.0 ], [ 110.730984570000103, -8.192932101999908, 0.0 ] ], [ [ 110.730424563845148, -8.193535810956156, 0.0 ], [ 110.730417257000056, -8.193561628999948, 0.0 ] ] ] } },
{ "type": "Feature", "properties": { "FID_Garis_": 2673, "OBJECTID": 32901, "NAMOBJ": "Garis Pantai", "FCODE": "DB02080140", "REMARK": null, "METADATA": null, "SRS_ID": "4326", "DTMVER": 2, "ELEVAS": 0.0, "KARGPN": 3, "TIPGPN": 4, "KODGPN": null, "THNSBDATA": "2025", "SBDATA": 6, "SKL": 6, "THNPBL": "2025", "KET": null, "SHAPE_Leng": 0.03749910972, "FID_Batas_": 7384, "OBJECTID_1": 9098.0, "NAMOBJ_1": "Pucung", "FCODE_1": "BA03070040", "REMARK_1": null, "METADATA_1": "TASWIL1000020221227_DATA_BATAS_DESAKELURAHAN", "SRS_ID_1": "4326", "KDBBPS": null, "KDCBPS": null, "KDCPUM": "34.03.16", "KDEBPS": null, "KDEPUM": "34.03.16.2007", "KDPBPS": null, "KDPKAB": "34.03", "KDPPUM": "34", "LUASWH": 0.0, "TIPADM": 1.0, "WADMKC": "Girisubo", "WADMKD": "Pucung", "WADMKK": "Gunungkidul", "WADMPR": "Daerah Istimewa Yogyakarta", "WIADKC": null, "WIADKK": null, "WIADPR": null, "WIADKD": null, "UUPP": "Data dari Pemerintah Daerah", "LUAS": 14.29935652 }, "geometry": { "type": "MultiLineString", "coordinates": [ [ [ 110.783919691000023, -8.194796204999957, 0.0 ], [ 110.783896552920112, -8.194784663160117, 0.0 ] ], [ [ 110.767071713000092, -8.195887731999942, 0.0 ], [ 110.767044709051333, -8.195895786171583, 0.0 ] ], [ [ 110.770032959000062, -8.196000478999945, 0.0 ], [ 110.769983953557784, -8.19600236545547, 0.0 ] ], [ [ 110.769907078937237, -8.196018595877899, 0.0 ], [ 110.769879206000041, -8.196032939999967, 0.0 ], [ 110.769805442106019, -8.196066572232343, 0.0 ] ], [ [ 110.768354082861151, -8.196496360206531, 0.0 ], [ 110.768312783000013, -8.196468574999951, 0.0 ], [ 110.768249410000095, -8.196393867999987, 0.0 ], [ 110.768199502000058, -8.196298108999969, 0.0 ], [ 110.768168780000096, -8.196255969999946, 0.0 ] ], [ [ 110.773681771900684, -8.19663103738101, 0.0 ], [ 110.773647297000053, -8.196613284999934, 0.0 ] ] ] } },
{ "type": "Feature", "properties": { "FID_Garis_": 2673, "OBJECTID": 32901, "NAMOBJ": "Garis Pantai", "FCODE": "DB02080140", "REMARK": null, "METADATA": null, "SRS_ID": "4326", "DTMVER": 2, "ELEVAS": 0.0, "KARGPN": 3, "TIPGPN": 4, "KODGPN": null, "THNSBDATA": "2025", "SBDATA": 6, "SKL": 6, "THNPBL": "2025", "KET": null, "SHAPE_Leng": 0.03749910972, "FID_Batas_": 7395, "OBJECTID_1": 9109.0, "NAMOBJ_1": "Tileng", "FCODE_1": "BA03070040", "REMARK_1": null, "METADATA_1": "TASWIL1000020221227_DATA_BATAS_DESAKELURAHAN", "SRS_ID_1": "4326", "KDBBPS": null, "KDCBPS": null, "KDCPUM": "34.03.16", "KDEBPS": null, "KDEPUM": "34.03.16.2006", "KDPBPS": null, "KDPKAB": "34.03", "KDPPUM": "34", "LUASWH": 0.0, "TIPADM": 1.0, "WADMKC": "Girisubo", "WADMKD": "Tileng", "WADMKK": "Gunungkidul", "WADMPR": "Daerah Istimewa Yogyakarta", "WIADKC": null, "WIADKK": null, "WIADPR": null, "WIADKD": null, "UUPP": "Data dari Pemerintah Daerah", "LUAS": 16.81625767 }, "geometry": { "type": "MultiLineString", "coordinates": [ [ [ 110.76072268300004, -8.195547045, 0.0 ], [ 110.760687584980971, -8.195552427875565, 0.0 ], [ 110.760511279000042, -8.195579466999927, 0.0 ] ], [ [ 110.760423833, -8.19559473224988, 0.0 ], [ 110.760423719883192, -8.19559473243249, 0.0 ] ], [ [ 110.767044709051333, -8.195895786171583, 0.0 ], [ 110.76693717200007, -8.195927860999976, 0.0 ], [ 110.766919079008062, -8.195928799154331, 0.0 ], [ 110.766898353994804, -8.195929873898979, 0.0 ] ] ] } },
{ "type": "Feature", "properties": { "FID_Garis_": 2674, "OBJECTID": 32902, "NAMOBJ": "Garis Pantai", "FCODE": "DB02080140", "REMARK": null, "METADATA": null, "SRS_ID": "4326", "DTMVER": 2, "ELEVAS": 0.0, "KARGPN": 6, "TIPGPN": 4, "KODGPN": null, "THNSBDATA": "2025", "SBDATA": 6, "SKL": 6, "THNPBL": "2025", "KET": null, "SHAPE_Leng": 0.00519751377, "FID_Batas_": 7369, "OBJECTID_1": 9083.0, "NAMOBJ_1": "Jepitu", "FCODE_1": "BA03070040", "REMARK_1": null, "METADATA_1": "TASWIL1000020221227_DATA_BATAS_DESAKELURAHAN", "SRS_ID_1": "4326", "KDBBPS": null, "KDCBPS": null, "KDCPUM": "34.03.16", "KDEBPS": null, "KDEPUM": "34.03.16.2002", "KDPBPS": null, "KDPKAB": "34.03", "KDPPUM": "34", "LUASWH": 0.0, "TIPADM": 1.0, "WADMKC": "Girisubo", "WADMKD": "Jepitu", "WADMKK": "Gunungkidul", "WADMPR": "Daerah Istimewa Yogyakarta", "WIADKC": null, "WIADKK": null, "WIADPR": null, "WIADKD": null, "UUPP": "Data dari Pemerintah Daerah", "LUAS": 16.22999637 }, "geometry": { "type": "MultiLineString", "coordinates": [ [ [ 110.718671999881352, -8.19974966588898, 0.0 ], [ 110.718688577077415, -8.199731904072163, 0.0 ] ], [ [ 110.718608179629072, -8.199856221844151, 0.0 ], [ 110.718638835000021, -8.199802859999963, 0.0 ], [ 110.71865224491826, -8.199776185958854, 0.0 ] ], [ [ 110.718582701996795, -8.199916644005558, 0.0 ], [ 110.718596117789815, -8.199881075920636, 0.0 ] ], [ [ 110.719174907000053, -8.199918109999906, 0.0 ], [ 110.719209473000078, -8.199952596999918, 0.0 ] ] ] } },
{ "type": "Feature", "properties": { "FID_Garis_": 2680, "OBJECTID": 32908, "NAMOBJ": "Garis Pantai", "FCODE": "DB02080140", "REMARK": null, "METADATA": null, "SRS_ID": "4326", "DTMVER": 2, "ELEVAS": 0.0, "KARGPN": 3, "TIPGPN": 4, "KODGPN": null, "THNSBDATA": "2025", "SBDATA": 6, "SKL": 6, "THNPBL": "2025", "KET": null, "SHAPE_Leng": 0.00780375945, "FID_Batas_": 7369, "OBJECTID_1": 9083.0, "NAMOBJ_1": "Jepitu", "FCODE_1": "BA03070040", "REMARK_1": null, "METADATA_1": "TASWIL1000020221227_DATA_BATAS_DESAKELURAHAN", "SRS_ID_1": "4326", "KDBBPS": null, "KDCBPS": null, "KDCPUM": "34.03.16", "KDEBPS": null, "KDEPUM": "34.03.16.2002", "KDPBPS": null, "KDPKAB": "34.03", "KDPPUM": "34", "LUASWH": 0.0, "TIPADM": 1.0, "WADMKC": "Girisubo", "WADMKD": "Jepitu", "WADMKK": "Gunungkidul", "WADMPR": "Daerah Istimewa Yogyakarta", "WIADKC": null, "WIADKK": null, "WIADPR": null, "WIADKD": null, "UUPP": "Data dari Pemerintah Daerah", "LUAS": 16.22999637 }, "geometry": { "type": "MultiLineString", "coordinates": [ [ [ 110.718315801133073, -8.198761765819764, 0.0 ], [ 110.718331597787284, -8.198722935913363, 0.0 ] ], [ [ 110.718639068000044, -8.199471634, 0.0 ], [ 110.718596614973521, -8.199475229023392, 0.0 ] ], [ [ 110.718173911000093, -8.199624476999947, 0.0 ], [ 110.718129692000076, -8.199653165000012, 0.0 ] ] ] } },
{ "type": "Feature", "properties": { "FID_Garis_": 2684, "OBJECTID": 32912, "NAMOBJ": "Garis Pantai", "FCODE": "DB02080140", "REMARK": null, "METADATA": null, "SRS_ID": "4326", "DTMVER": 2, "ELEVAS": 0.0, "KARGPN": 3, "TIPGPN": 4, "KODGPN": null, "THNSBDATA": "2025", "SBDATA": 6, "SKL": 6, "THNPBL": "2025", "KET": null, "SHAPE_Leng": 0.01916602862, "FID_Batas_": 7369, "OBJECTID_1": 9083.0, "NAMOBJ_1": "Jepitu", "FCODE_1": "BA03070040", "REMARK_1": null, "METADATA_1": "TASWIL1000020221227_DATA_BATAS_DESAKELURAHAN", "SRS_ID_1": "4326", "KDBBPS": null, "KDCBPS": null, "KDCPUM": "34.03.16", "KDEBPS": null, "KDEPUM": "34.03.16.2002", "KDPBPS": null, "KDPKAB": "34.03", "KDPPUM": "34", "LUASWH": 0.0, "TIPADM": 1.0, "WADMKC": "Girisubo", "WADMKD": "Jepitu", "WADMKK": "Gunungkidul", "WADMPR": "Daerah Istimewa Yogyakarta", "WIADKC": null, "WIADKK": null, "WIADPR": null, "WIADKD": null, "UUPP": "Data dari Pemerintah Daerah", "LUAS": 16.22999637 }, "geometry": { "type": "MultiLineString", "coordinates": [ [ [ 110.706463226993847, -8.196381258993348, 0.0 ], [ 110.706498196000027, -8.196347918999916, 0.0 ] ] ] } },
{ "type": "Feature", "properties": { "FID_Garis_": 2685, "OBJECTID": 32913, "NAMOBJ": "Garis Pantai", "FCODE": "DB02080140", "REMARK": null, "METADATA": null, "SRS_ID": "4326", "DTMVER": 2, "ELEVAS": 0.0, "KARGPN": 3, "TIPGPN": 4, "KODGPN": null, "THNSBDATA": "2025", "SBDATA": 6, "SKL": 6, "THNPBL": "2025", "KET": null, "SHAPE_Leng": 0.00803309708, "FID_Batas_": 7369, "OBJECTID_1": 9083.0, "NAMOBJ_1": "Jepitu", "FCODE_1": "BA03070040", "REMARK_1": null, "METADATA_1": "TASWIL1000020221227_DATA_BATAS_DESAKELURAHAN", "SRS_ID_1": "4326", "KDBBPS": null, "KDCBPS": null, "KDCPUM": "34.03.16", "KDEBPS": null, "KDEPUM": "34.03.16.2002", "KDPBPS": null, "KDPKAB": "34.03", "KDPPUM": "34", "LUASWH": 0.0, "TIPADM": 1.0, "WADMKC": "Girisubo", "WADMKD": "Jepitu", "WADMKK": "Gunungkidul", "WADMPR": "Daerah Istimewa Yogyakarta", "WIADKC": null, "WIADKK": null, "WIADPR": null, "WIADKD": null, "UUPP": "Data dari Pemerintah Daerah", "LUAS": 16.22999637 }, "geometry": { "type": "MultiLineString", "coordinates": [ [ [ 110.710177461000072, -8.186748837999982, 0.0 ], [ 110.710142898000058, -8.186712435999901, 0.0 ], [ 110.710089142000044, -8.186643470999968, 0.0 ], [ 110.710058435000093, -8.186589839999971, 0.0 ], [ 110.710043110000058, -8.186522817999933, 0.0 ], [ 110.710052768000054, -8.186453898999915, 0.0 ], [ 110.710052865000065, -8.186319876999928, 0.0 ], [ 110.710035645000062, -8.186216475999988, 0.0 ], [ 110.710004956, -8.186137954999975, 0.0 ] ], [ [ 110.709720451124269, -8.193138338567554, 0.0 ], [ 110.709830872000083, -8.193017004999916, 0.0 ], [ 110.709884730000013, -8.19294620299992, 0.0 ], [ 110.7099405230001, -8.192856256999939, 0.0 ], [ 110.710005937000091, -8.192749085999953, 0.0 ], [ 110.710057874000128, -8.192676367999976, 0.0 ] ], [ [ 110.709606864062195, -8.193203517154437, 0.0 ], [ 110.709652036000122, -8.193185361, 0.0 ], [ 110.709677027000055, -8.193171977000038, 0.0 ] ] ] } },
{ "type": "Feature", "properties": { "FID_Garis_": 2686, "OBJECTID": 32914, "NAMOBJ": "Garis Pantai", "FCODE": "DB02080140", "REMARK": null, "METADATA": null, "SRS_ID": "4326", "DTMVER": 2, "ELEVAS": 0.0, "KARGPN": 5, "TIPGPN": 4, "KODGPN": null, "THNSBDATA": "2025", "SBDATA": 6, "SKL": 6, "THNPBL": "2025", "KET": null, "SHAPE_Leng": 0.00526866699, "FID_Batas_": 7361, "OBJECTID_1": 9075.0, "NAMOBJ_1": "Balong", "FCODE_1": "BA03070040", "REMARK_1": null, "METADATA_1": "TASWIL1000020221227_DATA_BATAS_DESAKELURAHAN", "SRS_ID_1": "4326", "KDBBPS": null, "KDCBPS": null, "KDCPUM": "34.03.16", "KDEBPS": null, "KDEPUM": "34.03.16.2001", "KDPBPS": null, "KDPKAB": "34.03", "KDPPUM": "34", "LUASWH": 0.0, "TIPADM": 1.0, "WADMKC": "Girisubo", "WADMKD": "Balong", "WADMKK": "Gunungkidul", "WADMPR": "Daerah Istimewa Yogyakarta", "WIADKC": null, "WIADKK": null, "WIADPR": null, "WIADKD": null, "UUPP": "Data dari Pemerintah Daerah", "LUAS": 10.55027149 }, "geometry": { "type": "MultiLineString", "coordinates": [ [ [ 110.707372632016956, -8.183409965950741, 0.0 ], [ 110.707232155000014, -8.183361692999949, 0.0 ] ], [ [ 110.707527829541661, -8.183477490440829, 0.0 ], [ 110.707444733927275, -8.183438856156346, 0.0 ] ] ] } },
{ "type": "Feature", "properties": { "FID_Garis_": 2687, "OBJECTID": 32915, "NAMOBJ": "Garis Pantai", "FCODE": "DB02080140", "REMARK": null, "METADATA": null, "SRS_ID": "4326", "DTMVER": 2, "ELEVAS": 0.0, "KARGPN": 3, "TIPGPN": 4, "KODGPN": null, "THNSBDATA": "2025", "SBDATA": 6, "SKL": 6, "THNPBL": "2025", "KET": null, "SHAPE_Leng": 0.04376047283, "FID_Batas_": 7361, "OBJECTID_1": 9075.0, "NAMOBJ_1": "Balong", "FCODE_1": "BA03070040", "REMARK_1": null, "METADATA_1": "TASWIL1000020221227_DATA_BATAS_DESAKELURAHAN", "SRS_ID_1": "4326", "KDBBPS": null, "KDCBPS": null, "KDCPUM": "34.03.16", "KDEBPS": null, "KDEPUM": "34.03.16.2001", "KDPBPS": null, "KDPKAB": "34.03", "KDPPUM": "34", "LUASWH": 0.0, "TIPADM": 1.0, "WADMKC": "Girisubo", "WADMKD": "Balong", "WADMKK": "Gunungkidul", "WADMPR": "Daerah Istimewa Yogyakarta", "WIADKC": null, "WIADKK": null, "WIADPR": null, "WIADKD": null, "UUPP": "Data dari Pemerintah Daerah", "LUAS": 10.55027149 }, "geometry": { "type": "MultiLineString", "coordinates": [ [ [ 110.705602105000054, -8.184074654999964, 0.0 ], [ 110.705584778000031, -8.184118678999965, 0.0 ] ], [ [ 110.705384518172295, -8.18438189215799, 0.0 ], [ 110.705346405953932, -8.18442342130016, 0.0 ] ] ] } },
{ "type": "Feature", "properties": { "FID_Garis_": 2687, "OBJECTID": 32915, "NAMOBJ": "Garis Pantai", "FCODE": "DB02080140", "REMARK": null, "METADATA": null, "SRS_ID": "4326", "DTMVER": 2, "ELEVAS": 0.0, "KARGPN": 3, "TIPGPN": 4, "KODGPN": null, "THNSBDATA": "2025", "SBDATA": 6, "SKL": 6, "THNPBL": "2025", "KET": null, "SHAPE_Leng": 0.04376047283, "FID_Batas_": 17064, "OBJECTID_1": 18664.0, "NAMOBJ_1": "Purwodadi", "FCODE_1": "BA03070040", "REMARK_1": null, "METADATA_1": "TASWIL1000020221227_DATA_BATAS_DESAKELURAHAN", "SRS_ID_1": "4326", "KDBBPS": null, "KDCBPS": null, "KDCPUM": "34.03.07", "KDEBPS": null, "KDEPUM": "34.03.07.2005", "KDPBPS": null, "KDPKAB": "34.03", "KDPPUM": "34", "LUASWH": 0.0, "TIPADM": 1.0, "WADMKC": "Tepus", "WADMKD": "Purwodadi", "WADMKK": "Gunungkidul", "WADMPR": "Daerah Istimewa Yogyakarta", "WIADKC": null, "WIADKK": null, "WIADPR": null, "WIADKD": null, "UUPP": "Data dari Pemerintah Daerah", "LUAS": 21.90660263 }, "geometry": { "type": "MultiLineString", "coordinates": [ [ [ 110.686655507776749, -8.184645314130758, 0.0 ], [ 110.686625762000062, -8.184594553999904, 0.0 ] ] ] } },
{ "type": "Feature", "properties": { "FID_Garis_": 2689, "OBJECTID": 32917, "NAMOBJ": "Garis Pantai", "FCODE": "DB02080140", "REMARK": null, "METADATA": null, "SRS_ID": "4326", "DTMVER": 2, "ELEVAS": 0.0, "KARGPN": 3, "TIPGPN": 4, "KODGPN": null, "THNSBDATA": "2025", "SBDATA": 6, "SKL": 6, "THNPBL": "2025", "KET": null, "SHAPE_Leng": 0.03045925954, "FID_Batas_": 17064, "OBJECTID_1": 18664.0, "NAMOBJ_1": "Purwodadi", "FCODE_1": "BA03070040", "REMARK_1": null, "METADATA_1": "TASWIL1000020221227_DATA_BATAS_DESAKELURAHAN", "SRS_ID_1": "4326", "KDBBPS": null, "KDCBPS": null, "KDCPUM": "34.03.07", "KDEBPS": null, "KDEPUM": "34.03.07.2005", "KDPBPS": null, "KDPKAB": "34.03", "KDPPUM": "34", "LUASWH": 0.0, "TIPADM": 1.0, "WADMKC": "Tepus", "WADMKD": "Purwodadi", "WADMKK": "Gunungkidul", "WADMPR": "Daerah Istimewa Yogyakarta", "WIADKC": null, "WIADKK": null, "WIADPR": null, "WIADKD": null, "UUPP": "Data dari Pemerintah Daerah", "LUAS": 21.90660263 }, "geometry": { "type": "MultiLineString", "coordinates": [ [ [ 110.673584839716327, -8.179741008908117, 0.0 ], [ 110.673552419000089, -8.17973140899996, 0.0 ] ], [ [ 110.673661773151679, -8.179782343464783, 0.0 ], [ 110.673650865084795, -8.179774566881051, 0.0 ], [ 110.673634060881966, -8.179762587165698, 0.0 ] ], [ [ 110.67406840600006, -8.180272699999893, 0.0 ], [ 110.674043210209362, -8.180244596812294, 0.0 ] ], [ [ 110.675981785993784, -8.18054764698898, 0.0 ], [ 110.675953733000085, -8.180563799, 0.0 ], [ 110.675917905018252, -8.180582886034085, 0.0 ] ], [ [ 110.674187768040568, -8.181136652044554, 0.0 ], [ 110.674160952904145, -8.181160972894066, 0.0 ] ], [ [ 110.678145476979807, -8.182153471924671, 0.0 ], [ 110.678106979061269, -8.182163827227598, 0.0 ], [ 110.678087816000087, -8.18216898199994, 0.0 ] ] ] } },
{ "type": "Feature", "properties": { "FID_Garis_": 2691, "OBJECTID": 32919, "NAMOBJ": "Garis Pantai", "FCODE": "DB02080140", "REMARK": null, "METADATA": null, "SRS_ID": "4326", "DTMVER": 2, "ELEVAS": 0.0, "KARGPN": 3, "TIPGPN": 4, "KODGPN": null, "THNSBDATA": "2025", "SBDATA": 6, "SKL": 6, "THNPBL": "2025", "KET": null, "SHAPE_Leng": 0.01476979924, "FID_Batas_": 17064, "OBJECTID_1": 18664.0, "NAMOBJ_1": "Purwodadi", "FCODE_1": "BA03070040", "REMARK_1": null, "METADATA_1": "TASWIL1000020221227_DATA_BATAS_DESAKELURAHAN", "SRS_ID_1": "4326", "KDBBPS": null, "KDCBPS": null, "KDCPUM": "34.03.07", "KDEBPS": null, "KDEPUM": "34.03.07.2005", "KDPBPS": null, "KDPKAB": "34.03", "KDPPUM": "34", "LUASWH": 0.0, "TIPADM": 1.0, "WADMKC": "Tepus", "WADMKD": "Purwodadi", "WADMKK": "Gunungkidul", "WADMPR": "Daerah Istimewa Yogyakarta", "WIADKC": null, "WIADKK": null, "WIADPR": null, "WIADKD": null, "UUPP": "Data dari Pemerintah Daerah", "LUAS": 21.90660263 }, "geometry": { "type": "MultiLineString", "coordinates": [ [ [ 110.656904361, -8.173236873999947, 0.0 ], [ 110.656870806287927, -8.173251841692633, 0.0 ] ] ] } },
{ "type": "Feature", "properties": { "FID_Garis_": 2693, "OBJECTID": 32921, "NAMOBJ": "Garis Pantai", "FCODE": "DB02080140", "REMARK": null, "METADATA": null, "SRS_ID": "4326", "DTMVER": 2, "ELEVAS": 0.0, "KARGPN": 3, "TIPGPN": 4, "KODGPN": null, "THNSBDATA": "2025", "SBDATA": 6, "SKL": 6, "THNPBL": "2025", "KET": null, "SHAPE_Leng": 0.02960732113, "FID_Batas_": 4724, "OBJECTID_1": 4154.0, "NAMOBJ_1": "Tepus", "FCODE_1": "BA03070040", "REMARK_1": null, "METADATA_1": "TASWIL1000020221227_DATA_BATAS_DESAKELURAHAN", "SRS_ID_1": "4326", "KDBBPS": null, "KDCBPS": null, "KDCPUM": "34.03.07", "KDEBPS": null, "KDEPUM": "34.03.07.2004", "KDPBPS": null, "KDPKAB": "34.03", "KDPPUM": "34", "LUASWH": 0.0, "TIPADM": 1.0, "WADMKC": "Tepus", "WADMKD": "Tepus", "WADMKK": "Gunungkidul", "WADMPR": "Daerah Istimewa Yogyakarta", "WIADKC": null, "WIADKK": null, "WIADPR": null, "WIADKD": null, "UUPP": "Data dari Pemerintah Daerah", "LUAS": 28.23340969 }, "geometry": { "type": "MultiLineString", "coordinates": [ [ [ 110.632204812009292, -8.160135343295174, 0.0 ], [ 110.632204780600901, -8.160135344571486, 0.0 ] ] ] } },
{ "type": "Feature", "properties": { "FID_Garis_": 2693, "OBJECTID": 32921, "NAMOBJ": "Garis Pantai", "FCODE": "DB02080140", "REMARK": null, "METADATA": null, "SRS_ID": "4326", "DTMVER": 2, "ELEVAS": 0.0, "KARGPN": 3, "TIPGPN": 4, "KODGPN": null, "THNSBDATA": "2025", "SBDATA": 6, "SKL": 6, "THNPBL": "2025", "KET": null, "SHAPE_Leng": 0.02960732113, "FID_Batas_": 17064, "OBJECTID_1": 18664.0, "NAMOBJ_1": "Purwodadi", "FCODE_1": "BA03070040", "REMARK_1": null, "METADATA_1": "TASWIL1000020221227_DATA_BATAS_DESAKELURAHAN", "SRS_ID_1": "4326", "KDBBPS": null, "KDCBPS": null, "KDCPUM": "34.03.07", "KDEBPS": null, "KDEPUM": "34.03.07.2005", "KDPBPS": null, "KDPKAB": "34.03", "KDPPUM": "34", "LUASWH": 0.0, "TIPADM": 1.0, "WADMKC": "Tepus", "WADMKD": "Purwodadi", "WADMKK": "Gunungkidul", "WADMPR": "Daerah Istimewa Yogyakarta", "WIADKC": null, "WIADKK": null, "WIADPR": null, "WIADKD": null, "UUPP": "Data dari Pemerintah Daerah", "LUAS": 21.90660263 }, "geometry": { "type": "MultiLineString", "coordinates": [ [ [ 110.651122172095612, -8.169612167895526, 0.0 ], [ 110.651066201000035, -8.169560958, 0.0 ], [ 110.651034520000081, -8.169533169000012, 0.0 ] ] ] } },
{ "type": "Feature", "properties": { "FID_Garis_": 2694, "OBJECTID": 32922, "NAMOBJ": "Garis Pantai", "FCODE": "DB02080140", "REMARK": null, "METADATA": null, "SRS_ID": "4326", "DTMVER": 2, "ELEVAS": 0.0, "KARGPN": 3, "TIPGPN": 4, "KODGPN": null, "THNSBDATA": "2025", "SBDATA": 6, "SKL": 6, "THNPBL": "2025", "KET": null, "SHAPE_Leng": 0.00558499961, "FID_Batas_": 17064, "OBJECTID_1": 18664.0, "NAMOBJ_1": "Purwodadi", "FCODE_1": "BA03070040", "REMARK_1": null, "METADATA_1": "TASWIL1000020221227_DATA_BATAS_DESAKELURAHAN", "SRS_ID_1": "4326", "KDBBPS": null, "KDCBPS": null, "KDCPUM": "34.03.07", "KDEBPS": null, "KDEPUM": "34.03.07.2005", "KDPBPS": null, "KDPKAB": "34.03", "KDPPUM": "34", "LUASWH": 0.0, "TIPADM": 1.0, "WADMKC": "Tepus", "WADMKD": "Purwodadi", "WADMKK": "Gunungkidul", "WADMPR": "Daerah Istimewa Yogyakarta", "WIADKC": null, "WIADKK": null, "WIADPR": null, "WIADKD": null, "UUPP": "Data dari Pemerintah Daerah", "LUAS": 21.90660263 }, "geometry": { "type": "MultiLineString", "coordinates": [ [ [ 110.65394797400009, -8.172408522999977, 0.0 ], [ 110.653946079683209, -8.172376930018945, 0.0 ] ] ] } },
{ "type": "Feature", "properties": { "FID_Garis_": 2698, "OBJECTID": 32926, "NAMOBJ": "Garis Pantai", "FCODE": "DB02080140", "REMARK": null, "METADATA": null, "SRS_ID": "4326", "DTMVER": 2, "ELEVAS": 0.0, "KARGPN": 5, "TIPGPN": 4, "KODGPN": null, "THNSBDATA": "2025", "SBDATA": 6, "SKL": 6, "THNPBL": "2025", "KET": null, "SHAPE_Leng": 0.00341887599, "FID_Batas_": 4724, "OBJECTID_1": 4154.0, "NAMOBJ_1": "Tepus", "FCODE_1": "BA03070040", "REMARK_1": null, "METADATA_1": "TASWIL1000020221227_DATA_BATAS_DESAKELURAHAN", "SRS_ID_1": "4326", "KDBBPS": null, "KDCBPS": null, "KDCPUM": "34.03.07", "KDEBPS": null, "KDEPUM": "34.03.07.2004", "KDPBPS": null, "KDPKAB": "34.03", "KDPPUM": "34", "LUASWH": 0.0, "TIPADM": 1.0, "WADMKC": "Tepus", "WADMKD": "Tepus", "WADMKK": "Gunungkidul", "WADMPR": "Daerah Istimewa Yogyakarta", "WIADKC": null, "WIADKK": null, "WIADPR": null, "WIADKD": null, "UUPP": "Data dari Pemerintah Daerah", "LUAS": 28.23340969 }, "geometry": { "type": "MultiLineString", "coordinates": [ [ [ 110.628701623000012, -8.159078360999974, 0.0 ], [ 110.628749612000064, -8.159130099, 0.0 ], [ 110.628820679000086, -8.159160796999956, 0.0 ], [ 110.628853321000037, -8.159185716999975, 0.0 ], [ 110.628928211000101, -8.159237479999906, 0.0 ], [ 110.628977326900781, -8.159260046216001, 0.0 ] ], [ [ 110.630529321166506, -8.159727937726604, 0.0 ], [ 110.630587889000111, -8.159763594999916, 0.0 ] ] ] } },
{ "type": "Feature", "properties": { "FID_Garis_": 2699, "OBJECTID": 32927, "NAMOBJ": "Garis Pantai", "FCODE": "DB02080140", "REMARK": null, "METADATA": null, "SRS_ID": "4326", "DTMVER": 2, "ELEVAS": 0.0, "KARGPN": 3, "TIPGPN": 4, "KODGPN": null, "THNSBDATA": "2025", "SBDATA": 6, "SKL": 6, "THNPBL": "2025", "KET": null, "SHAPE_Leng": 0.0032404141, "FID_Batas_": 4724, "OBJECTID_1": 4154.0, "NAMOBJ_1": "Tepus", "FCODE_1": "BA03070040", "REMARK_1": null, "METADATA_1": "TASWIL1000020221227_DATA_BATAS_DESAKELURAHAN", "SRS_ID_1": "4326", "KDBBPS": null, "KDCBPS": null, "KDCPUM": "34.03.07", "KDEBPS": null, "KDEPUM": "34.03.07.2004", "KDPBPS": null, "KDPKAB": "34.03", "KDPPUM": "34", "LUASWH": 0.0, "TIPADM": 1.0, "WADMKC": "Tepus", "WADMKD": "Tepus", "WADMKK": "Gunungkidul", "WADMPR": "Daerah Istimewa Yogyakarta", "WIADKC": null, "WIADKK": null, "WIADPR": null, "WIADKD": null, "UUPP": "Data dari Pemerintah Daerah", "LUAS": 28.23340969 }, "geometry": { "type": "MultiLineString", "coordinates": [ [ [ 110.625061482, -8.157935826999942, 0.0 ], [ 110.625072978000063, -8.157970299999953, 0.0 ], [ 110.625076791000112, -8.158002850999893, 0.0 ], [ 110.625061376000076, -8.158048786999963, 0.0 ], [ 110.625059401000016, -8.158106222999919, 0.0 ], [ 110.62507482409525, -8.158152468968218, 0.0 ], [ 110.625082395000049, -8.158175169999939, 0.0 ], [ 110.62510733600007, -8.158215398999982, 0.0 ], [ 110.625141891000084, -8.158249893999905, 0.0 ], [ 110.625153300744259, -8.158259765295686, 0.0 ], [ 110.625199489000053, -8.158299726999942, 0.0 ], [ 110.625268640000087, -8.158322765999984, 0.0 ], [ 110.625314752000094, -8.158326637999949, 0.0 ], [ 110.625376256000024, -8.158309462999949, 0.0 ], [ 110.625414698000014, -8.158296096999909, 0.0 ] ] ] } },
{ "type": "Feature", "properties": { "FID_Garis_": 2700, "OBJECTID": 32928, "NAMOBJ": "Garis Pantai", "FCODE": "DB02080140", "REMARK": null, "METADATA": null, "SRS_ID": "4326", "DTMVER": 2, "ELEVAS": 0.0, "KARGPN": 5, "TIPGPN": 4, "KODGPN": null, "THNSBDATA": "2025", "SBDATA": 6, "SKL": 6, "THNPBL": "2025", "KET": null, "SHAPE_Leng": 0.001537474, "FID_Batas_": 4724, "OBJECTID_1": 4154.0, "NAMOBJ_1": "Tepus", "FCODE_1": "BA03070040", "REMARK_1": null, "METADATA_1": "TASWIL1000020221227_DATA_BATAS_DESAKELURAHAN", "SRS_ID_1": "4326", "KDBBPS": null, "KDCBPS": null, "KDCPUM": "34.03.07", "KDEBPS": null, "KDEPUM": "34.03.07.2004", "KDPBPS": null, "KDPKAB": "34.03", "KDPPUM": "34", "LUASWH": 0.0, "TIPADM": 1.0, "WADMKC": "Tepus", "WADMKD": "Tepus", "WADMKK": "Gunungkidul", "WADMPR": "Daerah Istimewa Yogyakarta", "WIADKC": null, "WIADKK": null, "WIADPR": null, "WIADKD": null, "UUPP": "Data dari Pemerintah Daerah", "LUAS": 28.23340969 }, "geometry": { "type": "MultiLineString", "coordinates": [ [ [ 110.62498087600008, -8.157832363999908, 0.0 ], [ 110.625006803182345, -8.15784770533611, 0.0 ] ], [ [ 110.625046158207539, -8.157883160861381, 0.0 ], [ 110.625059590000021, -8.157903276999914, 0.0 ], [ 110.625061482, -8.157935826999942, 0.0 ] ] ] } },
{ "type": "Feature", "properties": { "FID_Garis_": 2701, "OBJECTID": 32929, "NAMOBJ": "Garis Pantai", "FCODE": "DB02080140", "REMARK": null, "METADATA": null, "SRS_ID": "4326", "DTMVER": 2, "ELEVAS": 0.0, "KARGPN": 3, "TIPGPN": 4, "KODGPN": null, "THNSBDATA": "2025", "SBDATA": 6, "SKL": 6, "THNPBL": "2025", "KET": null, "SHAPE_Leng": 0.0018866155, "FID_Batas_": 4724, "OBJECTID_1": 4154.0, "NAMOBJ_1": "Tepus", "FCODE_1": "BA03070040", "REMARK_1": null, "METADATA_1": "TASWIL1000020221227_DATA_BATAS_DESAKELURAHAN", "SRS_ID_1": "4326", "KDBBPS": null, "KDCBPS": null, "KDCPUM": "34.03.07", "KDEBPS": null, "KDEPUM": "34.03.07.2004", "KDPBPS": null, "KDPKAB": "34.03", "KDPPUM": "34", "LUASWH": 0.0, "TIPADM": 1.0, "WADMKC": "Tepus", "WADMKD": "Tepus", "WADMKK": "Gunungkidul", "WADMPR": "Daerah Istimewa Yogyakarta", "WIADKC": null, "WIADKK": null, "WIADPR": null, "WIADKD": null, "UUPP": "Data dari Pemerintah Daerah", "LUAS": 28.23340969 }, "geometry": { "type": "MultiLineString", "coordinates": [ [ [ 110.623036138989818, -8.156863458133081, 0.0 ], [ 110.623114105000084, -8.156869506999911, 0.0 ] ], [ [ 110.623246050075295, -8.156894642896741, 0.0 ], [ 110.623285640815141, -8.156923486253778, 0.0 ], [ 110.623298507000058, -8.156932859999912, 0.0 ], [ 110.623363779000044, -8.156994187999924, 0.0 ], [ 110.623398047909006, -8.157034915076569, 0.0 ], [ 110.623404085000089, -8.15704208999998, 0.0 ], [ 110.623434779000064, -8.157095726999977, 0.0 ], [ 110.623475083000102, -8.157145543999924, 0.0 ], [ 110.623505794000067, -8.157180034999936, 0.0 ], [ 110.623544198901641, -8.157206875140801, 0.0 ] ] ] } },
{ "type": "Feature", "properties": { "FID_Garis_": 2705, "OBJECTID": 32933, "NAMOBJ": "Garis Pantai", "FCODE": "DB02080140", "REMARK": null, "METADATA": null, "SRS_ID": "4326", "DTMVER": 2, "ELEVAS": 0.0, "KARGPN": 3, "TIPGPN": 4, "KODGPN": null, "THNSBDATA": "2025", "SBDATA": 6, "SKL": 6, "THNPBL": "2025", "KET": null, "SHAPE_Leng": 0.00243959816, "FID_Batas_": 4724, "OBJECTID_1": 4154.0, "NAMOBJ_1": "Tepus", "FCODE_1": "BA03070040", "REMARK_1": null, "METADATA_1": "TASWIL1000020221227_DATA_BATAS_DESAKELURAHAN", "SRS_ID_1": "4326", "KDBBPS": null, "KDCBPS": null, "KDCPUM": "34.03.07", "KDEBPS": null, "KDEPUM": "34.03.07.2004", "KDPBPS": null, "KDPKAB": "34.03", "KDPPUM": "34", "LUASWH": 0.0, "TIPADM": 1.0, "WADMKC": "Tepus", "WADMKD": "Tepus", "WADMKK": "Gunungkidul", "WADMPR": "Daerah Istimewa Yogyakarta", "WIADKC": null, "WIADKK": null, "WIADPR": null, "WIADKD": null, "UUPP": "Data dari Pemerintah Daerah", "LUAS": 28.23340969 }, "geometry": { "type": "MultiLineString", "coordinates": [ [ [ 110.615348021000017, -8.152332290999933, 0.0 ], [ 110.615357820007404, -8.152339864990434, 0.0 ], [ 110.615387678965732, -8.152362944044302, 0.0 ] ], [ [ 110.615422586934159, -8.152382855217368, 0.0 ], [ 110.615470931000061, -8.152397503, 0.0 ], [ 110.61553238500008, -8.152432023999925, 0.0 ], [ 110.615588072000079, -8.152468454, 0.0 ], [ 110.615695633000087, -8.152510676999949, 0.0 ], [ 110.615732116000089, -8.152535600999968, 0.0 ], [ 110.615750352064666, -8.152554765317301, 0.0 ] ], [ [ 110.616023683000066, -8.153052816999953, 0.0 ], [ 110.616083220000093, -8.153081591999936, 0.0 ], [ 110.61610297492598, -8.153094742111247, 0.0 ], [ 110.616123545000065, -8.153108434999936, 0.0 ], [ 110.616150424000068, -8.153131434999974, 0.0 ], [ 110.616168659692761, -8.153150598292349, 0.0 ] ] ] } },
{ "type": "Feature", "properties": { "FID_Garis_": 2707, "OBJECTID": 32935, "NAMOBJ": "Garis Pantai", "FCODE": "DB02080140", "REMARK": null, "METADATA": null, "SRS_ID": "4326", "DTMVER": 2, "ELEVAS": 0.0, "KARGPN": 3, "TIPGPN": 4, "KODGPN": null, "THNSBDATA": "2025", "SBDATA": 6, "SKL": 6, "THNPBL": "2025", "KET": null, "SHAPE_Leng": 0.00189463553, "FID_Batas_": 4724, "OBJECTID_1": 4154.0, "NAMOBJ_1": "Tepus", "FCODE_1": "BA03070040", "REMARK_1": null, "METADATA_1": "TASWIL1000020221227_DATA_BATAS_DESAKELURAHAN", "SRS_ID_1": "4326", "KDBBPS": null, "KDCBPS": null, "KDCPUM": "34.03.07", "KDEBPS": null, "KDEPUM": "34.03.07.2004", "KDPBPS": null, "KDPKAB": "34.03", "KDPPUM": "34", "LUASWH": 0.0, "TIPADM": 1.0, "WADMKC": "Tepus", "WADMKD": "Tepus", "WADMKK": "Gunungkidul", "WADMPR": "Daerah Istimewa Yogyakarta", "WIADKC": null, "WIADKK": null, "WIADPR": null, "WIADKD": null, "UUPP": "Data dari Pemerintah Daerah", "LUAS": 28.23340969 }, "geometry": { "type": "MultiLineString", "coordinates": [ [ [ 110.613297669997976, -8.151507067020383, 0.0 ], [ 110.613264073014022, -8.151503510868388, 0.0 ] ] ] } },
{ "type": "Feature", "properties": { "FID_Garis_": 2708, "OBJECTID": 32936, "NAMOBJ": "Garis Pantai", "FCODE": "DB02080140", "REMARK": null, "METADATA": null, "SRS_ID": "4326", "DTMVER": 2, "ELEVAS": 0.0, "KARGPN": 6, "TIPGPN": 4, "KODGPN": null, "THNSBDATA": "2025", "SBDATA": 6, "SKL": 6, "THNPBL": "2025", "KET": null, "SHAPE_Leng": 0.00220483234, "FID_Batas_": 4700, "OBJECTID_1": 4130.0, "NAMOBJ_1": "Sidoharjo", "FCODE_1": "BA03070040", "REMARK_1": null, "METADATA_1": "TASWIL1000020221227_DATA_BATAS_DESAKELURAHAN", "SRS_ID_1": "4326", "KDBBPS": null, "KDCBPS": null, "KDCPUM": "34.03.07", "KDEBPS": null, "KDEPUM": "34.03.07.2003", "KDPBPS": null, "KDPKAB": "34.03", "KDPPUM": "34", "LUASWH": 0.0, "TIPADM": 1.0, "WADMKC": "Tepus", "WADMKD": "Sidoharjo", "WADMKK": "Gunungkidul", "WADMPR": "Daerah Istimewa Yogyakarta", "WIADKC": null, "WIADKK": null, "WIADPR": null, "WIADKD": null, "UUPP": "Data dari Pemerintah Daerah", "LUAS": 16.12872518 }, "geometry": { "type": "MultiLineString", "coordinates": [ [ [ 110.604870346442539, -8.147415605542676, 0.0 ], [ 110.604897406023426, -8.147412061178141, 0.0 ] ], [ [ 110.604554492846461, -8.14772319389462, 0.0 ], [ 110.60458009704513, -8.147685854030886, 0.0 ], [ 110.604592431920921, -8.147667865945643, 0.0 ] ], [ [ 110.604458852135465, -8.148025118988169, 0.0 ], [ 110.604455968167727, -8.147991953985425, 0.0 ] ] ] } },
{ "type": "Feature", "properties": { "FID_Garis_": 2711, "OBJECTID": 32939, "NAMOBJ": "Garis Pantai", "FCODE": "DB02080140", "REMARK": null, "METADATA": null, "SRS_ID": "4326", "DTMVER": 2, "ELEVAS": 0.0, "KARGPN": 5, "TIPGPN": 4, "KODGPN": null, "THNSBDATA": "2025", "SBDATA": 6, "SKL": 6, "THNPBL": "2025", "KET": null, "SHAPE_Leng": 0.002947574, "FID_Batas_": 4724, "OBJECTID_1": 4154.0, "NAMOBJ_1": "Tepus", "FCODE_1": "BA03070040", "REMARK_1": null, "METADATA_1": "TASWIL1000020221227_DATA_BATAS_DESAKELURAHAN", "SRS_ID_1": "4326", "KDBBPS": null, "KDCBPS": null, "KDCPUM": "34.03.07", "KDEBPS": null, "KDEPUM": "34.03.07.2004", "KDPBPS": null, "KDPKAB": "34.03", "KDPPUM": "34", "LUASWH": 0.0, "TIPADM": 1.0, "WADMKC": "Tepus", "WADMKD": "Tepus", "WADMKK": "Gunungkidul", "WADMPR": "Daerah Istimewa Yogyakarta", "WIADKC": null, "WIADKK": null, "WIADPR": null, "WIADKD": null, "UUPP": "Data dari Pemerintah Daerah", "LUAS": 28.23340969 }, "geometry": { "type": "MultiLineString", "coordinates": [ [ [ 110.60898523194696, -8.148295037286459, 0.0 ], [ 110.609004369984689, -8.148298588082916, 0.0 ] ], [ [ 110.609199419000035, -8.148347894999954, 0.0 ], [ 110.609237827000101, -8.148368992999924, 0.0 ], [ 110.609289685000036, -8.148390102999983, 0.0 ], [ 110.609331925000077, -8.148422691999926, 0.0 ], [ 110.609366456000089, -8.148478247999904, 0.0 ], [ 110.609400052420483, -8.148508914748778, 0.0 ] ] ] } },
{ "type": "Feature", "properties": { "FID_Garis_": 2716, "OBJECTID": 32944, "NAMOBJ": "Garis Pantai", "FCODE": "DB02080140", "REMARK": null, "METADATA": null, "SRS_ID": "4326", "DTMVER": 2, "ELEVAS": 0.0, "KARGPN": 3, "TIPGPN": 4, "KODGPN": null, "THNSBDATA": "2025", "SBDATA": 6, "SKL": 6, "THNPBL": "2025", "KET": null, "SHAPE_Leng": 0.00065533849, "FID_Batas_": 4700, "OBJECTID_1": 4130.0, "NAMOBJ_1": "Sidoharjo", "FCODE_1": "BA03070040", "REMARK_1": null, "METADATA_1": "TASWIL1000020221227_DATA_BATAS_DESAKELURAHAN", "SRS_ID_1": "4326", "KDBBPS": null, "KDCBPS": null, "KDCPUM": "34.03.07", "KDEBPS": null, "KDEPUM": "34.03.07.2003", "KDPBPS": null, "KDPKAB": "34.03", "KDPPUM": "34", "LUASWH": 0.0, "TIPADM": 1.0, "WADMKC": "Tepus", "WADMKD": "Sidoharjo", "WADMKK": "Gunungkidul", "WADMPR": "Daerah Istimewa Yogyakarta", "WIADKC": null, "WIADKK": null, "WIADPR": null, "WIADKD": null, "UUPP": "Data dari Pemerintah Daerah", "LUAS": 16.12872518 }, "geometry": { "type": "MultiLineString", "coordinates": [ [ [ 110.603506603999733, -8.145416107991057, 0.0 ], [ 110.603534100000061, -8.145414992999935, 0.0 ], [ 110.603586818036135, -8.14540379016945, 0.0 ], [ 110.603587911000076, -8.145403557999966, 0.0 ], [ 110.603630197000115, -8.145388282999946, 0.0 ], [ 110.603670556000068, -8.145378748999956, 0.0 ] ] ] } },
{ "type": "Feature", "properties": { "FID_Garis_": 2717, "OBJECTID": 32945, "NAMOBJ": "Garis Pantai", "FCODE": "DB02080140", "REMARK": null, "METADATA": null, "SRS_ID": "4326", "DTMVER": 2, "ELEVAS": 0.0, "KARGPN": 5, "TIPGPN": 4, "KODGPN": null, "THNSBDATA": "2025", "SBDATA": 6, "SKL": 6, "THNPBL": "2025", "KET": null, "SHAPE_Leng": 0.00063215635, "FID_Batas_": 4700, "OBJECTID_1": 4130.0, "NAMOBJ_1": "Sidoharjo", "FCODE_1": "BA03070040", "REMARK_1": null, "METADATA_1": "TASWIL1000020221227_DATA_BATAS_DESAKELURAHAN", "SRS_ID_1": "4326", "KDBBPS": null, "KDCBPS": null, "KDCPUM": "34.03.07", "KDEBPS": null, "KDEPUM": "34.03.07.2003", "KDPBPS": null, "KDPKAB": "34.03", "KDPPUM": "34", "LUASWH": 0.0, "TIPADM": 1.0, "WADMKC": "Tepus", "WADMKD": "Sidoharjo", "WADMKK": "Gunungkidul", "WADMPR": "Daerah Istimewa Yogyakarta", "WIADKC": null, "WIADKK": null, "WIADPR": null, "WIADKD": null, "UUPP": "Data dari Pemerintah Daerah", "LUAS": 16.12872518 }, "geometry": { "type": "MultiLineString", "coordinates": [ [ [ 110.602801332148601, -8.145161550128979, 0.0 ], [ 110.602819606000097, -8.145140507999962, 0.0 ] ] ] } },
{ "type": "Feature", "properties": { "FID_Garis_": 2720, "OBJECTID": 32948, "NAMOBJ": "Garis Pantai", "FCODE": "DB02080140", "REMARK": null, "METADATA": null, "SRS_ID": "4326", "DTMVER": 2, "ELEVAS": 0.0, "KARGPN": 3, "TIPGPN": 4, "KODGPN": null, "THNSBDATA": "2025", "SBDATA": 6, "SKL": 6, "THNPBL": "2025", "KET": null, "SHAPE_Leng": 0.00268306813, "FID_Batas_": 4655, "OBJECTID_1": 4085.0, "NAMOBJ_1": "Ngestirejo", "FCODE_1": "BA03070040", "REMARK_1": null, "METADATA_1": "TASWIL1000020221227_DATA_BATAS_DESAKELURAHAN", "SRS_ID_1": "4326", "KDBBPS": null, "KDCBPS": null, "KDCPUM": "34.03.17", "KDEBPS": null, "KDEPUM": "34.03.17.2005", "KDPBPS": null, "KDPKAB": "34.03", "KDPPUM": "34", "LUASWH": 0.0, "TIPADM": 1.0, "WADMKC": "Tanjungsari", "WADMKD": "Ngestirejo", "WADMKK": "Gunungkidul", "WADMPR": "Daerah Istimewa Yogyakarta", "WIADKC": null, "WIADKK": null, "WIADPR": null, "WIADKD": null, "UUPP": "Data dari Pemerintah Daerah", "LUAS": 13.38797459 }, "geometry": { "type": "MultiLineString", "coordinates": [ [ [ 110.598114918975071, -8.146223362619534, 0.0 ], [ 110.598093787903153, -8.146217597355356, 0.0 ], [ 110.598051528000028, -8.14620606799993, 0.0 ] ] ] } },
{ "type": "Feature", "properties": { "FID_Garis_": 2721, "OBJECTID": 32949, "NAMOBJ": "Garis Pantai", "FCODE": "DB02080140", "REMARK": null, "METADATA": null, "SRS_ID": "4326", "DTMVER": 2, "ELEVAS": 0.0, "KARGPN": 4, "TIPGPN": 4, "KODGPN": null, "THNSBDATA": "2025", "SBDATA": 6, "SKL": 6, "THNPBL": "2025", "KET": null, "SHAPE_Leng": 0.00189213764, "FID_Batas_": 4655, "OBJECTID_1": 4085.0, "NAMOBJ_1": "Ngestirejo", "FCODE_1": "BA03070040", "REMARK_1": null, "METADATA_1": "TASWIL1000020221227_DATA_BATAS_DESAKELURAHAN", "SRS_ID_1": "4326", "KDBBPS": null, "KDCBPS": null, "KDCPUM": "34.03.17", "KDEBPS": null, "KDEPUM": "34.03.17.2005", "KDPBPS": null, "KDPKAB": "34.03", "KDPPUM": "34", "LUASWH": 0.0, "TIPADM": 1.0, "WADMKC": "Tanjungsari", "WADMKD": "Ngestirejo", "WADMKK": "Gunungkidul", "WADMPR": "Daerah Istimewa Yogyakarta", "WIADKC": null, "WIADKK": null, "WIADPR": null, "WIADKD": null, "UUPP": "Data dari Pemerintah Daerah", "LUAS": 13.38797459 }, "geometry": { "type": "MultiLineString", "coordinates": [ [ [ 110.597034324000063, -8.146982380999948, 0.0 ], [ 110.597086220000094, -8.146965201999947, 0.0 ], [ 110.597118907000038, -8.146942258999914, 0.0 ], [ 110.597165042000128, -8.146921243999952, 0.0 ] ], [ [ 110.596949665000068, -8.147099086999923, 0.0 ], [ 110.59695930500007, -8.147066548999895, 0.0 ] ], [ [ 110.596701135000018, -8.147765115999963, 0.0 ], [ 110.596692504003045, -8.14775936999558, 0.0 ] ] ] } },
{ "type": "Feature", "properties": { "FID_Garis_": 2722, "OBJECTID": 32950, "NAMOBJ": "Garis Pantai", "FCODE": "DB02080140", "REMARK": null, "METADATA": null, "SRS_ID": "4326", "DTMVER": 2, "ELEVAS": 0.0, "KARGPN": 3, "TIPGPN": 4, "KODGPN": null, "THNSBDATA": "2025", "SBDATA": 6, "SKL": 6, "THNPBL": "2025", "KET": null, "SHAPE_Leng": 0.0213699109, "FID_Batas_": 4655, "OBJECTID_1": 4085.0, "NAMOBJ_1": "Ngestirejo", "FCODE_1": "BA03070040", "REMARK_1": null, "METADATA_1": "TASWIL1000020221227_DATA_BATAS_DESAKELURAHAN", "SRS_ID_1": "4326", "KDBBPS": null, "KDCBPS": null, "KDCPUM": "34.03.17", "KDEBPS": null, "KDEPUM": "34.03.17.2005", "KDPBPS": null, "KDPKAB": "34.03", "KDPPUM": "34", "LUASWH": 0.0, "TIPADM": 1.0, "WADMKC": "Tanjungsari", "WADMKD": "Ngestirejo", "WADMKK": "Gunungkidul", "WADMPR": "Daerah Istimewa Yogyakarta", "WIADKC": null, "WIADKK": null, "WIADPR": null, "WIADKD": null, "UUPP": "Data dari Pemerintah Daerah", "LUAS": 13.38797459 }, "geometry": { "type": "MultiLineString", "coordinates": [ [ [ 110.589064950000051, -8.146336830999914, 0.0 ], [ 110.589114985000023, -8.146260298999977, 0.0 ], [ 110.589120729782621, -8.146247842899736, 0.0 ] ] ] } },
{ "type": "Feature", "properties": { "FID_Garis_": 2723, "OBJECTID": 32951, "NAMOBJ": "Garis Pantai", "FCODE": "DB02080140", "REMARK": null, "METADATA": null, "SRS_ID": "4326", "DTMVER": 2, "ELEVAS": 0.0, "KARGPN": 3, "TIPGPN": 4, "KODGPN": null, "THNSBDATA": "2025", "SBDATA": 6, "SKL": 6, "THNPBL": "2025", "KET": null, "SHAPE_Leng": 0.00546092501, "FID_Batas_": 4655, "OBJECTID_1": 4085.0, "NAMOBJ_1": "Ngestirejo", "FCODE_1": "BA03070040", "REMARK_1": null, "METADATA_1": "TASWIL1000020221227_DATA_BATAS_DESAKELURAHAN", "SRS_ID_1": "4326", "KDBBPS": null, "KDCBPS": null, "KDCPUM": "34.03.17", "KDEBPS": null, "KDEPUM": "34.03.17.2005", "KDPBPS": null, "KDPKAB": "34.03", "KDPPUM": "34", "LUASWH": 0.0, "TIPADM": 1.0, "WADMKC": "Tanjungsari", "WADMKD": "Ngestirejo", "WADMKK": "Gunungkidul", "WADMPR": "Daerah Istimewa Yogyakarta", "WIADKC": null, "WIADKK": null, "WIADPR": null, "WIADKD": null, "UUPP": "Data dari Pemerintah Daerah", "LUAS": 13.38797459 }, "geometry": { "type": "MultiLineString", "coordinates": [ [ [ 110.585137586000087, -8.144469945, 0.0 ], [ 110.585208636000104, -8.144510223999948, 0.0 ], [ 110.585254722000101, -8.144537074999949, 0.0 ] ] ] } },
{ "type": "Feature", "properties": { "FID_Garis_": 2725, "OBJECTID": 32953, "NAMOBJ": "Garis Pantai", "FCODE": "DB02080140", "REMARK": null, "METADATA": null, "SRS_ID": "4326", "DTMVER": 2, "ELEVAS": 0.0, "KARGPN": 3, "TIPGPN": 4, "KODGPN": null, "THNSBDATA": "2025", "SBDATA": 6, "SKL": 6, "THNPBL": "2025", "KET": null, "SHAPE_Leng": 0.00101552659, "FID_Batas_": 4577, "OBJECTID_1": 4007.0, "NAMOBJ_1": "Banjarejo", "FCODE_1": "BA03070040", "REMARK_1": null, "METADATA_1": "TASWIL1000020221227_DATA_BATAS_DESAKELURAHAN", "SRS_ID_1": "4326", "KDBBPS": null, "KDCBPS": null, "KDCPUM": "34.03.17", "KDEBPS": null, "KDEPUM": "34.03.17.2004", "KDPBPS": null, "KDPKAB": "34.03", "KDPPUM": "34", "LUASWH": 0.0, "TIPADM": 1.0, "WADMKC": "Tanjungsari", "WADMKD": "Banjarejo", "WADMKK": "Gunungkidul", "WADMPR": "Daerah Istimewa Yogyakarta", "WIADKC": null, "WIADKK": null, "WIADPR": null, "WIADKD": null, "UUPP": "Data dari Pemerintah Daerah", "LUAS": 17.03407882 }, "geometry": { "type": "MultiLineString", "coordinates": [ [ [ 110.582712411860626, -8.140182620149652, 0.0 ], [ 110.582726808000103, -8.140196036999949, 0.0 ], [ 110.582752728000031, -8.140214251999947, 0.0 ] ] ] } },
{ "type": "Feature", "properties": { "FID_Garis_": 2726, "OBJECTID": 32954, "NAMOBJ": "Garis Pantai", "FCODE": "DB02080140", "REMARK": null, "METADATA": null, "SRS_ID": "4326", "DTMVER": 2, "ELEVAS": 0.0, "KARGPN": 5, "TIPGPN": 4, "KODGPN": null, "THNSBDATA": "2025", "SBDATA": 6, "SKL": 6, "THNPBL": "2025", "KET": null, "SHAPE_Leng": 0.00343620779, "FID_Batas_": 4577, "OBJECTID_1": 4007.0, "NAMOBJ_1": "Banjarejo", "FCODE_1": "BA03070040", "REMARK_1": null, "METADATA_1": "TASWIL1000020221227_DATA_BATAS_DESAKELURAHAN", "SRS_ID_1": "4326", "KDBBPS": null, "KDCBPS": null, "KDCPUM": "34.03.17", "KDEBPS": null, "KDEPUM": "34.03.17.2004", "KDPBPS": null, "KDPKAB": "34.03", "KDPPUM": "34", "LUASWH": 0.0, "TIPADM": 1.0, "WADMKC": "Tanjungsari", "WADMKD": "Banjarejo", "WADMKK": "Gunungkidul", "WADMPR": "Daerah Istimewa Yogyakarta", "WIADKC": null, "WIADKK": null, "WIADPR": null, "WIADKD": null, "UUPP": "Data dari Pemerintah Daerah", "LUAS": 17.03407882 }, "geometry": { "type": "MultiLineString", "coordinates": [ [ [ 110.582156951857741, -8.139804667102393, 0.0 ], [ 110.582180398625908, -8.139802567190593, 0.0 ] ], [ [ 110.582213578944135, -8.139808414127039, 0.0 ], [ 110.582244929000112, -8.139822197999926, 0.0 ], [ 110.582289089000128, -8.139852876999978, 0.0 ] ] ] } },
{ "type": "Feature", "properties": { "FID_Garis_": 2728, "OBJECTID": 32956, "NAMOBJ": "Garis Pantai", "FCODE": "DB02080140", "REMARK": null, "METADATA": null, "SRS_ID": "4326", "DTMVER": 2, "ELEVAS": 0.0, "KARGPN": 5, "TIPGPN": 4, "KODGPN": null, "THNSBDATA": "2025", "SBDATA": 6, "SKL": 6, "THNPBL": "2025", "KET": null, "SHAPE_Leng": 0.00328228976, "FID_Batas_": 4577, "OBJECTID_1": 4007.0, "NAMOBJ_1": "Banjarejo", "FCODE_1": "BA03070040", "REMARK_1": null, "METADATA_1": "TASWIL1000020221227_DATA_BATAS_DESAKELURAHAN", "SRS_ID_1": "4326", "KDBBPS": null, "KDCBPS": null, "KDCPUM": "34.03.17", "KDEBPS": null, "KDEPUM": "34.03.17.2004", "KDPBPS": null, "KDPKAB": "34.03", "KDPPUM": "34", "LUASWH": 0.0, "TIPADM": 1.0, "WADMKC": "Tanjungsari", "WADMKD": "Banjarejo", "WADMKK": "Gunungkidul", "WADMPR": "Daerah Istimewa Yogyakarta", "WIADKC": null, "WIADKK": null, "WIADPR": null, "WIADKD": null, "UUPP": "Data dari Pemerintah Daerah", "LUAS": 17.03407882 }, "geometry": { "type": "MultiLineString", "coordinates": [ [ [ 110.578980220000091, -8.138255568999977, 0.0 ], [ 110.578980205000079, -8.138269927999922, 0.0 ] ] ] } },
{ "type": "Feature", "properties": { "FID_Garis_": 2730, "OBJECTID": 32958, "NAMOBJ": "Garis Pantai", "FCODE": "DB02080140", "REMARK": null, "METADATA": null, "SRS_ID": "4326", "DTMVER": 2, "ELEVAS": 0.0, "KARGPN": 3, "TIPGPN": 4, "KODGPN": null, "THNSBDATA": "2025", "SBDATA": 6, "SKL": 6, "THNPBL": "2025", "KET": null, "SHAPE_Leng": 0.00083596734, "FID_Batas_": 4628, "OBJECTID_1": 4058.0, "NAMOBJ_1": "Kemadang", "FCODE_1": "BA03070040", "REMARK_1": null, "METADATA_1": "TASWIL1000020221227_DATA_BATAS_DESAKELURAHAN", "SRS_ID_1": "4326", "KDBBPS": null, "KDCBPS": null, "KDCPUM": "34.03.17", "KDEBPS": null, "KDEPUM": "34.03.17.2003", "KDPBPS": null, "KDPKAB": "34.03", "KDPPUM": "34", "LUASWH": 0.0, "TIPADM": 1.0, "WADMKC": "Tanjungsari", "WADMKD": "Kemadang", "WADMKK": "Gunungkidul", "WADMPR": "Daerah Istimewa Yogyakarta", "WIADKC": null, "WIADKK": null, "WIADPR": null, "WIADKD": null, "UUPP": "Data dari Pemerintah Daerah", "LUAS": 19.12350612 }, "geometry": { "type": "MultiLineString", "coordinates": [ [ [ 110.575799027000045, -8.137688414999946, 0.0 ], [ 110.575797261301872, -8.137698655052041, 0.0 ] ] ] } },
{ "type": "Feature", "properties": { "FID_Garis_": 2734, "OBJECTID": 32962, "NAMOBJ": "Garis Pantai", "FCODE": "DB02080140", "REMARK": null, "METADATA": null, "SRS_ID": "4326", "DTMVER": 2, "ELEVAS": 0.0, "KARGPN": 5, "TIPGPN": 4, "KODGPN": null, "THNSBDATA": "2025", "SBDATA": 6, "SKL": 6, "THNPBL": "2025", "KET": null, "SHAPE_Leng": 0.00519878822, "FID_Batas_": 4628, "OBJECTID_1": 4058.0, "NAMOBJ_1": "Kemadang", "FCODE_1": "BA03070040", "REMARK_1": null, "METADATA_1": "TASWIL1000020221227_DATA_BATAS_DESAKELURAHAN", "SRS_ID_1": "4326", "KDBBPS": null, "KDCBPS": null, "KDCPUM": "34.03.17", "KDEBPS": null, "KDEPUM": "34.03.17.2003", "KDPBPS": null, "KDPKAB": "34.03", "KDPPUM": "34", "LUASWH": 0.0, "TIPADM": 1.0, "WADMKC": "Tanjungsari", "WADMKD": "Kemadang", "WADMKK": "Gunungkidul", "WADMPR": "Daerah Istimewa Yogyakarta", "WIADKC": null, "WIADKK": null, "WIADPR": null, "WIADKD": null, "UUPP": "Data dari Pemerintah Daerah", "LUAS": 19.12350612 }, "geometry": { "type": "MultiLineString", "coordinates": [ [ [ 110.569247654881821, -8.137231593284024, 0.0 ], [ 110.569270701000079, -8.137241190999891, 0.0 ] ] ] } },
{ "type": "Feature", "properties": { "FID_Garis_": 2737, "OBJECTID": 32965, "NAMOBJ": "Garis Pantai", "FCODE": "DB02080140", "REMARK": null, "METADATA": null, "SRS_ID": "4326", "DTMVER": 2, "ELEVAS": 0.0, "KARGPN": 3, "TIPGPN": 4, "KODGPN": null, "THNSBDATA": "2025", "SBDATA": 6, "SKL": 6, "THNPBL": "2025", "KET": null, "SHAPE_Leng": 0.00140272257, "FID_Batas_": 4628, "OBJECTID_1": 4058.0, "NAMOBJ_1": "Kemadang", "FCODE_1": "BA03070040", "REMARK_1": null, "METADATA_1": "TASWIL1000020221227_DATA_BATAS_DESAKELURAHAN", "SRS_ID_1": "4326", "KDBBPS": null, "KDCBPS": null, "KDCPUM": "34.03.17", "KDEBPS": null, "KDEPUM": "34.03.17.2003", "KDPBPS": null, "KDPKAB": "34.03", "KDPPUM": "34", "LUASWH": 0.0, "TIPADM": 1.0, "WADMKC": "Tanjungsari", "WADMKD": "Kemadang", "WADMKK": "Gunungkidul", "WADMPR": "Daerah Istimewa Yogyakarta", "WIADKC": null, "WIADKK": null, "WIADPR": null, "WIADKD": null, "UUPP": "Data dari Pemerintah Daerah", "LUAS": 19.12350612 }, "geometry": { "type": "MultiLineString", "coordinates": [ [ [ 110.56308681100009, -8.136338563, 0.0 ], [ 110.563083903039995, -8.136362492004814, 0.0 ] ] ] } },
{ "type": "Feature", "properties": { "FID_Garis_": 2739, "OBJECTID": 32967, "NAMOBJ": "Garis Pantai", "FCODE": "DB02080140", "REMARK": null, "METADATA": null, "SRS_ID": "4326", "DTMVER": 2, "ELEVAS": 0.0, "KARGPN": 3, "TIPGPN": 4, "KODGPN": null, "THNSBDATA": "2025", "SBDATA": 6, "SKL": 6, "THNPBL": "2025", "KET": null, "SHAPE_Leng": 0.00607863538, "FID_Batas_": 4628, "OBJECTID_1": 4058.0, "NAMOBJ_1": "Kemadang", "FCODE_1": "BA03070040", "REMARK_1": null, "METADATA_1": "TASWIL1000020221227_DATA_BATAS_DESAKELURAHAN", "SRS_ID_1": "4326", "KDBBPS": null, "KDCBPS": null, "KDCPUM": "34.03.17", "KDEBPS": null, "KDEPUM": "34.03.17.2003", "KDPBPS": null, "KDPKAB": "34.03", "KDPPUM": "34", "LUASWH": 0.0, "TIPADM": 1.0, "WADMKC": "Tanjungsari", "WADMKD": "Kemadang", "WADMKK": "Gunungkidul", "WADMPR": "Daerah Istimewa Yogyakarta", "WIADKC": null, "WIADKK": null, "WIADPR": null, "WIADKD": null, "UUPP": "Data dari Pemerintah Daerah", "LUAS": 19.12350612 }, "geometry": { "type": "MultiLineString", "coordinates": [ [ [ 110.559517570991474, -8.135060926015427, 0.0 ], [ 110.559545991141448, -8.135076792390485, 0.0 ] ], [ [ 110.561147906930699, -8.135763076004778, 0.0 ], [ 110.561178113932414, -8.135748950855106, 0.0 ] ] ] } },
{ "type": "Feature", "properties": { "FID_Garis_": 2743, "OBJECTID": 32971, "NAMOBJ": "Garis Pantai", "FCODE": "DB02080140", "REMARK": null, "METADATA": null, "SRS_ID": "4326", "DTMVER": 2, "ELEVAS": 0.0, "KARGPN": 3, "TIPGPN": 4, "KODGPN": null, "THNSBDATA": "2025", "SBDATA": 6, "SKL": 6, "THNPBL": "2025", "KET": null, "SHAPE_Leng": 0.00416766587, "FID_Batas_": 4628, "OBJECTID_1": 4058.0, "NAMOBJ_1": "Kemadang", "FCODE_1": "BA03070040", "REMARK_1": null, "METADATA_1": "TASWIL1000020221227_DATA_BATAS_DESAKELURAHAN", "SRS_ID_1": "4326", "KDBBPS": null, "KDCBPS": null, "KDCPUM": "34.03.17", "KDEBPS": null, "KDEPUM": "34.03.17.2003", "KDPBPS": null, "KDPKAB": "34.03", "KDPPUM": "34", "LUASWH": 0.0, "TIPADM": 1.0, "WADMKC": "Tanjungsari", "WADMKD": "Kemadang", "WADMKK": "Gunungkidul", "WADMPR": "Daerah Istimewa Yogyakarta", "WIADKC": null, "WIADKK": null, "WIADPR": null, "WIADKD": null, "UUPP": "Data dari Pemerintah Daerah", "LUAS": 19.12350612 }, "geometry": { "type": "MultiLineString", "coordinates": [ [ [ 110.551844198000069, -8.133559752999933, 0.0 ], [ 110.551846088000048, -8.133588474, 0.0 ], [ 110.551840854920826, -8.133620834125423, 0.0 ] ], [ [ 110.551827767145966, -8.133649720115201, 0.0 ], [ 110.551817185000047, -8.133663110999958, 0.0 ] ] ] } },
{ "type": "Feature", "properties": { "FID_Garis_": 2751, "OBJECTID": 32979, "NAMOBJ": "Garis Pantai", "FCODE": "DB02080140", "REMARK": null, "METADATA": null, "SRS_ID": "4326", "DTMVER": 2, "ELEVAS": 0.0, "KARGPN": 3, "TIPGPN": 4, "KODGPN": null, "THNSBDATA": "2025", "SBDATA": 6, "SKL": 6, "THNPBL": "2025", "KET": null, "SHAPE_Leng": 0.02200259029, "FID_Batas_": 4621, "OBJECTID_1": 4051.0, "NAMOBJ_1": "Kanigoro", "FCODE_1": "BA03070040", "REMARK_1": null, "METADATA_1": "TASWIL1000020221227_DATA_BATAS_DESAKELURAHAN", "SRS_ID_1": "4326", "KDBBPS": null, "KDCBPS": null, "KDCPUM": "34.03.15", "KDEBPS": null, "KDEPUM": "34.03.15.2005", "KDPBPS": null, "KDPKAB": "34.03", "KDPPUM": "34", "LUASWH": 0.0, "TIPADM": 1.0, "WADMKC": "Saptosari", "WADMKD": "Kanigoro", "WADMKK": "Gunungkidul", "WADMPR": "Daerah Istimewa Yogyakarta", "WIADKC": null, "WIADKK": null, "WIADPR": null, "WIADKD": null, "UUPP": "Data dari Pemerintah Daerah", "LUAS": 25.10340289 }, "geometry": { "type": "MultiLineString", "coordinates": [ [ [ 110.534556363000078, -8.129898803999893, 0.0 ], [ 110.534563067927706, -8.129916043468501, 0.0 ] ], [ [ 110.53619538600006, -8.131451480999932, 0.0 ], [ 110.536243373000033, -8.131491741999977, 0.0 ], [ 110.536291380000108, -8.131514771999928, 0.0 ] ], [ [ 110.537359560000112, -8.131582998999889, 0.0 ], [ 110.537349910000017, -8.131621278999948, 0.0 ] ] ] } },
{ "type": "Feature", "properties": { "FID_Garis_": 2752, "OBJECTID": 32980, "NAMOBJ": "Garis Pantai", "FCODE": "DB02080140", "REMARK": null, "METADATA": null, "SRS_ID": "4326", "DTMVER": 2, "ELEVAS": 0.0, "KARGPN": 5, "TIPGPN": 4, "KODGPN": null, "THNSBDATA": "2025", "SBDATA": 6, "SKL": 6, "THNPBL": "2025", "KET": null, "SHAPE_Leng": 0.00103340066, "FID_Batas_": 4621, "OBJECTID_1": 4051.0, "NAMOBJ_1": "Kanigoro", "FCODE_1": "BA03070040", "REMARK_1": null, "METADATA_1": "TASWIL1000020221227_DATA_BATAS_DESAKELURAHAN", "SRS_ID_1": "4326", "KDBBPS": null, "KDCBPS": null, "KDCPUM": "34.03.15", "KDEBPS": null, "KDEPUM": "34.03.15.2005", "KDPBPS": null, "KDPKAB": "34.03", "KDPPUM": "34", "LUASWH": 0.0, "TIPADM": 1.0, "WADMKC": "Saptosari", "WADMKD": "Kanigoro", "WADMKK": "Gunungkidul", "WADMPR": "Daerah Istimewa Yogyakarta", "WIADKC": null, "WIADKK": null, "WIADPR": null, "WIADKD": null, "UUPP": "Data dari Pemerintah Daerah", "LUAS": 25.10340289 }, "geometry": { "type": "MultiLineString", "coordinates": [ [ [ 110.533933843000085, -8.129909577999985, 0.0 ], [ 110.53394732700005, -8.129878959999939, 0.0 ] ] ] } },
{ "type": "Feature", "properties": { "FID_Garis_": 2753, "OBJECTID": 32981, "NAMOBJ": "Garis Pantai", "FCODE": "DB02080140", "REMARK": null, "METADATA": null, "SRS_ID": "4326", "DTMVER": 2, "ELEVAS": 0.0, "KARGPN": 3, "TIPGPN": 4, "KODGPN": null, "THNSBDATA": "2025", "SBDATA": 6, "SKL": 6, "THNPBL": "2025", "KET": null, "SHAPE_Leng": 0.02024654521, "FID_Batas_": 4621, "OBJECTID_1": 4051.0, "NAMOBJ_1": "Kanigoro", "FCODE_1": "BA03070040", "REMARK_1": null, "METADATA_1": "TASWIL1000020221227_DATA_BATAS_DESAKELURAHAN", "SRS_ID_1": "4326", "KDBBPS": null, "KDCBPS": null, "KDCPUM": "34.03.15", "KDEBPS": null, "KDEPUM": "34.03.15.2005", "KDPBPS": null, "KDPKAB": "34.03", "KDPPUM": "34", "LUASWH": 0.0, "TIPADM": 1.0, "WADMKC": "Saptosari", "WADMKD": "Kanigoro", "WADMKK": "Gunungkidul", "WADMPR": "Daerah Istimewa Yogyakarta", "WIADKC": null, "WIADKK": null, "WIADPR": null, "WIADKD": null, "UUPP": "Data dari Pemerintah Daerah", "LUAS": 25.10340289 }, "geometry": { "type": "MultiLineString", "coordinates": [ [ [ 110.52678706540307, -8.129458100795386, 0.0 ], [ 110.526790950000077, -8.129422683999934, 0.0 ], [ 110.5268063810001, -8.129371008999922, 0.0 ], [ 110.526813866691455, -8.129359383801251, 0.0 ] ], [ [ 110.533933819580767, -8.129929683309403, 0.0 ], [ 110.533933843000085, -8.129909577999985, 0.0 ] ], [ [ 110.528809610000025, -8.131619127999947, 0.0 ], [ 110.528814759987938, -8.131622619017911, 0.0 ] ] ] } },
{ "type": "Feature", "properties": { "FID_Garis_": 2756, "OBJECTID": 32984, "NAMOBJ": "Garis Pantai", "FCODE": "DB02080140", "REMARK": null, "METADATA": null, "SRS_ID": "4326", "DTMVER": 2, "ELEVAS": 0.0, "KARGPN": 3, "TIPGPN": 4, "KODGPN": null, "THNSBDATA": "2025", "SBDATA": 6, "SKL": 6, "THNPBL": "2025", "KET": null, "SHAPE_Leng": 0.00778506533, "FID_Batas_": 4621, "OBJECTID_1": 4051.0, "NAMOBJ_1": "Kanigoro", "FCODE_1": "BA03070040", "REMARK_1": null, "METADATA_1": "TASWIL1000020221227_DATA_BATAS_DESAKELURAHAN", "SRS_ID_1": "4326", "KDBBPS": null, "KDCBPS": null, "KDCPUM": "34.03.15", "KDEBPS": null, "KDEPUM": "34.03.15.2005", "KDPBPS": null, "KDPKAB": "34.03", "KDPPUM": "34", "LUASWH": 0.0, "TIPADM": 1.0, "WADMKC": "Saptosari", "WADMKD": "Kanigoro", "WADMKK": "Gunungkidul", "WADMPR": "Daerah Istimewa Yogyakarta", "WIADKC": null, "WIADKK": null, "WIADPR": null, "WIADKD": null, "UUPP": "Data dari Pemerintah Daerah", "LUAS": 25.10340289 }, "geometry": { "type": "MultiLineString", "coordinates": [ [ [ 110.520275471883124, -8.125631860146267, 0.0 ], [ 110.520299465000051, -8.125651033999972, 0.0 ], [ 110.520345546000044, -8.125675977999904, 0.0 ], [ 110.520393565000106, -8.125687521999971, 0.0 ], [ 110.520424306000066, -8.125687557999974, 0.0 ], [ 110.520480034000059, -8.125678050999987, 0.0 ], [ 110.52052231, -8.12567235699996, 0.0 ], [ 110.520570018993922, -8.125664264963763, 0.0 ] ], [ [ 110.522072270000081, -8.126116446999934, 0.0 ], [ 110.522097227000103, -8.126133706999941, 0.0 ] ], [ [ 110.52389263600007, -8.127801489, 0.0 ], [ 110.523893635000064, -8.127768941999971, 0.0 ] ], [ [ 110.522566637136023, -8.127786515045656, 0.0 ], [ 110.522557636516751, -8.127813317660362, 0.0 ] ], [ [ 110.523944946000043, -8.128247644999966, 0.0 ], [ 110.52392578900006, -8.128199757999912, 0.0 ] ] ] } },
{ "type": "Feature", "properties": { "FID_Garis_": 2758, "OBJECTID": 32986, "NAMOBJ": "Garis Pantai", "FCODE": "DB02080140", "REMARK": null, "METADATA": null, "SRS_ID": "4326", "DTMVER": 2, "ELEVAS": 0.0, "KARGPN": 3, "TIPGPN": 4, "KODGPN": null, "THNSBDATA": "2025", "SBDATA": 6, "SKL": 6, "THNPBL": "2025", "KET": null, "SHAPE_Leng": 0.0079374514, "FID_Batas_": 4621, "OBJECTID_1": 4051.0, "NAMOBJ_1": "Kanigoro", "FCODE_1": "BA03070040", "REMARK_1": null, "METADATA_1": "TASWIL1000020221227_DATA_BATAS_DESAKELURAHAN", "SRS_ID_1": "4326", "KDBBPS": null, "KDCBPS": null, "KDCPUM": "34.03.15", "KDEBPS": null, "KDEPUM": "34.03.15.2005", "KDPBPS": null, "KDPKAB": "34.03", "KDPPUM": "34", "LUASWH": 0.0, "TIPADM": 1.0, "WADMKC": "Saptosari", "WADMKD": "Kanigoro", "WADMKK": "Gunungkidul", "WADMPR": "Daerah Istimewa Yogyakarta", "WIADKC": null, "WIADKK": null, "WIADPR": null, "WIADKD": null, "UUPP": "Data dari Pemerintah Daerah", "LUAS": 25.10340289 }, "geometry": { "type": "MultiLineString", "coordinates": [ [ [ 110.516984560507098, -8.124794013272432, 0.0 ], [ 110.517020896000105, -8.124745392999912, 0.0 ] ] ] } },
{ "type": "Feature", "properties": { "FID_Garis_": 2760, "OBJECTID": 32988, "NAMOBJ": "Garis Pantai", "FCODE": "DB02080140", "REMARK": null, "METADATA": null, "SRS_ID": "4326", "DTMVER": 2, "ELEVAS": 0.0, "KARGPN": 3, "TIPGPN": 4, "KODGPN": null, "THNSBDATA": "2025", "SBDATA": 6, "SKL": 6, "THNPBL": "2025", "KET": null, "SHAPE_Leng": 0.00433520991, "FID_Batas_": 4621, "OBJECTID_1": 4051.0, "NAMOBJ_1": "Kanigoro", "FCODE_1": "BA03070040", "REMARK_1": null, "METADATA_1": "TASWIL1000020221227_DATA_BATAS_DESAKELURAHAN", "SRS_ID_1": "4326", "KDBBPS": null, "KDCBPS": null, "KDCPUM": "34.03.15", "KDEBPS": null, "KDEPUM": "34.03.15.2005", "KDPBPS": null, "KDPKAB": "34.03", "KDPPUM": "34", "LUASWH": 0.0, "TIPADM": 1.0, "WADMKC": "Saptosari", "WADMKD": "Kanigoro", "WADMKK": "Gunungkidul", "WADMPR": "Daerah Istimewa Yogyakarta", "WIADKC": null, "WIADKK": null, "WIADPR": null, "WIADKD": null, "UUPP": "Data dari Pemerintah Daerah", "LUAS": 25.10340289 }, "geometry": { "type": "MultiLineString", "coordinates": [ [ [ 110.514545838000046, -8.12350946499997, 0.0 ], [ 110.514582358989216, -8.123513668093931, 0.0 ] ] ] } },
{ "type": "Feature", "properties": { "FID_Garis_": 2762, "OBJECTID": 32990, "NAMOBJ": "Garis Pantai", "FCODE": "DB02080140", "REMARK": null, "METADATA": null, "SRS_ID": "4326", "DTMVER": 2, "ELEVAS": 0.0, "KARGPN": 3, "TIPGPN": 4, "KODGPN": null, "THNSBDATA": "2025", "SBDATA": 6, "SKL": 6, "THNPBL": "2025", "KET": null, "SHAPE_Leng": 0.01125064175, "FID_Batas_": 4621, "OBJECTID_1": 4051.0, "NAMOBJ_1": "Kanigoro", "FCODE_1": "BA03070040", "REMARK_1": null, "METADATA_1": "TASWIL1000020221227_DATA_BATAS_DESAKELURAHAN", "SRS_ID_1": "4326", "KDBBPS": null, "KDCBPS": null, "KDCPUM": "34.03.15", "KDEBPS": null, "KDEPUM": "34.03.15.2005", "KDPBPS": null, "KDPKAB": "34.03", "KDPPUM": "34", "LUASWH": 0.0, "TIPADM": 1.0, "WADMKC": "Saptosari", "WADMKD": "Kanigoro", "WADMKK": "Gunungkidul", "WADMPR": "Daerah Istimewa Yogyakarta", "WIADKC": null, "WIADKK": null, "WIADPR": null, "WIADKD": null, "UUPP": "Data dari Pemerintah Daerah", "LUAS": 25.10340289 }, "geometry": { "type": "MultiLineString", "coordinates": [ [ [ 110.509636433856656, -8.121040961109074, 0.0 ], [ 110.509657212000036, -8.121068273999956, 0.0 ], [ 110.509730118000036, -8.121152602999917, 0.0 ], [ 110.509799228000062, -8.121198634999907, 0.0 ] ] ] } },
{ "type": "Feature", "properties": { "FID_Garis_": 2772, "OBJECTID": 33000, "NAMOBJ": "Garis Pantai", "FCODE": "DB02080140", "REMARK": null, "METADATA": null, "SRS_ID": "4326", "DTMVER": 2, "ELEVAS": 0.0, "KARGPN": 3, "TIPGPN": 4, "KODGPN": null, "THNSBDATA": "2025", "SBDATA": 6, "SKL": 6, "THNPBL": "2025", "KET": null, "SHAPE_Leng": 0.00417164428, "FID_Batas_": 4621, "OBJECTID_1": 4051.0, "NAMOBJ_1": "Kanigoro", "FCODE_1": "BA03070040", "REMARK_1": null, "METADATA_1": "TASWIL1000020221227_DATA_BATAS_DESAKELURAHAN", "SRS_ID_1": "4326", "KDBBPS": null, "KDCBPS": null, "KDCPUM": "34.03.15", "KDEBPS": null, "KDEPUM": "34.03.15.2005", "KDPBPS": null, "KDPKAB": "34.03", "KDPPUM": "34", "LUASWH": 0.0, "TIPADM": 1.0, "WADMKC": "Saptosari", "WADMKD": "Kanigoro", "WADMKK": "Gunungkidul", "WADMPR": "Daerah Istimewa Yogyakarta", "WIADKC": null, "WIADKK": null, "WIADPR": null, "WIADKD": null, "UUPP": "Data dari Pemerintah Daerah", "LUAS": 25.10340289 }, "geometry": { "type": "MultiLineString", "coordinates": [ [ [ 110.49904496050398, -8.118060972059951, 0.0 ], [ 110.499059377000066, -8.11805715999995, 0.0 ], [ 110.499103585000086, -8.11804189799993, 0.0 ], [ 110.499126666000038, -8.118020865999966, 0.0 ] ], [ [ 110.498817323167003, -8.118036759221017, 0.0 ], [ 110.498830769000079, -8.118039648000011, 0.0 ] ] ] } },
{ "type": "Feature", "properties": { "FID_Garis_": 2774, "OBJECTID": 33002, "NAMOBJ": "Garis Pantai", "FCODE": "DB02080140", "REMARK": null, "METADATA": null, "SRS_ID": "4326", "DTMVER": 2, "ELEVAS": 0.0, "KARGPN": 3, "TIPGPN": 4, "KODGPN": null, "THNSBDATA": "2025", "SBDATA": 6, "SKL": 6, "THNPBL": "2025", "KET": null, "SHAPE_Leng": 0.00196062702, "FID_Batas_": 4633, "OBJECTID_1": 4063.0, "NAMOBJ_1": "Krambilsawit", "FCODE_1": "BA03070040", "REMARK_1": null, "METADATA_1": "TASWIL1000020221227_DATA_BATAS_DESAKELURAHAN", "SRS_ID_1": "4326", "KDBBPS": null, "KDCBPS": null, "KDCPUM": "34.03.15", "KDEBPS": null, "KDEPUM": "34.03.15.2001", "KDPBPS": null, "KDPKAB": "34.03", "KDPPUM": "34", "LUASWH": 0.0, "TIPADM": 1.0, "WADMKC": "Saptosari", "WADMKD": "Krambilsawit", "WADMKK": "Gunungkidul", "WADMPR": "Daerah Istimewa Yogyakarta", "WIADKC": null, "WIADKK": null, "WIADPR": null, "WIADKD": null, "UUPP": "Data dari Pemerintah Daerah", "LUAS": 14.45394894 }, "geometry": { "type": "MultiLineString", "coordinates": [ [ [ 110.494708307843013, -8.116809785847803, 0.0 ], [ 110.494740799000056, -8.116776246000015, 0.0 ], [ 110.4948292750001, -8.116697858999924, 0.0 ] ] ] } },
{ "type": "Feature", "properties": { "FID_Garis_": 2782, "OBJECTID": 33010, "NAMOBJ": "Garis Pantai", "FCODE": "DB02080140", "REMARK": null, "METADATA": null, "SRS_ID": "4326", "DTMVER": 2, "ELEVAS": 0.0, "KARGPN": 5, "TIPGPN": 4, "KODGPN": null, "THNSBDATA": "2025", "SBDATA": 6, "SKL": 6, "THNPBL": "2025", "KET": null, "SHAPE_Leng": 0.00099914618, "FID_Batas_": 4603, "OBJECTID_1": 4033.0, "NAMOBJ_1": "Girikarto", "FCODE_1": "BA03070040", "REMARK_1": null, "METADATA_1": "TASWIL1000020221227_DATA_BATAS_DESAKELURAHAN", "SRS_ID_1": "4326", "KDBBPS": null, "KDCBPS": null, "KDCPUM": "34.03.06", "KDEBPS": null, "KDEPUM": "34.03.06.2001", "KDPBPS": null, "KDPKAB": "34.03", "KDPPUM": "34", "LUASWH": 0.0, "TIPADM": 1.0, "WADMKC": "Panggang", "WADMKD": "Girikarto", "WADMKK": "Gunungkidul", "WADMPR": "Daerah Istimewa Yogyakarta", "WIADKC": null, "WIADKK": null, "WIADPR": null, "WIADKD": null, "UUPP": "Data dari Pemerintah Daerah", "LUAS": 13.88810543 }, "geometry": { "type": "MultiLineString", "coordinates": [ [ [ 110.468411477000089, -8.10846801499995, 0.0 ], [ 110.468393808050592, -8.108448006955307, 0.0 ] ] ] } },
{ "type": "Feature", "properties": { "FID_Garis_": 2783, "OBJECTID": 33011, "NAMOBJ": "Garis Pantai", "FCODE": "DB02080140", "REMARK": null, "METADATA": null, "SRS_ID": "4326", "DTMVER": 2, "ELEVAS": 0.0, "KARGPN": 3, "TIPGPN": 4, "KODGPN": null, "THNSBDATA": "2025", "SBDATA": 6, "SKL": 6, "THNPBL": "2025", "KET": null, "SHAPE_Leng": 0.04254300753, "FID_Batas_": 4603, "OBJECTID_1": 4033.0, "NAMOBJ_1": "Girikarto", "FCODE_1": "BA03070040", "REMARK_1": null, "METADATA_1": "TASWIL1000020221227_DATA_BATAS_DESAKELURAHAN", "SRS_ID_1": "4326", "KDBBPS": null, "KDCBPS": null, "KDCPUM": "34.03.06", "KDEBPS": null, "KDEPUM": "34.03.06.2001", "KDPBPS": null, "KDPKAB": "34.03", "KDPPUM": "34", "LUASWH": 0.0, "TIPADM": 1.0, "WADMKC": "Panggang", "WADMKD": "Girikarto", "WADMKK": "Gunungkidul", "WADMPR": "Daerah Istimewa Yogyakarta", "WIADKC": null, "WIADKK": null, "WIADPR": null, "WIADKD": null, "UUPP": "Data dari Pemerintah Daerah", "LUAS": 13.88810543 }, "geometry": { "type": "MultiLineString", "coordinates": [ [ [ 110.441054381000072, -8.099590034999906, 0.0 ], [ 110.441061997000077, -8.09963982399994, 0.0 ] ], [ [ 110.452972171000013, -8.101775373999978, 0.0 ], [ 110.453031655000046, -8.10182906099989, 0.0 ] ], [ [ 110.453750140996618, -8.101868312590934, 0.0 ], [ 110.453750179730164, -8.101868315233798, 0.0 ] ], [ [ 110.45775436800001, -8.104331943999945, 0.0 ], [ 110.45775962193045, -8.104334772129231, 0.0 ], [ 110.457791803932409, -8.104352096125691, 0.0 ] ], [ [ 110.457853059954971, -8.104377722195935, 0.0 ], [ 110.457921428000063, -8.10439343199997, 0.0 ] ], [ [ 110.463167377164737, -8.107522360761301, 0.0 ], [ 110.463203047006118, -8.107546973991067, 0.0 ] ], [ [ 110.465519589832581, -8.108786500287692, 0.0 ], [ 110.465535009000035, -8.108795471999954, 0.0 ], [ 110.46558749218805, -8.108856106783726, 0.0 ] ], [ [ 110.469193698162954, -8.109193376088832, 0.0 ], [ 110.46916752700011, -8.109156325999969, 0.0 ], [ 110.469160333062234, -8.109149488934566, 0.0 ] ] ] } },
{ "type": "Feature", "properties": { "FID_Garis_": 2788, "OBJECTID": 33016, "NAMOBJ": "Garis Pantai", "FCODE": "DB02080140", "REMARK": null, "METADATA": null, "SRS_ID": "4326", "DTMVER": 2, "ELEVAS": 0.0, "KARGPN": 3, "TIPGPN": 4, "KODGPN": null, "THNSBDATA": "2025", "SBDATA": 6, "SKL": 6, "THNPBL": "2025", "KET": null, "SHAPE_Leng": 0.05782683193, "FID_Batas_": 4601, "OBJECTID_1": 4031.0, "NAMOBJ_1": "Giricahyo", "FCODE_1": "BA03070040", "REMARK_1": null, "METADATA_1": "TASWIL1000020221227_DATA_BATAS_DESAKELURAHAN", "SRS_ID_1": "4326", "KDBBPS": null, "KDCBPS": null, "KDCPUM": "34.03.18", "KDEBPS": null, "KDEPUM": "34.03.18.2002", "KDPBPS": null, "KDPKAB": "34.03", "KDPPUM": "34", "LUASWH": 0.0, "TIPADM": 1.0, "WADMKC": "Purwosari", "WADMKD": "Giricahyo", "WADMKK": "Gunungkidul", "WADMPR": "Daerah Istimewa Yogyakarta", "WIADKC": null, "WIADKK": null, "WIADPR": null, "WIADKD": null, "UUPP": "Data dari Pemerintah Daerah", "LUAS": 16.36313372 }, "geometry": { "type": "MultiLineString", "coordinates": [ [ [ 110.351677529000057, -8.045450521, 0.0 ], [ 110.351699047000068, -8.045507990999958, 0.0 ] ], [ [ 110.356028217000059, -8.053096318999966, 0.0 ], [ 110.356088199000055, -8.053125130999952, 0.0 ] ], [ [ 110.357793973850136, -8.05479224414988, 0.0 ], [ 110.357838325000088, -8.054836586999983, 0.0 ], [ 110.357934230000026, -8.05492528399995, 0.0 ], [ 110.358034863000086, -8.055061850999969, 0.0 ], [ 110.358078008000021, -8.055109781999938, 0.0 ] ], [ [ 110.358833214000072, -8.055842071999955, 0.0 ], [ 110.358876365000086, -8.055886412999982, 0.0 ], [ 110.358929075252874, -8.055959486750321, 0.0 ] ], [ [ 110.359797037030262, -8.05685119395422, 0.0 ], [ 110.359955200000087, -8.056955444999971, 0.0 ], [ 110.360053564000054, -8.057008247999899, 0.0 ] ], [ [ 110.362444289877402, -8.058299490063572, 0.0 ], [ 110.36247660800008, -8.058361762999979, 0.0 ] ] ] } },
{ "type": "Feature", "properties": { "FID_Garis_": 2788, "OBJECTID": 33016, "NAMOBJ": "Garis Pantai", "FCODE": "DB02080140", "REMARK": null, "METADATA": null, "SRS_ID": "4326", "DTMVER": 2, "ELEVAS": 0.0, "KARGPN": 3, "TIPGPN": 4, "KODGPN": null, "THNSBDATA": "2025", "SBDATA": 6, "SKL": 6, "THNPBL": "2025", "KET": null, "SHAPE_Leng": 0.05782683193, "FID_Batas_": 4607, "OBJECTID_1": 4037.0, "NAMOBJ_1": "Giripurwo", "FCODE_1": "BA03070040", "REMARK_1": null, "METADATA_1": "TASWIL1000020221227_DATA_BATAS_DESAKELURAHAN", "SRS_ID_1": "4326", "KDBBPS": null, "KDCBPS": null, "KDCPUM": "34.03.18", "KDEBPS": null, "KDEPUM": "34.03.18.2001", "KDPBPS": null, "KDPKAB": "34.03", "KDPPUM": "34", "LUASWH": 0.0, "TIPADM": 1.0, "WADMKC": "Purwosari", "WADMKD": "Giripurwo", "WADMKK": "Gunungkidul", "WADMPR": "Daerah Istimewa Yogyakarta", "WIADKC": null, "WIADKK": null, "WIADPR": null, "WIADKD": null, "UUPP": "Data dari Pemerintah Daerah", "LUAS": 26.52539002 }, "geometry": { "type": "MultiLineString", "coordinates": [ [ [ 110.380373669000022, -8.071774165999948, 0.0 ], [ 110.380422637027976, -8.071778677697896, 0.0 ] ] ] } },
{ "type": "Feature", "properties": { "FID_Garis_": 1728, "OBJECTID": 31955, "NAMOBJ": "Garis Pantai", "FCODE": "DB02080140", "REMARK": null, "METADATA": null, "SRS_ID": "4326", "DTMVER": 5, "ELEVAS": 0.0, "KARGPN": 5, "TIPGPN": 4, "KODGPN": null, "THNSBDATA": "2025", "SBDATA": 6, "SKL": 6, "THNPBL": "2025", "KET": null, "SHAPE_Leng": 0.04373369874, "FID_Batas_": 4402, "OBJECTID_1": 3832.0, "NAMOBJ_1": "Gadingsari", "FCODE_1": "BA03070040", "REMARK_1": "Wilayah Administrasi Kelurahan/Desa", "METADATA_1": "TASWIL1000020221227_DATA_BATAS_DESAKELURAHAN", "SRS_ID_1": "4326", "KDBBPS": null, "KDCBPS": null, "KDCPUM": "34.02.02", "KDEBPS": null, "KDEPUM": "34.02.02.2001", "KDPBPS": null, "KDPKAB": "34.02", "KDPPUM": "34", "LUASWH": 0.0, "TIPADM": 1.0, "WADMKC": "Sanden", "WADMKD": "Gadingsari", "WADMKK": "Bantul", "WADMPR": "Daerah Istimewa Yogyakarta", "WIADKC": null, "WIADKK": null, "WIADPR": null, "WIADKD": null, "UUPP": "Data RBI Skala 1:25.000", "LUAS": 7.77609317 }, "geometry": { "type": "MultiLineString", "coordinates": [ [ [ 110.258436692361315, -8.0027326970764, 0.0 ], [ 110.25785306900012, -8.002509530999937, 0.0 ], [ 110.257016161000053, -8.002203153999989, 0.0 ], [ 110.256873393000063, -8.002149615999912, 0.0 ], [ 110.256637826000116, -8.002031831999936, 0.0 ], [ 110.256318129000036, -8.001886469999899, 0.0 ], [ 110.255991803000128, -8.001796265999896, 0.0 ], [ 110.255499254000057, -8.001582113999941, 0.0 ], [ 110.254699755000075, -8.001285870999943, 0.0 ], [ 110.254292867000061, -8.001164518999939, 0.0 ], [ 110.253918102000057, -8.001068150999959, 0.0 ], [ 110.253443400000037, -8.000853998999915, 0.0 ], [ 110.252704577000102, -8.000561325999946, 0.0 ], [ 110.252490425000047, -8.000452465, 0.0 ], [ 110.252099599000047, -8.000309697, 0.0 ], [ 110.251922924000084, -8.000275789999947, 0.0 ], [ 110.251351854000092, -8.00006877699996, 0.0 ], [ 110.250645154000054, -7.999776102999902, 0.0 ], [ 110.250006268000035, -7.999447738, 0.0 ], [ 110.249731441000037, -7.999351369999931, 0.0 ], [ 110.249492305000061, -7.999247862999893, 0.0 ], [ 110.248914096000092, -7.999030142, 0.0 ], [ 110.248589299000031, -7.998915927999962, 0.0 ], [ 110.248332318000095, -7.998823128999923, 0.0 ], [ 110.247211591000081, -7.998398395999952, 0.0 ], [ 110.246704766000079, -7.998205659, 0.0 ], [ 110.246008774000046, -7.997952246999986, 0.0 ], [ 110.245529776000112, -7.997770019, 0.0 ], [ 110.244962259000047, -7.997559855999937, 0.0 ], [ 110.244443335000099, -7.99735319699998, 0.0 ], [ 110.244120672000051, -7.997224130999959, 0.0 ], [ 110.243481786000032, -7.996935026999931, 0.0 ], [ 110.242907147000011, -7.996717305999947, 0.0 ], [ 110.242596627000069, -7.996610230999969, 0.0 ], [ 110.241878594692054, -7.996335385434196, 0.0 ] ] ] } },
{ "type": "Feature", "properties": { "FID_Garis_": 1728, "OBJECTID": 31955, "NAMOBJ": "Garis Pantai", "FCODE": "DB02080140", "REMARK": null, "METADATA": null, "SRS_ID": "4326", "DTMVER": 5, "ELEVAS": 0.0, "KARGPN": 5, "TIPGPN": 4, "KODGPN": null, "THNSBDATA": "2025", "SBDATA": 6, "SKL": 6, "THNPBL": "2025", "KET": null, "SHAPE_Leng": 0.04373369874, "FID_Batas_": 4492, "OBJECTID_1": 3922.0, "NAMOBJ_1": "Poncosari", "FCODE_1": "BA03070040", "REMARK_1": "Wilayah Administrasi Kelurahan/Desa", "METADATA_1": "TASWIL1000020221227_DATA_BATAS_DESAKELURAHAN", "SRS_ID_1": "4326", "KDBBPS": null, "KDCBPS": null, "KDCPUM": "34.02.01", "KDEBPS": null, "KDEPUM": "34.02.01.2001", "KDPBPS": null, "KDPKAB": "34.02", "KDPPUM": "34", "LUASWH": 0.0, "TIPADM": 1.0, "WADMKC": "Srandakan", "WADMKD": "Poncosari", "WADMKK": "Bantul", "WADMPR": "Daerah Istimewa Yogyakarta", "WIADKC": null, "WIADKK": null, "WIADPR": null, "WIADKD": null, "UUPP": "Data RBI Skala 1:25.000", "LUAS": 11.91137789 }, "geometry": { "type": "MultiLineString", "coordinates": [ [ [ 110.241878594692054, -7.996335385434196, 0.0 ], [ 110.241850666000076, -7.996324694999969, 0.0 ], [ 110.241272457000022, -7.996089128999929, 0.0 ], [ 110.240665694000086, -7.995871407999945, 0.0 ], [ 110.240223114000059, -7.995692947999923, 0.0 ], [ 110.239181088000095, -7.995231959999972, 0.0 ], [ 110.237898063000074, -7.994787819999906, 0.0 ], [ 110.236301607000044, -7.994195943999961, 0.0 ], [ 110.235333322000045, -7.993833399999985, 0.0 ], [ 110.234258995000062, -7.993365834999934, 0.0 ], [ 110.233031194, -7.992966085999988, 0.0 ], [ 110.232716088000032, -7.992899513999897, 0.0 ], [ 110.232459586000033, -7.992829245999945, 0.0 ], [ 110.232128188000061, -7.992676981999959, 0.0 ], [ 110.231475026000027, -7.992416430999984, 0.0 ], [ 110.23072906500002, -7.992141602999893, 0.0 ], [ 110.230008088000062, -7.99187034399992, 0.0 ], [ 110.229804645000101, -7.991815020999961, 0.0 ], [ 110.227681662000037, -7.991176151999947, 0.0 ], [ 110.22744184, -7.991092259999934, 0.0 ], [ 110.225952713000069, -7.990674476, 0.0 ], [ 110.225421791000102, -7.99052448099994, 0.0 ], [ 110.223759255000033, -7.989944066999967, 0.0 ], [ 110.223169517000088, -7.989746674999977, 0.0 ], [ 110.22218085100009, -7.989389756000022, 0.0 ], [ 110.221060125000093, -7.989036406, 0.0 ], [ 110.22052117700008, -7.988840100999929, 0.0 ], [ 110.219978660000038, -7.988711609999956, 0.0 ], [ 110.219457558, -7.988540289, 0.0 ], [ 110.219172023000098, -7.988426073999956, 0.0 ], [ 110.21835110900011, -7.988087000999967, 0.0 ], [ 110.217935683000036, -7.987936484999948, 0.0 ] ] ] } },
{ "type": "Feature", "properties": { "FID_Garis_": 1728, "OBJECTID": 31955, "NAMOBJ": "Garis Pantai", "FCODE": "DB02080140", "REMARK": null, "METADATA": null, "SRS_ID": "4326", "DTMVER": 5, "ELEVAS": 0.0, "KARGPN": 5, "TIPGPN": 4, "KODGPN": null, "THNSBDATA": "2025", "SBDATA": 6, "SKL": 6, "THNPBL": "2025", "KET": null, "SHAPE_Leng": 0.04373369874, "FID_Batas_": 4522, "OBJECTID_1": 3952.0, "NAMOBJ_1": "Srigading", "FCODE_1": "BA03070040", "REMARK_1": "Wilayah Administrasi Kelurahan/Desa", "METADATA_1": "TASWIL1000020221227_DATA_BATAS_DESAKELURAHAN", "SRS_ID_1": "4326", "KDBBPS": null, "KDCBPS": null, "KDCPUM": "34.02.02", "KDEBPS": null, "KDEPUM": "34.02.02.2003", "KDPBPS": null, "KDPKAB": "34.02", "KDPPUM": "34", "LUASWH": 0.0, "TIPADM": 1.0, "WADMKC": "Sanden", "WADMKD": "Srigading", "WADMKK": "Bantul", "WADMPR": "Daerah Istimewa Yogyakarta", "WIADKC": null, "WIADKK": null, "WIADPR": null, "WIADKD": null, "UUPP": "Data RBI Skala 1:25.000", "LUAS": 7.69571896 }, "geometry": { "type": "MultiLineString", "coordinates": [ [ [ 110.258949562000069, -8.002962983999975, 0.0 ], [ 110.258570096000113, -8.002783707999974, 0.0 ], [ 110.258436692361315, -8.0027326970764, 0.0 ] ] ] } },
{ "type": "Feature", "properties": { "FID_Garis_": 1729, "OBJECTID": 31956, "NAMOBJ": "Garis Pantai", "FCODE": "DB02080140", "REMARK": null, "METADATA": null, "SRS_ID": "4326", "DTMVER": 5, "ELEVAS": 0.0, "KARGPN": 5, "TIPGPN": 4, "KODGPN": null, "THNSBDATA": "2025", "SBDATA": 6, "SKL": 6, "THNPBL": "2025", "KET": null, "SHAPE_Leng": 0.03607311537, "FID_Batas_": 4387, "OBJECTID_1": 3817.0, "NAMOBJ_1": "Bugel", "FCODE_1": "BA03070040", "REMARK_1": null, "METADATA_1": "TASWIL1000020221227_DATA_BATAS_DESAKELURAHAN", "SRS_ID_1": "4326", "KDBBPS": null, "KDCBPS": null, "KDCPUM": "34.01.03", "KDEBPS": null, "KDEPUM": "34.01.03.2003", "KDPBPS": null, "KDPKAB": "34.01", "KDPPUM": "34", "LUASWH": 0.0, "TIPADM": 1.0, "WADMKC": "Panjatan", "WADMKD": "Bugel", "WADMKK": "Kulon Progo", "WADMPR": "Daerah Istimewa Yogyakarta", "WIADKC": null, "WIADKK": null, "WIADPR": null, "WIADKD": null, "UUPP": "Data dari Pemerintah Daerah", "LUAS": 6.34962349 }, "geometry": { "type": "MultiLineString", "coordinates": [ [ [ 110.158706844000022, -7.954182841999947, 0.0 ], [ 110.158252269000073, -7.953952046999947, 0.0 ], [ 110.157302864000116, -7.953502328999952, 0.0 ], [ 110.156392720000042, -7.953045471999899, 0.0 ], [ 110.155546822000048, -7.952642153999924, 0.0 ], [ 110.154693785000077, -7.952203142999926, 0.0 ], [ 110.153772934000088, -7.951785548000013, 0.0 ], [ 110.152409503000072, -7.951171646999934, 0.0 ], [ 110.151477944000092, -7.950686236999917, 0.0 ], [ 110.150546385000013, -7.950229379999953, 0.0 ], [ 110.149986022000107, -7.950018797999937, 0.0 ], [ 110.14933020216931, -7.949691767152113, 0.0 ] ] ] } },
{ "type": "Feature", "properties": { "FID_Garis_": 1729, "OBJECTID": 31956, "NAMOBJ": "Garis Pantai", "FCODE": "DB02080140", "REMARK": null, "METADATA": null, "SRS_ID": "4326", "DTMVER": 5, "ELEVAS": 0.0, "KARGPN": 5, "TIPGPN": 4, "KODGPN": null, "THNSBDATA": "2025", "SBDATA": 6, "SKL": 6, "THNPBL": "2025", "KET": null, "SHAPE_Leng": 0.03607311537, "FID_Batas_": 4403, "OBJECTID_1": 3833.0, "NAMOBJ_1": "Garongan", "FCODE_1": "BA03070040", "REMARK_1": null, "METADATA_1": "TASWIL1000020221227_DATA_BATAS_DESAKELURAHAN", "SRS_ID_1": "4326", "KDBBPS": null, "KDCBPS": null, "KDCPUM": "34.01.03", "KDEBPS": null, "KDEPUM": "34.01.03.2001", "KDPBPS": null, "KDPKAB": "34.01", "KDPPUM": "34", "LUASWH": 0.0, "TIPADM": 1.0, "WADMKC": "Panjatan", "WADMKD": "Garongan", "WADMKK": "Kulon Progo", "WADMPR": "Daerah Istimewa Yogyakarta", "WIADKC": null, "WIADKK": null, "WIADPR": null, "WIADKD": null, "UUPP": "Data dari Pemerintah Daerah", "LUAS": 6.24675881 }, "geometry": { "type": "MultiLineString", "coordinates": [ [ [ 110.128245185594011, -7.940025004678421, 0.0 ], [ 110.12782848100008, -7.939843032999895, 0.0 ], [ 110.126700616, -7.93924697799996, 0.0 ], [ 110.126031235000056, -7.938943575999903, 0.0 ] ] ] } },
{ "type": "Feature", "properties": { "FID_Garis_": 1729, "OBJECTID": 31956, "NAMOBJ": "Garis Pantai", "FCODE": "DB02080140", "REMARK": null, "METADATA": null, "SRS_ID": "4326", "DTMVER": 5, "ELEVAS": 0.0, "KARGPN": 5, "TIPGPN": 4, "KODGPN": null, "THNSBDATA": "2025", "SBDATA": 6, "SKL": 6, "THNPBL": "2025", "KET": null, "SHAPE_Leng": 0.03607311537, "FID_Batas_": 4489, "OBJECTID_1": 3919.0, "NAMOBJ_1": "Pleret", "FCODE_1": "BA03070040", "REMARK_1": null, "METADATA_1": "TASWIL1000020221227_DATA_BATAS_DESAKELURAHAN", "SRS_ID_1": "4326", "KDBBPS": null, "KDCBPS": null, "KDCPUM": "34.01.03", "KDEBPS": null, "KDEPUM": "34.01.03.2002", "KDPBPS": null, "KDPKAB": "34.01", "KDPPUM": "34", "LUASWH": 0.0, "TIPADM": 1.0, "WADMKC": "Panjatan", "WADMKD": "Pleret", "WADMKK": "Kulon Progo", "WADMPR": "Daerah Istimewa Yogyakarta", "WIADKC": null, "WIADKK": null, "WIADPR": null, "WIADKD": null, "UUPP": "Data dari Pemerintah Daerah", "LUAS": 6.36993865 }, "geometry": { "type": "MultiLineString", "coordinates": [ [ [ 110.14933020216931, -7.949691767152113, 0.0 ], [ 110.148654713, -7.949354927999898, 0.0 ], [ 110.147840938000087, -7.949001577999971, 0.0 ], [ 110.146916517000065, -7.94853758299995, 0.0 ], [ 110.145906436000075, -7.948020050999939, 0.0 ], [ 110.144628665000127, -7.947434702999913, 0.0 ], [ 110.143133174000113, -7.94673514199994, 0.0 ], [ 110.141880388000018, -7.946149793999914, 0.0 ], [ 110.141484207000104, -7.946007026999914, 0.0 ], [ 110.140185022000082, -7.94536100299993, 0.0 ], [ 110.139228478000064, -7.944986237999919, 0.0 ], [ 110.138768053000078, -7.944761378999966, 0.0 ], [ 110.138486087000018, -7.944665009999897, 0.0 ], [ 110.137597358000022, -7.94426882999998, 0.0 ], [ 110.13720831600007, -7.944108216999925, 0.0 ], [ 110.135837746000092, -7.943476469999967, 0.0 ], [ 110.1352666760001, -7.943198072999937, 0.0 ], [ 110.13367481600001, -7.94241642000001, 0.0 ], [ 110.133018085000032, -7.942130884999922, 0.0 ], [ 110.132586213000081, -7.941955993999929, 0.0 ], [ 110.132193602000115, -7.941784672999964, 0.0 ], [ 110.131597547000084, -7.941516983999931, 0.0 ], [ 110.130159163000087, -7.940917358999967, 0.0 ], [ 110.129209758000059, -7.940446225999977, 0.0 ], [ 110.128245185594011, -7.940025004678421, 0.0 ] ] ] } },
{ "type": "Feature", "properties": { "FID_Garis_": 1730, "OBJECTID": 31957, "NAMOBJ": "Garis Penutup Pasang Tertinggi", "FCODE": "DB02080350", "REMARK": null, "METADATA": null, "SRS_ID": "4326", "DTMVER": 5, "ELEVAS": 0.0, "KARGPN": 999, "TIPGPN": 999, "KODGPN": null, "THNSBDATA": "2025", "SBDATA": 6, "SKL": 6, "THNPBL": "2025", "KET": null, "SHAPE_Leng": 0.00158123732, "FID_Batas_": 4411, "OBJECTID_1": 3841.0, "NAMOBJ_1": "Glagah", "FCODE_1": "BA03070040", "REMARK_1": null, "METADATA_1": "TASWIL1000020221227_DATA_BATAS_DESAKELURAHAN", "SRS_ID_1": "4326", "KDBBPS": null, "KDCBPS": null, "KDCPUM": "34.01.01", "KDEBPS": null, "KDEPUM": "34.01.01.2004", "KDPBPS": null, "KDPKAB": "34.01", "KDPPUM": "34", "LUASWH": 0.0, "TIPADM": 1.0, "WADMKC": "Temon", "WADMKD": "Glagah", "WADMKK": "Kulon Progo", "WADMPR": "Daerah Istimewa Yogyakarta", "WIADKC": null, "WIADKK": null, "WIADPR": null, "WIADKD": null, "UUPP": "Data dari Pemerintah Daerah", "LUAS": 6.01635593 }, "geometry": { "type": "MultiLineString", "coordinates": [ [ [ 110.078355194270785, -7.917502917833764, 0.0 ], [ 110.078021525000082, -7.917409140999911, 0.0 ] ] ] } },
{ "type": "Feature", "properties": { "FID_Garis_": 1730, "OBJECTID": 31957, "NAMOBJ": "Garis Penutup Pasang Tertinggi", "FCODE": "DB02080350", "REMARK": null, "METADATA": null, "SRS_ID": "4326", "DTMVER": 5, "ELEVAS": 0.0, "KARGPN": 999, "TIPGPN": 999, "KODGPN": null, "THNSBDATA": "2025", "SBDATA": 6, "SKL": 6, "THNPBL": "2025", "KET": null, "SHAPE_Leng": 0.00158123732, "FID_Batas_": 4442, "OBJECTID_1": 3872.0, "NAMOBJ_1": "Karangwuni", "FCODE_1": "BA03070040", "REMARK_1": null, "METADATA_1": "TASWIL1000020221227_DATA_BATAS_DESAKELURAHAN", "SRS_ID_1": "4326", "KDBBPS": null, "KDCBPS": null, "KDCPUM": "34.01.02", "KDEBPS": null, "KDEPUM": "34.01.02.2001", "KDPBPS": null, "KDPKAB": "34.01", "KDPPUM": "34", "LUASWH": 0.0, "TIPADM": 1.0, "WADMKC": "Wates", "WADMKD": "Karangwuni", "WADMKK": "Kulon Progo", "WADMPR": "Daerah Istimewa Yogyakarta", "WIADKC": null, "WIADKK": null, "WIADPR": null, "WIADKD": null, "UUPP": "Data dari Pemerintah Daerah", "LUAS": 7.16034617 }, "geometry": { "type": "MultiLineString", "coordinates": [ [ [ 110.079543785000098, -7.91783696799996, 0.0 ], [ 110.078355194270785, -7.917502917833764, 0.0 ] ] ] } },
{ "type": "Feature", "properties": { "FID_Garis_": 1731, "OBJECTID": 31958, "NAMOBJ": "Garis Pantai", "FCODE": "DB02080140", "REMARK": null, "METADATA": null, "SRS_ID": "4326", "DTMVER": 5, "ELEVAS": 0.0, "KARGPN": 5, "TIPGPN": 4, "KODGPN": null, "THNSBDATA": "2025", "SBDATA": 6, "SKL": 6, "THNPBL": "2025", "KET": null, "SHAPE_Leng": 0.04932706317, "FID_Batas_": 4411, "OBJECTID_1": 3841.0, "NAMOBJ_1": "Glagah", "FCODE_1": "BA03070040", "REMARK_1": null, "METADATA_1": "TASWIL1000020221227_DATA_BATAS_DESAKELURAHAN", "SRS_ID_1": "4326", "KDBBPS": null, "KDCBPS": null, "KDCPUM": "34.01.01", "KDEBPS": null, "KDEPUM": "34.01.01.2004", "KDPBPS": null, "KDPKAB": "34.01", "KDPPUM": "34", "LUASWH": 0.0, "TIPADM": 1.0, "WADMKC": "Temon", "WADMKD": "Glagah", "WADMKK": "Kulon Progo", "WADMPR": "Daerah Istimewa Yogyakarta", "WIADKC": null, "WIADKK": null, "WIADPR": null, "WIADKD": null, "UUPP": "Data dari Pemerintah Daerah", "LUAS": 6.01635593 }, "geometry": { "type": "MultiLineString", "coordinates": [ [ [ 110.057666298000044, -7.908895527, 0.0 ], [ 110.05736934, -7.90880434, 0.0 ], [ 110.055888488047017, -7.90828679525969, 0.0 ] ], [ [ 110.059744522983891, -7.909753531102072, 0.0 ], [ 110.058543930000013, -7.909296741999973, 0.0 ], [ 110.057969290000074, -7.909046897999906, 0.0 ], [ 110.057811503053458, -7.908959205885536, 0.0 ] ], [ [ 110.06312190012514, -7.911021587629853, 0.0 ], [ 110.061770479000074, -7.910513835999956, 0.0 ], [ 110.061164530000042, -7.910303641999973, 0.0 ], [ 110.059798155000053, -7.909767008999981, 0.0 ] ], [ [ 110.063866532000048, -7.911338500999888, 0.0 ], [ 110.06312980600002, -7.911024557999936, 0.0 ] ], [ [ 110.06446312417313, -7.9115984534622, 0.0 ], [ 110.064307417880471, -7.911522668240546, 0.0 ] ], [ [ 110.07200396016691, -7.914544405568992, 0.0 ], [ 110.07193076900009, -7.914497353999951, 0.0 ], [ 110.071845109, -7.914443816999962, 0.0 ], [ 110.07174160200006, -7.914390278999973, 0.0 ], [ 110.071680926000028, -7.914347447999982, 0.0 ], [ 110.071570281000021, -7.91431175599996, 0.0 ], [ 110.071498897000055, -7.91426535699994, 0.0 ], [ 110.071441790000037, -7.914233233999947, 0.0 ], [ 110.071377545000047, -7.914201111999954, 0.0 ], [ 110.071270469000069, -7.914154711999934, 0.0 ], [ 110.071134840000042, -7.914094035999976, 0.0 ], [ 110.071049179000056, -7.914044066999927, 0.0 ], [ 110.070974226, -7.914015513999963, 0.0 ], [ 110.070870719000041, -7.913994097999967, 0.0 ], [ 110.070760074000034, -7.913961975999974, 0.0 ], [ 110.070624445000092, -7.913919144999983, 0.0 ], [ 110.070535215000078, -7.913887022999989, 0.0 ], [ 110.07044955500001, -7.913872745999963, 0.0 ], [ 110.070246111000046, -7.913804930999947, 0.0 ], [ 110.070049805000068, -7.913722839999905, 0.0 ], [ 110.069821377000082, -7.913626472000014, 0.0 ], [ 110.06972342610122, -7.91359710669889, 0.0 ] ], [ [ 110.072468581054807, -7.914723815329373, 0.0 ], [ 110.072412610000072, -7.914697228999969, 0.0 ], [ 110.072301965000065, -7.91464369099998, 0.0 ], [ 110.072219874000027, -7.914625844999924, 0.0 ], [ 110.072205463901312, -7.914621522010669, 0.0 ] ], [ [ 110.072855171750874, -7.914909821466266, 0.0 ], [ 110.072742958334359, -7.914861032865818, 0.0 ] ] ] } },
{ "type": "Feature", "properties": { "FID_Garis_": 1731, "OBJECTID": 31958, "NAMOBJ": "Garis Pantai", "FCODE": "DB02080140", "REMARK": null, "METADATA": null, "SRS_ID": "4326", "DTMVER": 5, "ELEVAS": 0.0, "KARGPN": 5, "TIPGPN": 4, "KODGPN": null, "THNSBDATA": "2025", "SBDATA": 6, "SKL": 6, "THNPBL": "2025", "KET": null, "SHAPE_Leng": 0.04932706317, "FID_Batas_": 4424, "OBJECTID_1": 3854.0, "NAMOBJ_1": "Jangkaran", "FCODE_1": "BA03070040", "REMARK_1": null, "METADATA_1": "TASWIL1000020221227_DATA_BATAS_DESAKELURAHAN", "SRS_ID_1": "4326", "KDBBPS": null, "KDCBPS": null, "KDCPUM": "34.01.01", "KDEBPS": null, "KDEPUM": "34.01.01.2001", "KDPBPS": null, "KDPKAB": "34.01", "KDPPUM": "34", "LUASWH": 0.0, "TIPADM": 1.0, "WADMKC": "Temon", "WADMKD": "Jangkaran", "WADMKK": "Kulon Progo", "WADMPR": "Daerah Istimewa Yogyakarta", "WIADKC": null, "WIADKK": null, "WIADPR": null, "WIADKD": null, "UUPP": "Data dari Pemerintah Daerah", "LUAS": 3.51076564 }, "geometry": { "type": "MultiLineString", "coordinates": [ [ [ 110.034871932000087, -7.900839115999893, 0.0 ], [ 110.034272237000025, -7.900606760999941, 0.0 ], [ 110.034125363000044, -7.900557217999927, 0.0 ], [ 110.033131372114269, -7.900230899966178, 0.0 ] ], [ [ 110.035939902681577, -7.901234662585423, 0.0 ], [ 110.035587291000027, -7.901138476999971, 0.0 ], [ 110.035343034000078, -7.901045019999965, 0.0 ], [ 110.035139176000087, -7.900950292999943, 0.0 ] ], [ [ 110.036404296060169, -7.901361340036352, 0.0 ], [ 110.036073844731817, -7.901271199362848, 0.0 ] ], [ [ 110.039075108000048, -7.902291538999985, 0.0 ], [ 110.038923961000066, -7.902261938999934, 0.0 ], [ 110.037653375, -7.901827545999963, 0.0 ] ], [ [ 110.039437723039285, -7.902441656827576, 0.0 ], [ 110.039188444, -7.902343227, 0.0 ] ], [ [ 110.039808982780457, -7.902557813541956, 0.0 ], [ 110.039523870000053, -7.902466619999905, 0.0 ] ] ] } },
{ "type": "Feature", "properties": { "FID_Garis_": 1731, "OBJECTID": 31958, "NAMOBJ": "Garis Pantai", "FCODE": "DB02080140", "REMARK": null, "METADATA": null, "SRS_ID": "4326", "DTMVER": 5, "ELEVAS": 0.0, "KARGPN": 5, "TIPGPN": 4, "KODGPN": null, "THNSBDATA": "2025", "SBDATA": 6, "SKL": 6, "THNPBL": "2025", "KET": null, "SHAPE_Leng": 0.04932706317, "FID_Batas_": 4475, "OBJECTID_1": 3905.0, "NAMOBJ_1": "Palihan", "FCODE_1": "BA03070040", "REMARK_1": null, "METADATA_1": "TASWIL1000020221227_DATA_BATAS_DESAKELURAHAN", "SRS_ID_1": "4326", "KDBBPS": null, "KDCBPS": null, "KDCPUM": "34.01.01", "KDEBPS": null, "KDEPUM": "34.01.01.2003", "KDPBPS": null, "KDPKAB": "34.01", "KDPPUM": "34", "LUASWH": 0.0, "TIPADM": 1.0, "WADMKC": "Temon", "WADMKD": "Palihan", "WADMKK": "Kulon Progo", "WADMPR": "Daerah Istimewa Yogyakarta", "WIADKC": null, "WIADKK": null, "WIADPR": null, "WIADKD": null, "UUPP": "Data dari Pemerintah Daerah", "LUAS": 3.63500183 }, "geometry": { "type": "MultiLineString", "coordinates": [ [ [ 110.046109289000029, -7.904733887999916, 0.0 ], [ 110.045016694000054, -7.904356981, 0.0 ], [ 110.044277872000023, -7.904085721999933, 0.0 ], [ 110.044105034841834, -7.904019840672428, 0.0 ] ], [ [ 110.055200830000075, -7.908012455999937, 0.0 ], [ 110.054325146000096, -7.907640636999903, 0.0 ], [ 110.053686260000077, -7.907401501000012, 0.0 ], [ 110.053125897000072, -7.907219471999961, 0.0 ], [ 110.052083693000085, -7.906837568999982, 0.0 ], [ 110.051305610000014, -7.906537756999955, 0.0 ], [ 110.050224145000058, -7.906162991999945, 0.0 ], [ 110.048735792000102, -7.905652597, 0.0 ], [ 110.047961277000056, -7.905377768999901, 0.0 ], [ 110.047011872000013, -7.905067249999965, 0.0 ], [ 110.046248945530991, -7.90477768159711, 0.0 ] ], [ [ 110.055888488047017, -7.90828679525969, 0.0 ], [ 110.055685641000039, -7.908215901999895, 0.0 ], [ 110.0554748160001, -7.908136167999959, 0.0 ], [ 110.055275077, -7.908048336999975, 0.0 ] ] ] } },
{ "type": "Feature", "properties": { "FID_Garis_": 1731, "OBJECTID": 31958, "NAMOBJ": "Garis Pantai", "FCODE": "DB02080140", "REMARK": null, "METADATA": null, "SRS_ID": "4326", "DTMVER": 5, "ELEVAS": 0.0, "KARGPN": 5, "TIPGPN": 4, "KODGPN": null, "THNSBDATA": "2025", "SBDATA": 6, "SKL": 6, "THNPBL": "2025", "KET": null, "SHAPE_Leng": 0.04932706317, "FID_Batas_": 4516, "OBJECTID_1": 3946.0, "NAMOBJ_1": "Sindutan", "FCODE_1": "BA03070040", "REMARK_1": null, "METADATA_1": "TASWIL1000020221227_DATA_BATAS_DESAKELURAHAN", "SRS_ID_1": "4326", "KDBBPS": null, "KDCBPS": null, "KDCPUM": "34.01.01", "KDEBPS": null, "KDEPUM": "34.01.01.2002", "KDPBPS": null, "KDPKAB": "34.01", "KDPPUM": "34", "LUASWH": 0.0, "TIPADM": 1.0, "WADMKC": "Temon", "WADMKD": "Sindutan", "WADMKK": "Kulon Progo", "WADMPR": "Daerah Istimewa Yogyakarta", "WIADKC": null, "WIADKK": null, "WIADPR": null, "WIADKD": null, "UUPP": "Data dari Pemerintah Daerah", "LUAS": 3.05710814 }, "geometry": { "type": "MultiLineString", "coordinates": [ [ [ 110.039938529004331, -7.902599248973309, 0.0 ], [ 110.039808982780457, -7.902557813541956, 0.0 ] ], [ [ 110.040712673441959, -7.902851793988076, 0.0 ], [ 110.040605591000116, -7.902819866999912, 0.0 ], [ 110.039992844000039, -7.902611748000012, 0.0 ] ], [ [ 110.041878661022054, -7.903288543685906, 0.0 ], [ 110.041209656, -7.902999970999892, 0.0 ], [ 110.041067002005065, -7.902957438234227, 0.0 ] ], [ [ 110.043370566341238, -7.903760495024183, 0.0 ], [ 110.042489707000044, -7.903475389999882, 0.0 ], [ 110.04195015830534, -7.903302762028498, 0.0 ] ], [ [ 110.044105034841834, -7.904019840672428, 0.0 ], [ 110.043729049, -7.903876523999943, 0.0 ], [ 110.043610845648985, -7.903838265486164, 0.0 ] ] ] } },
{ "type": "Feature", "properties": { "FID_Garis_": 1733, "OBJECTID": 31960, "NAMOBJ": "Garis Pantai", "FCODE": "DB02080140", "REMARK": null, "METADATA": null, "SRS_ID": "4326", "DTMVER": 2, "ELEVAS": 0.0, "KARGPN": 6, "TIPGPN": 4, "KODGPN": null, "THNSBDATA": "2025", "SBDATA": 6, "SKL": 6, "THNPBL": "2025", "KET": null, "SHAPE_Leng": 0.0002882995, "FID_Batas_": 7391, "OBJECTID_1": 9105.0, "NAMOBJ_1": "Songbanyu", "FCODE_1": "BA03070040", "REMARK_1": null, "METADATA_1": "TASWIL1000020221227_DATA_BATAS_DESAKELURAHAN", "SRS_ID_1": "4326", "KDBBPS": null, "KDCBPS": null, "KDCPUM": "34.03.16", "KDEBPS": null, "KDEPUM": "34.03.16.2008", "KDPBPS": null, "KDPKAB": "34.03", "KDPPUM": "34", "LUASWH": 0.0, "TIPADM": 1.0, "WADMKC": "Girisubo", "WADMKD": "Songbanyu", "WADMKK": "Gunungkidul", "WADMPR": "Daerah Istimewa Yogyakarta", "WIADKC": null, "WIADKK": null, "WIADPR": null, "WIADKD": null, "UUPP": "Data dari Pemerintah Daerah", "LUAS": 15.55045849 }, "geometry": { "type": "MultiLineString", "coordinates": [ [ [ 110.826513419000037, -8.205510325999956, 0.0 ], [ 110.826518371000091, -8.205518514999923, 0.0 ], [ 110.8265216, -8.205546056999893, 0.0 ], [ 110.826520435751206, -8.205558086850608, 0.0 ] ], [ [ 110.826510259000131, -8.205575046999982, 0.0 ], [ 110.82649076600002, -8.20559135299991, 0.0 ], [ 110.826477935000028, -8.205596238999959, 0.0 ], [ 110.826461755000111, -8.205600998, 0.0 ], [ 110.826447478, -8.205590527999931, 0.0 ], [ 110.826429394000101, -8.205572443999944, 0.0 ], [ 110.826435024000034, -8.205556934, 0.0 ], [ 110.826452237000041, -8.205534373, 0.0 ], [ 110.826456035, -8.205527830999895, 0.0 ], [ 110.826471148000081, -8.205519721999934, 0.0 ], [ 110.826472975000058, -8.20551942299991, 0.0 ], [ 110.826486501000034, -8.205524855, 0.0 ], [ 110.826490760000112, -8.205517589999936, 0.0 ], [ 110.826499001000087, -8.205510325999956, 0.0 ] ] ] } },
{ "type": "Feature", "properties": { "FID_Garis_": 1734, "OBJECTID": 31961, "NAMOBJ": "Garis Pantai", "FCODE": "DB02080140", "REMARK": null, "METADATA": null, "SRS_ID": "4326", "DTMVER": 2, "ELEVAS": 0.0, "KARGPN": 6, "TIPGPN": 4, "KODGPN": null, "THNSBDATA": "2025", "SBDATA": 6, "SKL": 6, "THNPBL": "2025", "KET": null, "SHAPE_Leng": 0.00158110315, "FID_Batas_": 7391, "OBJECTID_1": 9105.0, "NAMOBJ_1": "Songbanyu", "FCODE_1": "BA03070040", "REMARK_1": null, "METADATA_1": "TASWIL1000020221227_DATA_BATAS_DESAKELURAHAN", "SRS_ID_1": "4326", "KDBBPS": null, "KDCBPS": null, "KDCPUM": "34.03.16", "KDEBPS": null, "KDEPUM": "34.03.16.2008", "KDPBPS": null, "KDPKAB": "34.03", "KDPPUM": "34", "LUASWH": 0.0, "TIPADM": 1.0, "WADMKC": "Girisubo", "WADMKD": "Songbanyu", "WADMKK": "Gunungkidul", "WADMPR": "Daerah Istimewa Yogyakarta", "WIADKC": null, "WIADKK": null, "WIADPR": null, "WIADKD": null, "UUPP": "Data dari Pemerintah Daerah", "LUAS": 15.55045849 }, "geometry": { "type": "MultiLineString", "coordinates": [ [ [ 110.819421617000074, -8.203581028999931, 0.0 ], [ 110.8194305210001, -8.203555483999949, 0.0 ], [ 110.819461078000046, -8.20350086399996, 0.0 ], [ 110.819506815000111, -8.203439451999941, 0.0 ], [ 110.819565562, -8.203391694999898, 0.0 ], [ 110.81965574200008, -8.20335129799993, 0.0 ], [ 110.819780750000035, -8.203203262999939, 0.0 ], [ 110.81979540800009, -8.203198579999906, 0.0 ], [ 110.819809670146753, -8.2032015819291, 0.0 ] ], [ [ 110.819797571667735, -8.203688104041564, 0.0 ], [ 110.819795891000041, -8.203696674999907, 0.0 ], [ 110.819777385000023, -8.203710674, 0.0 ], [ 110.819734676000039, -8.203708718000016, 0.0 ], [ 110.819700272000034, -8.203700480999956, 0.0 ], [ 110.819647226000086, -8.203712970999923, 0.0 ], [ 110.81959692400001, -8.203721671999933, 0.0 ], [ 110.819526506000045, -8.203712282999955, 0.0 ], [ 110.819467616000054, -8.20368979399996, 0.0 ], [ 110.819442858000059, -8.203671856999986, 0.0 ], [ 110.819428778000045, -8.203658992999987, 0.0 ], [ 110.819419237320062, -8.203608393920305, 0.0 ] ] ] } },
{ "type": "Feature", "properties": { "FID_Garis_": 1735, "OBJECTID": 31962, "NAMOBJ": "Garis Pantai", "FCODE": "DB02080140", "REMARK": null, "METADATA": null, "SRS_ID": "4326", "DTMVER": 2, "ELEVAS": 0.0, "KARGPN": 6, "TIPGPN": 4, "KODGPN": null, "THNSBDATA": "2025", "SBDATA": 6, "SKL": 6, "THNPBL": "2025", "KET": null, "SHAPE_Leng": 0.0004188308, "FID_Batas_": 7395, "OBJECTID_1": 9109.0, "NAMOBJ_1": "Tileng", "FCODE_1": "BA03070040", "REMARK_1": null, "METADATA_1": "TASWIL1000020221227_DATA_BATAS_DESAKELURAHAN", "SRS_ID_1": "4326", "KDBBPS": null, "KDCBPS": null, "KDCPUM": "34.03.16", "KDEBPS": null, "KDEPUM": "34.03.16.2006", "KDPBPS": null, "KDPKAB": "34.03", "KDPPUM": "34", "LUASWH": 0.0, "TIPADM": 1.0, "WADMKC": "Girisubo", "WADMKD": "Tileng", "WADMKK": "Gunungkidul", "WADMPR": "Daerah Istimewa Yogyakarta", "WIADKC": null, "WIADKK": null, "WIADPR": null, "WIADKD": null, "UUPP": "Data dari Pemerintah Daerah", "LUAS": 16.81625767 }, "geometry": { "type": "MultiLineString", "coordinates": [ [ [ 110.74397407992565, -8.195510764980298, 0.0 ], [ 110.743991111000071, -8.195494336999989, 0.0 ], [ 110.744007593, -8.195492099999981, 0.0 ], [ 110.744009252000055, -8.195492772999948, 0.0 ], [ 110.744046800000064, -8.195515009999923, 0.0 ], [ 110.7440870060001, -8.195595733999941, 0.0 ], [ 110.744081747873892, -8.195615671852821, 0.0 ] ], [ [ 110.744075767023588, -8.195620798027328, 0.0 ], [ 110.744059697000054, -8.195626863999941, 0.0 ], [ 110.744025946000107, -8.195630717, 0.0 ], [ 110.743972368059005, -8.195615553978577, 0.0 ] ] ] } },
{ "type": "Feature", "properties": { "FID_Garis_": 1736, "OBJECTID": 31963, "NAMOBJ": "Garis Pantai", "FCODE": "DB02080140", "REMARK": null, "METADATA": null, "SRS_ID": "4326", "DTMVER": 2, "ELEVAS": 0.0, "KARGPN": 6, "TIPGPN": 4, "KODGPN": null, "THNSBDATA": "2025", "SBDATA": 6, "SKL": 6, "THNPBL": "2025", "KET": null, "SHAPE_Leng": 0.00034712863, "FID_Batas_": 7369, "OBJECTID_1": 9083.0, "NAMOBJ_1": "Jepitu", "FCODE_1": "BA03070040", "REMARK_1": null, "METADATA_1": "TASWIL1000020221227_DATA_BATAS_DESAKELURAHAN", "SRS_ID_1": "4326", "KDBBPS": null, "KDCBPS": null, "KDCPUM": "34.03.16", "KDEBPS": null, "KDEPUM": "34.03.16.2002", "KDPBPS": null, "KDPKAB": "34.03", "KDPPUM": "34", "LUASWH": 0.0, "TIPADM": 1.0, "WADMKC": "Girisubo", "WADMKD": "Jepitu", "WADMKK": "Gunungkidul", "WADMPR": "Daerah Istimewa Yogyakarta", "WIADKC": null, "WIADKK": null, "WIADPR": null, "WIADKD": null, "UUPP": "Data dari Pemerintah Daerah", "LUAS": 16.22999637 }, "geometry": { "type": "MultiLineString", "coordinates": [ [ [ 110.728142325996842, -8.195674031966718, 0.0 ], [ 110.728170988051886, -8.195681472944596, 0.0 ] ], [ [ 110.728133304076124, -8.195782365282724, 0.0 ], [ 110.728106619000101, -8.195771075999971, 0.0 ], [ 110.728090920000056, -8.195750683999972, 0.0 ], [ 110.72808887000005, -8.195736119999921, 0.0 ], [ 110.728094909000021, -8.195698873999948, 0.0 ], [ 110.728106720000113, -8.195687240999963, 0.0 ], [ 110.728124598996615, -8.195675739964106, 0.0 ] ], [ [ 110.728202833841976, -8.195723936395662, 0.0 ], [ 110.728198972978532, -8.195748336980593, 0.0 ] ] ] } },
{ "type": "Feature", "properties": { "FID_Garis_": 1737, "OBJECTID": 31964, "NAMOBJ": "Garis Pantai", "FCODE": "DB02080140", "REMARK": null, "METADATA": null, "SRS_ID": "4326", "DTMVER": 2, "ELEVAS": 0.0, "KARGPN": 6, "TIPGPN": 4, "KODGPN": null, "THNSBDATA": "2025", "SBDATA": 6, "SKL": 6, "THNPBL": "2025", "KET": null, "SHAPE_Leng": 0.00117498139, "FID_Batas_": 17064, "OBJECTID_1": 18664.0, "NAMOBJ_1": "Purwodadi", "FCODE_1": "BA03070040", "REMARK_1": null, "METADATA_1": "TASWIL1000020221227_DATA_BATAS_DESAKELURAHAN", "SRS_ID_1": "4326", "KDBBPS": null, "KDCBPS": null, "KDCPUM": "34.03.07", "KDEBPS": null, "KDEPUM": "34.03.07.2005", "KDPBPS": null, "KDPKAB": "34.03", "KDPPUM": "34", "LUASWH": 0.0, "TIPADM": 1.0, "WADMKC": "Tepus", "WADMKD": "Purwodadi", "WADMKK": "Gunungkidul", "WADMPR": "Daerah Istimewa Yogyakarta", "WIADKC": null, "WIADKK": null, "WIADPR": null, "WIADKD": null, "UUPP": "Data dari Pemerintah Daerah", "LUAS": 21.90660263 }, "geometry": { "type": "MultiLineString", "coordinates": [ [ [ 110.682033901030735, -8.182605680950186, 0.0 ], [ 110.682049435000039, -8.182667815999913, 0.0 ], [ 110.682070374, -8.182711597999983, 0.0 ], [ 110.682074530000079, -8.182738608, 0.0 ], [ 110.682042658000015, -8.182794545, 0.0 ], [ 110.682027329000078, -8.182804935999979, 0.0 ], [ 110.681987480000075, -8.182821901999962, 0.0 ], [ 110.681918089000106, -8.182814390999962, 0.0 ], [ 110.681849952000064, -8.182823027999966, 0.0 ], [ 110.681822424994323, -8.182814122009177, 0.0 ] ] ] } },
{ "type": "Feature", "properties": { "FID_Garis_": 1738, "OBJECTID": 31965, "NAMOBJ": "Garis Pantai", "FCODE": "DB02080140", "REMARK": null, "METADATA": null, "SRS_ID": "4326", "DTMVER": 2, "ELEVAS": 0.0, "KARGPN": 6, "TIPGPN": 4, "KODGPN": null, "THNSBDATA": "2025", "SBDATA": 6, "SKL": 6, "THNPBL": "2025", "KET": null, "SHAPE_Leng": 0.00237577203, "FID_Batas_": 17064, "OBJECTID_1": 18664.0, "NAMOBJ_1": "Purwodadi", "FCODE_1": "BA03070040", "REMARK_1": null, "METADATA_1": "TASWIL1000020221227_DATA_BATAS_DESAKELURAHAN", "SRS_ID_1": "4326", "KDBBPS": null, "KDCBPS": null, "KDCPUM": "34.03.07", "KDEBPS": null, "KDEPUM": "34.03.07.2005", "KDPBPS": null, "KDPKAB": "34.03", "KDPPUM": "34", "LUASWH": 0.0, "TIPADM": 1.0, "WADMKC": "Tepus", "WADMKD": "Purwodadi", "WADMKK": "Gunungkidul", "WADMPR": "Daerah Istimewa Yogyakarta", "WIADKC": null, "WIADKK": null, "WIADPR": null, "WIADKD": null, "UUPP": "Data dari Pemerintah Daerah", "LUAS": 21.90660263 }, "geometry": { "type": "MultiLineString", "coordinates": [ [ [ 110.678913945042325, -8.182870295239599, 0.0 ], [ 110.679031430959952, -8.182873270102089, 0.0 ] ], [ [ 110.678534308216527, -8.182948184271268, 0.0 ], [ 110.678595613000084, -8.182940254999984, 0.0 ], [ 110.678605116548525, -8.182937963191375, 0.0 ] ], [ [ 110.679164950000128, -8.182985106999965, 0.0 ], [ 110.679132279000086, -8.183078892, 0.0 ], [ 110.679132353000085, -8.18316931399993, 0.0 ], [ 110.679125215000028, -8.183197866999894, 0.0 ], [ 110.679132353000085, -8.183219281999889, 0.0 ], [ 110.679122623000083, -8.183272427999935, 0.0 ], [ 110.679115394000021, -8.183288268999913, 0.0 ], [ 110.679065654000084, -8.183370137999937, 0.0 ], [ 110.679039589000055, -8.183510146999975, 0.0 ], [ 110.679016440000098, -8.183545410999962, 0.0 ], [ 110.678934308000052, -8.183581433999922, 0.0 ], [ 110.67881819000003, -8.183587144999951, 0.0 ], [ 110.678778215000108, -8.183573819999914, 0.0 ], [ 110.678723406000103, -8.183502233999942, 0.0 ], [ 110.678698306000058, -8.183415955163156, 0.0 ] ], [ [ 110.678654040579659, -8.183063272190019, 0.0 ], [ 110.678646748000062, -8.183036906999988, 0.0 ], [ 110.678621959000054, -8.183008699999963, 0.0 ], [ 110.678569103000115, -8.183012935999958, 0.0 ], [ 110.678534558000109, -8.183037012999907, 0.0 ], [ 110.6785154906309, -8.183037012999907, 0.0 ] ] ] } },
{ "type": "Feature", "properties": { "FID_Garis_": 1739, "OBJECTID": 31966, "NAMOBJ": "Garis Pantai", "FCODE": "DB02080140", "REMARK": null, "METADATA": null, "SRS_ID": "4326", "DTMVER": 2, "ELEVAS": 0.0, "KARGPN": 6, "TIPGPN": 4, "KODGPN": null, "THNSBDATA": "2025", "SBDATA": 6, "SKL": 6, "THNPBL": "2025", "KET": null, "SHAPE_Leng": 0.00169170192, "FID_Batas_": 17064, "OBJECTID_1": 18664.0, "NAMOBJ_1": "Purwodadi", "FCODE_1": "BA03070040", "REMARK_1": null, "METADATA_1": "TASWIL1000020221227_DATA_BATAS_DESAKELURAHAN", "SRS_ID_1": "4326", "KDBBPS": null, "KDCBPS": null, "KDCPUM": "34.03.07", "KDEBPS": null, "KDEPUM": "34.03.07.2005", "KDPBPS": null, "KDPKAB": "34.03", "KDPPUM": "34", "LUASWH": 0.0, "TIPADM": 1.0, "WADMKC": "Tepus", "WADMKD": "Purwodadi", "WADMKK": "Gunungkidul", "WADMPR": "Daerah Istimewa Yogyakarta", "WIADKC": null, "WIADKK": null, "WIADPR": null, "WIADKD": null, "UUPP": "Data dari Pemerintah Daerah", "LUAS": 21.90660263 }, "geometry": { "type": "MultiLineString", "coordinates": [ [ [ 110.678345885209112, -8.184001900137829, 0.0 ], [ 110.678483830524897, -8.183926907292651, 0.0 ], [ 110.678535701204396, -8.1839461189006, 0.0 ] ], [ [ 110.678570789230648, -8.184018332887923, 0.0 ], [ 110.678574344000111, -8.184076415999932, 0.0 ], [ 110.678524185000043, -8.184138483999917, 0.0 ], [ 110.678511314000048, -8.184182963999955, 0.0 ], [ 110.678511314000048, -8.18421151799992, 0.0 ], [ 110.678489899000056, -8.184300746999931, 0.0 ], [ 110.678468483000046, -8.184332869999924, 0.0 ], [ 110.678440912000084, -8.184354255999917, 0.0 ], [ 110.678302153000061, -8.184428992999884, 0.0 ], [ 110.678224554000025, -8.184456289999922, 0.0 ], [ 110.678200794000105, -8.184464929999926, 0.0 ], [ 110.678151598000028, -8.184467389999952, 0.0 ], [ 110.678080238234116, -8.184446175780948, 0.0 ] ], [ [ 110.677999193923924, -8.184359604071147, 0.0 ], [ 110.678012095000042, -8.184304046999937, 0.0 ], [ 110.678064853000052, -8.184261007999929, 0.0 ], [ 110.678171850000112, -8.184201306999963, 0.0 ] ] ] } },
{ "type": "Feature", "properties": { "FID_Garis_": 1740, "OBJECTID": 31967, "NAMOBJ": "Garis Pantai", "FCODE": "DB02080140", "REMARK": null, "METADATA": null, "SRS_ID": "4326", "DTMVER": 2, "ELEVAS": 0.0, "KARGPN": 6, "TIPGPN": 4, "KODGPN": null, "THNSBDATA": "2025", "SBDATA": 6, "SKL": 6, "THNPBL": "2025", "KET": null, "SHAPE_Leng": 0.00034449293, "FID_Batas_": 17064, "OBJECTID_1": 18664.0, "NAMOBJ_1": "Purwodadi", "FCODE_1": "BA03070040", "REMARK_1": null, "METADATA_1": "TASWIL1000020221227_DATA_BATAS_DESAKELURAHAN", "SRS_ID_1": "4326", "KDBBPS": null, "KDCBPS": null, "KDCPUM": "34.03.07", "KDEBPS": null, "KDEPUM": "34.03.07.2005", "KDPBPS": null, "KDPKAB": "34.03", "KDPPUM": "34", "LUASWH": 0.0, "TIPADM": 1.0, "WADMKC": "Tepus", "WADMKD": "Purwodadi", "WADMKK": "Gunungkidul", "WADMPR": "Daerah Istimewa Yogyakarta", "WIADKC": null, "WIADKK": null, "WIADPR": null, "WIADKD": null, "UUPP": "Data dari Pemerintah Daerah", "LUAS": 21.90660263 }, "geometry": { "type": "MultiLineString", "coordinates": [ [ [ 110.6766665558808, -8.18536275496319, 0.0 ], [ 110.676674192000092, -8.185361210999922, 0.0 ], [ 110.67668659000006, -8.18537562699996, 0.0 ], [ 110.676693728000117, -8.185388713999977, 0.0 ], [ 110.676696108000044, -8.185416077999932, 0.0 ], [ 110.676693728000117, -8.185444630999896, 0.0 ], [ 110.676694918000038, -8.185474374999959, 0.0 ], [ 110.676653943000105, -8.18550109699995, 0.0 ], [ 110.676630812000056, -8.185493373999932, 0.0 ], [ 110.676621298200359, -8.185457135016652, 0.0 ] ] ] } },
{ "type": "Feature", "properties": { "FID_Garis_": 1741, "OBJECTID": 31968, "NAMOBJ": "Garis Pantai", "FCODE": "DB02080140", "REMARK": null, "METADATA": null, "SRS_ID": "4326", "DTMVER": 2, "ELEVAS": 0.0, "KARGPN": 6, "TIPGPN": 4, "KODGPN": null, "THNSBDATA": "2025", "SBDATA": 6, "SKL": 6, "THNPBL": "2025", "KET": null, "SHAPE_Leng": 0.00029247716, "FID_Batas_": 17064, "OBJECTID_1": 18664.0, "NAMOBJ_1": "Purwodadi", "FCODE_1": "BA03070040", "REMARK_1": null, "METADATA_1": "TASWIL1000020221227_DATA_BATAS_DESAKELURAHAN", "SRS_ID_1": "4326", "KDBBPS": null, "KDCBPS": null, "KDCPUM": "34.03.07", "KDEBPS": null, "KDEPUM": "34.03.07.2005", "KDPBPS": null, "KDPKAB": "34.03", "KDPPUM": "34", "LUASWH": 0.0, "TIPADM": 1.0, "WADMKC": "Tepus", "WADMKD": "Purwodadi", "WADMKK": "Gunungkidul", "WADMPR": "Daerah Istimewa Yogyakarta", "WIADKC": null, "WIADKK": null, "WIADPR": null, "WIADKD": null, "UUPP": "Data dari Pemerintah Daerah", "LUAS": 21.90660263 }, "geometry": { "type": "MultiLineString", "coordinates": [ [ [ 110.679643167033305, -8.187353240166075, 0.0 ], [ 110.679678317000054, -8.187371265999968, 0.0 ], [ 110.679683663000048, -8.187396391999915, 0.0 ], [ 110.679674836000032, -8.187441882999948, 0.0 ], [ 110.679657773963726, -8.187460719254371, 0.0 ] ] ] } },
{ "type": "Feature", "properties": { "FID_Garis_": 1742, "OBJECTID": 31969, "NAMOBJ": "Garis Pantai", "FCODE": "DB02080140", "REMARK": null, "METADATA": null, "SRS_ID": "4326", "DTMVER": 2, "ELEVAS": 0.0, "KARGPN": 6, "TIPGPN": 4, "KODGPN": null, "THNSBDATA": "2025", "SBDATA": 6, "SKL": 6, "THNPBL": "2025", "KET": null, "SHAPE_Leng": 0.00112500217, "FID_Batas_": 17064, "OBJECTID_1": 18664.0, "NAMOBJ_1": "Purwodadi", "FCODE_1": "BA03070040", "REMARK_1": null, "METADATA_1": "TASWIL1000020221227_DATA_BATAS_DESAKELURAHAN", "SRS_ID_1": "4326", "KDBBPS": null, "KDCBPS": null, "KDCPUM": "34.03.07", "KDEBPS": null, "KDEPUM": "34.03.07.2005", "KDPBPS": null, "KDPKAB": "34.03", "KDPPUM": "34", "LUASWH": 0.0, "TIPADM": 1.0, "WADMKC": "Tepus", "WADMKD": "Purwodadi", "WADMKK": "Gunungkidul", "WADMPR": "Daerah Istimewa Yogyakarta", "WIADKC": null, "WIADKK": null, "WIADPR": null, "WIADKD": null, "UUPP": "Data dari Pemerintah Daerah", "LUAS": 21.90660263 }, "geometry": { "type": "MultiLineString", "coordinates": [ [ [ 110.671939584862372, -8.179839657819024, 0.0 ], [ 110.671938659000048, -8.179840632999937, 0.0 ], [ 110.671922195000022, -8.179869395999919, 0.0 ], [ 110.671919340000045, -8.179917936999939, 0.0 ], [ 110.671919340000045, -8.179955055999901, 0.0 ], [ 110.671942373, -8.179989437, 0.0 ], [ 110.671960315000064, -8.180023172999942, 0.0 ], [ 110.671962251000053, -8.180041199999923, 0.0 ], [ 110.671942989000058, -8.180086500999941, 0.0 ], [ 110.671840461000016, -8.180190010999979, 0.0 ] ] ] } },
{ "type": "Feature", "properties": { "FID_Garis_": 1743, "OBJECTID": 31970, "NAMOBJ": "Garis Pantai", "FCODE": "DB02080140", "REMARK": null, "METADATA": null, "SRS_ID": "4326", "DTMVER": 5, "ELEVAS": 0.0, "KARGPN": 5, "TIPGPN": 4, "KODGPN": null, "THNSBDATA": "2025", "SBDATA": 6, "SKL": 6, "THNPBL": "2025", "KET": null, "SHAPE_Leng": 0.01657910309, "FID_Batas_": 4424, "OBJECTID_1": 3854.0, "NAMOBJ_1": "Jangkaran", "FCODE_1": "BA03070040", "REMARK_1": null, "METADATA_1": "TASWIL1000020221227_DATA_BATAS_DESAKELURAHAN", "SRS_ID_1": "4326", "KDBBPS": null, "KDCBPS": null, "KDCPUM": "34.01.01", "KDEBPS": null, "KDEPUM": "34.01.01.2001", "KDPBPS": null, "KDPKAB": "34.01", "KDPPUM": "34", "LUASWH": 0.0, "TIPADM": 1.0, "WADMKC": "Temon", "WADMKD": "Jangkaran", "WADMKK": "Kulon Progo", "WADMPR": "Daerah Istimewa Yogyakarta", "WIADKC": null, "WIADKK": null, "WIADPR": null, "WIADKD": null, "UUPP": "Data dari Pemerintah Daerah", "LUAS": 3.51076564 }, "geometry": { "type": "MultiLineString", "coordinates": [ [ [ 110.017263586905813, -7.893816583828651, 0.0 ], [ 110.016847327000065, -7.893642480999964, 0.0 ], [ 110.015309271000078, -7.89294325399993, 0.0 ] ], [ [ 110.019217667331716, -7.89464721437131, 0.0 ], [ 110.018205395000081, -7.894214157999925, 0.0 ], [ 110.018082401000115, -7.894159056999984, 0.0 ], [ 110.01758577525149, -7.893951340747608, 0.0 ] ], [ [ 110.020436746724087, -7.895168744083882, 0.0 ], [ 110.019582228233546, -7.894803175782473, 0.0 ] ], [ [ 110.021304211121645, -7.895536461992982, 0.0 ], [ 110.021109072000073, -7.895456368999944, 0.0 ], [ 110.020528876422986, -7.895208161674051, 0.0 ] ], [ [ 110.02301727800004, -7.89626654099992, 0.0 ], [ 110.021461240000079, -7.895600912999913, 0.0 ], [ 110.021357908378334, -7.89555850152034, 0.0 ] ], [ [ 110.025381847333975, -7.897200602669442, 0.0 ], [ 110.024938011000074, -7.897014796999925, 0.0 ], [ 110.02387946000006, -7.896549784999908, 0.0 ] ], [ [ 110.025658066240297, -7.897316237724307, 0.0 ], [ 110.025511067847731, -7.897254698970836, 0.0 ] ] ] } },
{ "type": "Feature", "properties": { "FID_Garis_": 2261, "OBJECTID": 32488, "NAMOBJ": "Garis Pantai", "FCODE": "DB02080140", "REMARK": null, "METADATA": null, "SRS_ID": "4326", "DTMVER": 2, "ELEVAS": 0.0, "KARGPN": 5, "TIPGPN": 4, "KODGPN": null, "THNSBDATA": "2025", "SBDATA": 6, "SKL": 6, "THNPBL": "2025", "KET": null, "SHAPE_Leng": 0.03169787198, "FID_Batas_": 4482, "OBJECTID_1": 3912.0, "NAMOBJ_1": "Parangtritis", "FCODE_1": "BA03070040", "REMARK_1": "Wilayah Administrasi Kelurahan/Desa", "METADATA_1": "TASWIL1000020221227_DATA_BATAS_DESAKELURAHAN", "SRS_ID_1": "4326", "KDBBPS": null, "KDCBPS": null, "KDCPUM": "34.02.03", "KDEBPS": null, "KDEPUM": "34.02.03.2002", "KDPBPS": null, "KDPKAB": "34.02", "KDPPUM": "34", "LUASWH": 0.0, "TIPADM": 1.0, "WADMKC": "Kretek", "WADMKD": "Parangtritis", "WADMKK": "Bantul", "WADMPR": "Daerah Istimewa Yogyakarta", "WIADKC": null, "WIADKK": null, "WIADPR": null, "WIADKD": null, "UUPP": "Data RBI Skala 1:25.000", "LUAS": 10.99531382 }, "geometry": { "type": "MultiLineString", "coordinates": [ [ [ 110.320530757658076, -8.022168631927631, 0.0 ], [ 110.320425029000063, -8.022115281999955, 0.0 ], [ 110.320140882, -8.021998824, 0.0 ], [ 110.319741132000047, -8.021870332999939, 0.0 ], [ 110.319548396000101, -8.021777533999987, 0.0 ], [ 110.319059624000062, -8.021566257999915, 0.0 ], [ 110.31849548400001, -8.021402768999977, 0.0 ], [ 110.31802078200009, -8.021284985999912, 0.0 ], [ 110.317667432000064, -8.021181478999964, 0.0 ], [ 110.317013215000117, -8.020954984999964, 0.0 ], [ 110.316745058000052, -8.02088421299997, 0.0 ], [ 110.316637994000075, -8.020845514999966, 0.0 ], [ 110.316279017000028, -8.02073533, 0.0 ], [ 110.316175510000079, -8.020717483999942, 0.0 ], [ 110.315914959000025, -8.020663945999953, 0.0 ], [ 110.315604439000083, -8.020617546999933, 0.0 ], [ 110.315088505000034, -8.020497784999971, 0.0 ], [ 110.314883091000084, -8.020424422999941, 0.0 ], [ 110.314078610000053, -8.020166043999968, 0.0 ], [ 110.31397688800007, -8.020124998999947, 0.0 ], [ 110.313783534000066, -8.020028440999951, 0.0 ], [ 110.313530739000015, -8.019982230999947, 0.0 ], [ 110.313151590000089, -8.019880785999902, 0.0 ], [ 110.312995360000031, -8.019803770999925, 0.0 ], [ 110.312695548000107, -8.019718110999943, 0.0 ], [ 110.31244570500003, -8.019671710999923, 0.0 ], [ 110.312274383000073, -8.019611034999965, 0.0 ], [ 110.311185312000106, -8.019312935, 0.0 ] ], [ [ 110.334839814049488, -8.026380757807186, 0.0 ], [ 110.334646497124794, -8.026312830448337, 0.0 ] ] ] } },
{ "type": "Feature", "properties": { "FID_Garis_": 2262, "OBJECTID": 32489, "NAMOBJ": "Garis Pantai", "FCODE": "DB02080140", "REMARK": null, "METADATA": null, "SRS_ID": "4326", "DTMVER": 2, "ELEVAS": 0.0, "KARGPN": 5, "TIPGPN": 4, "KODGPN": null, "THNSBDATA": "2025", "SBDATA": 6, "SKL": 6, "THNPBL": "2025", "KET": null, "SHAPE_Leng": 0.02046777449, "FID_Batas_": 4482, "OBJECTID_1": 3912.0, "NAMOBJ_1": "Parangtritis", "FCODE_1": "BA03070040", "REMARK_1": "Wilayah Administrasi Kelurahan/Desa", "METADATA_1": "TASWIL1000020221227_DATA_BATAS_DESAKELURAHAN", "SRS_ID_1": "4326", "KDBBPS": null, "KDCBPS": null, "KDCPUM": "34.02.03", "KDEBPS": null, "KDEPUM": "34.02.03.2002", "KDPBPS": null, "KDPKAB": "34.02", "KDPPUM": "34", "LUASWH": 0.0, "TIPADM": 1.0, "WADMKC": "Kretek", "WADMKD": "Parangtritis", "WADMKK": "Bantul", "WADMPR": "Daerah Istimewa Yogyakarta", "WIADKC": null, "WIADKK": null, "WIADPR": null, "WIADKD": null, "UUPP": "Data RBI Skala 1:25.000", "LUAS": 10.99531382 }, "geometry": { "type": "MultiLineString", "coordinates": [ [ [ 110.302250288000053, -8.016645989999951, 0.0 ], [ 110.301235114000079, -8.016365434999919, 0.0 ], [ 110.300379399000064, -8.016094906, 0.0 ], [ 110.300182645000035, -8.016043025999977, 0.0 ], [ 110.299438035000065, -8.015834906999899, 0.0 ], [ 110.297948133000077, -8.015345618999916, 0.0 ], [ 110.296138550000094, -8.014822946000013, 0.0 ], [ 110.295073356000074, -8.014553267999904, 0.0 ], [ 110.2933014420001, -8.014141583999947, 0.0 ], [ 110.29316850100011, -8.014107341999956, 0.0 ], [ 110.292800292000024, -8.014013273999989, 0.0 ], [ 110.290217674000118, -8.01334820699994, 0.0 ], [ 110.289352480000034, -8.013099639999979, 0.0 ], [ 110.288487486000051, -8.012754302, 0.0 ], [ 110.287964004000074, -8.012575841999894, 0.0 ], [ 110.287285858000104, -8.012373587999946, 0.0 ], [ 110.2867028900001, -8.012218922999939, 0.0 ], [ 110.286595814000023, -8.012195128999924, 0.0 ], [ 110.286393560000079, -8.012135641999976, 0.0 ], [ 110.285989052, -8.012064257999931, 0.0 ], [ 110.285691619, -8.011992873999887, 0.0 ], [ 110.285346597000057, -8.011909592999924, 0.0 ], [ 110.284930192000061, -8.011754927999917, 0.0 ], [ 110.284489991000044, -8.011576468999984, 0.0 ], [ 110.284002152000099, -8.011421061, 0.0 ], [ 110.283559572000073, -8.011349676999959, 0.0 ], [ 110.283159823000034, -8.011328261999964, 0.0 ], [ 110.28254055900004, -8.011332799999895, 0.0 ] ] ] } },
{ "type": "Feature", "properties": { "FID_Garis_": 2263, "OBJECTID": 32490, "NAMOBJ": "Garis Pantai", "FCODE": "DB02080140", "REMARK": null, "METADATA": null, "SRS_ID": "4326", "DTMVER": 2, "ELEVAS": 0.0, "KARGPN": 5, "TIPGPN": 4, "KODGPN": null, "THNSBDATA": "2025", "SBDATA": 6, "SKL": 6, "THNPBL": "2025", "KET": null, "SHAPE_Leng": 0.00933679812, "FID_Batas_": 4482, "OBJECTID_1": 3912.0, "NAMOBJ_1": "Parangtritis", "FCODE_1": "BA03070040", "REMARK_1": "Wilayah Administrasi Kelurahan/Desa", "METADATA_1": "TASWIL1000020221227_DATA_BATAS_DESAKELURAHAN", "SRS_ID_1": "4326", "KDBBPS": null, "KDCBPS": null, "KDCPUM": "34.02.03", "KDEBPS": null, "KDEPUM": "34.02.03.2002", "KDPBPS": null, "KDPKAB": "34.02", "KDPPUM": "34", "LUASWH": 0.0, "TIPADM": 1.0, "WADMKC": "Kretek", "WADMKD": "Parangtritis", "WADMKK": "Bantul", "WADMPR": "Daerah Istimewa Yogyakarta", "WIADKC": null, "WIADKK": null, "WIADPR": null, "WIADKD": null, "UUPP": "Data RBI Skala 1:25.000", "LUAS": 10.99531382 }, "geometry": { "type": "MultiLineString", "coordinates": [ [ [ 110.308637463077417, -8.018598523962108, 0.0 ], [ 110.307978489000078, -8.018385322999979, 0.0 ], [ 110.306787870000065, -8.017909850999985, 0.0 ], [ 110.305285670000018, -8.017459245999916, 0.0 ], [ 110.304962380000092, -8.01738344499995, 0.0 ], [ 110.304195135000029, -8.017193399999947, 0.0 ], [ 110.303910345000091, -8.017113734999928, 0.0 ], [ 110.303213406000069, -8.016875540999937, 0.0 ], [ 110.302672349000062, -8.016728059999902, 0.0 ], [ 110.302250288000053, -8.016645989999951, 0.0 ] ], [ [ 110.311185312000106, -8.019312935, 0.0 ], [ 110.310437442000051, -8.019108227999929, 0.0 ], [ 110.310363055000025, -8.019102462999985, 0.0 ], [ 110.310238906597888, -8.019069633203859, 0.0 ] ] ] } },
{ "type": "Feature", "properties": { "FID_Garis_": 2264, "OBJECTID": 32491, "NAMOBJ": "Garis Pantai", "FCODE": "DB02080140", "REMARK": null, "METADATA": null, "SRS_ID": "4326", "DTMVER": 5, "ELEVAS": 0.0, "KARGPN": 5, "TIPGPN": 4, "KODGPN": null, "THNSBDATA": "2025", "SBDATA": 6, "SKL": 6, "THNPBL": "2025", "KET": null, "SHAPE_Leng": 0.00497045203, "FID_Batas_": 4482, "OBJECTID_1": 3912.0, "NAMOBJ_1": "Parangtritis", "FCODE_1": "BA03070040", "REMARK_1": "Wilayah Administrasi Kelurahan/Desa", "METADATA_1": "TASWIL1000020221227_DATA_BATAS_DESAKELURAHAN", "SRS_ID_1": "4326", "KDBBPS": null, "KDCBPS": null, "KDCPUM": "34.02.03", "KDEBPS": null, "KDEPUM": "34.02.03.2002", "KDPBPS": null, "KDPKAB": "34.02", "KDPPUM": "34", "LUASWH": 0.0, "TIPADM": 1.0, "WADMKC": "Kretek", "WADMKD": "Parangtritis", "WADMKK": "Bantul", "WADMPR": "Daerah Istimewa Yogyakarta", "WIADKC": null, "WIADKK": null, "WIADPR": null, "WIADKD": null, "UUPP": "Data RBI Skala 1:25.000", "LUAS": 10.99531382 }, "geometry": { "type": "MultiLineString", "coordinates": [ [ [ 110.281476274000099, -8.010818768, 0.0 ], [ 110.280090984000054, -8.010519369999916, 0.0 ], [ 110.279462806000126, -8.010340909999982, 0.0 ], [ 110.279268479729495, -8.010277040541016, 0.0 ] ] ] } },
{ "type": "Feature", "properties": { "FID_Garis_": 2264, "OBJECTID": 32491, "NAMOBJ": "Garis Pantai", "FCODE": "DB02080140", "REMARK": null, "METADATA": null, "SRS_ID": "4326", "DTMVER": 5, "ELEVAS": 0.0, "KARGPN": 5, "TIPGPN": 4, "KODGPN": null, "THNSBDATA": "2025", "SBDATA": 6, "SKL": 6, "THNPBL": "2025", "KET": null, "SHAPE_Leng": 0.00497045203, "FID_Batas_": 4547, "OBJECTID_1": 3977.0, "NAMOBJ_1": "Tirtohargo", "FCODE_1": "BA03070040", "REMARK_1": "Wilayah Administrasi Kelurahan/Desa", "METADATA_1": "TASWIL1000020221227_DATA_BATAS_DESAKELURAHAN", "SRS_ID_1": "4326", "KDBBPS": null, "KDCBPS": null, "KDCPUM": "34.02.03", "KDEBPS": null, "KDEPUM": "34.02.03.2005", "KDPBPS": null, "KDPKAB": "34.02", "KDPPUM": "34", "LUASWH": 0.0, "TIPADM": 1.0, "WADMKC": "Kretek", "WADMKD": "Tirtohargo", "WADMKK": "Bantul", "WADMPR": "Daerah Istimewa Yogyakarta", "WIADKC": null, "WIADKK": null, "WIADPR": null, "WIADKD": null, "UUPP": "Data RBI Skala 1:25.000", "LUAS": 3.87471994 }, "geometry": { "type": "MultiLineString", "coordinates": [ [ [ 110.276959735405768, -8.009500232335167, 0.0 ], [ 110.276708013000103, -8.009441931999941, 0.0 ] ], [ [ 110.277104752000056, -8.009533819, 0.0 ], [ 110.277017593706063, -8.009513632645273, 0.0 ] ], [ [ 110.279268479729495, -8.010277040541016, 0.0 ], [ 110.278442017000131, -8.010005405999934, 0.0 ], [ 110.278412711827173, -8.009994736569084, 0.0 ] ] ] } },
{ "type": "Feature", "properties": { "FID_Garis_": 2265, "OBJECTID": 32492, "NAMOBJ": "Garis Pantai", "FCODE": "DB02080140", "REMARK": null, "METADATA": null, "SRS_ID": "4326", "DTMVER": 5, "ELEVAS": 0.0, "KARGPN": 5, "TIPGPN": 4, "KODGPN": null, "THNSBDATA": "2025", "SBDATA": 6, "SKL": 6, "THNPBL": "2025", "KET": null, "SHAPE_Leng": 0.00172361716, "FID_Batas_": 4522, "OBJECTID_1": 3952.0, "NAMOBJ_1": "Srigading", "FCODE_1": "BA03070040", "REMARK_1": "Wilayah Administrasi Kelurahan/Desa", "METADATA_1": "TASWIL1000020221227_DATA_BATAS_DESAKELURAHAN", "SRS_ID_1": "4326", "KDBBPS": null, "KDCBPS": null, "KDCPUM": "34.02.02", "KDEBPS": null, "KDEPUM": "34.02.02.2003", "KDPBPS": null, "KDPKAB": "34.02", "KDPPUM": "34", "LUASWH": 0.0, "TIPADM": 1.0, "WADMKC": "Sanden", "WADMKD": "Srigading", "WADMKK": "Bantul", "WADMPR": "Daerah Istimewa Yogyakarta", "WIADKC": null, "WIADKK": null, "WIADPR": null, "WIADKD": null, "UUPP": "Data RBI Skala 1:25.000", "LUAS": 7.69571896 }, "geometry": { "type": "MultiLineString", "coordinates": [ [ [ 110.275203834023785, -8.008906513228933, 0.0 ], [ 110.275084200000038, -8.008863929, 0.0 ] ] ] } },
{ "type": "Feature", "properties": { "FID_Garis_": 2265, "OBJECTID": 32492, "NAMOBJ": "Garis Pantai", "FCODE": "DB02080140", "REMARK": null, "METADATA": null, "SRS_ID": "4326", "DTMVER": 5, "ELEVAS": 0.0, "KARGPN": 5, "TIPGPN": 4, "KODGPN": null, "THNSBDATA": "2025", "SBDATA": 6, "SKL": 6, "THNPBL": "2025", "KET": null, "SHAPE_Leng": 0.00172361716, "FID_Batas_": 4547, "OBJECTID_1": 3977.0, "NAMOBJ_1": "Tirtohargo", "FCODE_1": "BA03070040", "REMARK_1": "Wilayah Administrasi Kelurahan/Desa", "METADATA_1": "TASWIL1000020221227_DATA_BATAS_DESAKELURAHAN", "SRS_ID_1": "4326", "KDBBPS": null, "KDCBPS": null, "KDCPUM": "34.02.03", "KDEBPS": null, "KDEPUM": "34.02.03.2005", "KDPBPS": null, "KDPKAB": "34.02", "KDPPUM": "34", "LUASWH": 0.0, "TIPADM": 1.0, "WADMKC": "Kretek", "WADMKD": "Tirtohargo", "WADMKK": "Bantul", "WADMPR": "Daerah Istimewa Yogyakarta", "WIADKC": null, "WIADKK": null, "WIADPR": null, "WIADKD": null, "UUPP": "Data RBI Skala 1:25.000", "LUAS": 3.87471994 }, "geometry": { "type": "MultiLineString", "coordinates": [ [ [ 110.276708013000103, -8.009441931999941, 0.0 ], [ 110.275203834023785, -8.008906513228933, 0.0 ] ] ] } },
{ "type": "Feature", "properties": { "FID_Garis_": 2266, "OBJECTID": 32493, "NAMOBJ": "Garis Pantai", "FCODE": "DB02080140", "REMARK": null, "METADATA": null, "SRS_ID": "4326", "DTMVER": 5, "ELEVAS": 0.0, "KARGPN": 5, "TIPGPN": 4, "KODGPN": null, "THNSBDATA": "2025", "SBDATA": 6, "SKL": 6, "THNPBL": "2025", "KET": null, "SHAPE_Leng": 0.00542881517, "FID_Batas_": 4522, "OBJECTID_1": 3952.0, "NAMOBJ_1": "Srigading", "FCODE_1": "BA03070040", "REMARK_1": "Wilayah Administrasi Kelurahan/Desa", "METADATA_1": "TASWIL1000020221227_DATA_BATAS_DESAKELURAHAN", "SRS_ID_1": "4326", "KDBBPS": null, "KDCBPS": null, "KDCPUM": "34.02.02", "KDEBPS": null, "KDEPUM": "34.02.02.2003", "KDPBPS": null, "KDPKAB": "34.02", "KDPPUM": "34", "LUASWH": 0.0, "TIPADM": 1.0, "WADMKC": "Sanden", "WADMKD": "Srigading", "WADMKK": "Bantul", "WADMPR": "Daerah Istimewa Yogyakarta", "WIADKC": null, "WIADKK": null, "WIADPR": null, "WIADKD": null, "UUPP": "Data RBI Skala 1:25.000", "LUAS": 7.69571896 }, "geometry": { "type": "MultiLineString", "coordinates": [ [ [ 110.27159499897823, -8.007556471400559, 0.0 ], [ 110.271472055000032, -8.007523734999946, 0.0 ], [ 110.270539827000079, -8.007242851999976, 0.0 ], [ 110.269980541000081, -8.007053768999963, 0.0 ] ], [ [ 110.275084200000038, -8.008863929, 0.0 ], [ 110.274608040000075, -8.008601399999939, 0.0 ], [ 110.27385850900005, -8.008287310999975, 0.0 ], [ 110.272987627000106, -8.007958944999896, 0.0 ], [ 110.27220840857521, -8.007738498395014, 0.0 ] ] ] } },
{ "type": "Feature", "properties": { "FID_Garis_": 2267, "OBJECTID": 32494, "NAMOBJ": "Garis Pantai", "FCODE": "DB02080140", "REMARK": null, "METADATA": null, "SRS_ID": "4326", "DTMVER": 5, "ELEVAS": 0.0, "KARGPN": 5, "TIPGPN": 4, "KODGPN": null, "THNSBDATA": "2025", "SBDATA": 6, "SKL": 6, "THNPBL": "2025", "KET": null, "SHAPE_Leng": 0.00153137727, "FID_Batas_": 4522, "OBJECTID_1": 3952.0, "NAMOBJ_1": "Srigading", "FCODE_1": "BA03070040", "REMARK_1": "Wilayah Administrasi Kelurahan/Desa", "METADATA_1": "TASWIL1000020221227_DATA_BATAS_DESAKELURAHAN", "SRS_ID_1": "4326", "KDBBPS": null, "KDCBPS": null, "KDCPUM": "34.02.02", "KDEBPS": null, "KDEPUM": "34.02.02.2003", "KDPBPS": null, "KDPKAB": "34.02", "KDPPUM": "34", "LUASWH": 0.0, "TIPADM": 1.0, "WADMKC": "Sanden", "WADMKD": "Srigading", "WADMKK": "Bantul", "WADMPR": "Daerah Istimewa Yogyakarta", "WIADKC": null, "WIADKK": null, "WIADPR": null, "WIADKD": null, "UUPP": "Data RBI Skala 1:25.000", "LUAS": 7.69571896 }, "geometry": { "type": "MultiLineString", "coordinates": [ [ [ 110.268280529000023, -8.006336276999928, 0.0 ], [ 110.267795119000098, -8.006186370999959, 0.0 ], [ 110.267758620000095, -8.006176505999942, 0.0 ], [ 110.266904410000024, -8.005850874, 0.0 ] ] ] } },
{ "type": "Feature", "properties": { "FID_Garis_": 2268, "OBJECTID": 32495, "NAMOBJ": "Garis Pantai", "FCODE": "DB02080140", "REMARK": null, "METADATA": null, "SRS_ID": "4326", "DTMVER": 5, "ELEVAS": 0.0, "KARGPN": 5, "TIPGPN": 4, "KODGPN": null, "THNSBDATA": "2025", "SBDATA": 6, "SKL": 6, "THNPBL": "2025", "KET": null, "SHAPE_Leng": 0.00184638276, "FID_Batas_": 4522, "OBJECTID_1": 3952.0, "NAMOBJ_1": "Srigading", "FCODE_1": "BA03070040", "REMARK_1": "Wilayah Administrasi Kelurahan/Desa", "METADATA_1": "TASWIL1000020221227_DATA_BATAS_DESAKELURAHAN", "SRS_ID_1": "4326", "KDBBPS": null, "KDCBPS": null, "KDCPUM": "34.02.02", "KDEBPS": null, "KDEPUM": "34.02.02.2003", "KDPBPS": null, "KDPKAB": "34.02", "KDPPUM": "34", "LUASWH": 0.0, "TIPADM": 1.0, "WADMKC": "Sanden", "WADMKD": "Srigading", "WADMKK": "Bantul", "WADMPR": "Daerah Istimewa Yogyakarta", "WIADKC": null, "WIADKK": null, "WIADPR": null, "WIADKD": null, "UUPP": "Data RBI Skala 1:25.000", "LUAS": 7.69571896 }, "geometry": { "type": "MultiLineString", "coordinates": [ [ [ 110.269980541000081, -8.007053768999963, 0.0 ], [ 110.26971982500001, -8.006965626999953, 0.0 ], [ 110.269394117000061, -8.006835963999972, 0.0 ], [ 110.269251349000058, -8.006768149999957, 0.0 ], [ 110.268280529000023, -8.006336276999928, 0.0 ] ] ] } },
{ "type": "Feature", "properties": { "FID_Garis_": 2269, "OBJECTID": 32496, "NAMOBJ": "Garis Pantai", "FCODE": "DB02080140", "REMARK": null, "METADATA": null, "SRS_ID": "4326", "DTMVER": 5, "ELEVAS": 0.0, "KARGPN": 5, "TIPGPN": 4, "KODGPN": null, "THNSBDATA": "2025", "SBDATA": 6, "SKL": 6, "THNPBL": "2025", "KET": null, "SHAPE_Leng": 0.0084070378, "FID_Batas_": 4522, "OBJECTID_1": 3952.0, "NAMOBJ_1": "Srigading", "FCODE_1": "BA03070040", "REMARK_1": "Wilayah Administrasi Kelurahan/Desa", "METADATA_1": "TASWIL1000020221227_DATA_BATAS_DESAKELURAHAN", "SRS_ID_1": "4326", "KDBBPS": null, "KDCBPS": null, "KDCPUM": "34.02.02", "KDEBPS": null, "KDEPUM": "34.02.02.2003", "KDPBPS": null, "KDPKAB": "34.02", "KDPPUM": "34", "LUASWH": 0.0, "TIPADM": 1.0, "WADMKC": "Sanden", "WADMKD": "Srigading", "WADMKK": "Bantul", "WADMPR": "Daerah Istimewa Yogyakarta", "WIADKC": null, "WIADKK": null, "WIADPR": null, "WIADKD": null, "UUPP": "Data RBI Skala 1:25.000", "LUAS": 7.69571896 }, "geometry": { "type": "MultiLineString", "coordinates": [ [ [ 110.265870258971219, -8.005515833651913, 0.0 ], [ 110.265542959000086, -8.005415425999942, 0.0 ], [ 110.264843398000025, -8.005122751999973, 0.0 ], [ 110.264673859000126, -8.005032921999913, 0.0 ], [ 110.264247343000093, -8.004831863999886, 0.0 ], [ 110.264129559000111, -8.004794386999983, 0.0 ], [ 110.263262246000039, -8.004512420999923, 0.0 ], [ 110.262758990000052, -8.004344668999988, 0.0 ], [ 110.262294995000019, -8.004205469999928, 0.0 ], [ 110.261666817, -8.004005595, 0.0 ], [ 110.260981532000059, -8.003773597999988, 0.0 ], [ 110.259935759000044, -8.003413109999915, 0.0 ], [ 110.259343273000042, -8.003148988999911, 0.0 ], [ 110.258949562000069, -8.002962983999975, 0.0 ] ], [ [ 110.266180288000072, -8.005610942999954, 0.0 ], [ 110.266111056034305, -8.005589704320606, 0.0 ] ] ] } },
{ "type": "Feature", "properties": { "FID_Garis_": 2270, "OBJECTID": 32497, "NAMOBJ": "Garis Pantai", "FCODE": "DB02080140", "REMARK": null, "METADATA": null, "SRS_ID": "4326", "DTMVER": 5, "ELEVAS": 0.0, "KARGPN": 5, "TIPGPN": 4, "KODGPN": null, "THNSBDATA": "2025", "SBDATA": 6, "SKL": 6, "THNPBL": "2025", "KET": null, "SHAPE_Leng": 0.00258294403, "FID_Batas_": 4367, "OBJECTID_1": 3797.0, "NAMOBJ_1": "Banaran", "FCODE_1": "BA03070040", "REMARK_1": null, "METADATA_1": "TASWIL1000020221227_DATA_BATAS_DESAKELURAHAN", "SRS_ID_1": "4326", "KDBBPS": null, "KDCBPS": null, "KDCPUM": "34.01.04", "KDEBPS": null, "KDEPUM": "34.01.04.2001", "KDPBPS": null, "KDPKAB": "34.01", "KDPPUM": "34", "LUASWH": 0.0, "TIPADM": 1.0, "WADMKC": "Galur", "WADMKD": "Banaran", "WADMKK": "Kulon Progo", "WADMPR": "Daerah Istimewa Yogyakarta", "WIADKC": null, "WIADKK": null, "WIADPR": null, "WIADKD": null, "UUPP": "Data dari Pemerintah Daerah", "LUAS": 8.89477244 }, "geometry": { "type": "MultiLineString", "coordinates": [ [ [ 110.209776646000051, -7.984554932000022, 0.0 ], [ 110.208682528000026, -7.984113164999974, 0.0 ], [ 110.208140332000113, -7.983852554, 0.0 ], [ 110.207446356000062, -7.983451695999956, 0.0 ] ] ] } },
{ "type": "Feature", "properties": { "FID_Garis_": 2271, "OBJECTID": 32498, "NAMOBJ": "Garis Pantai", "FCODE": "DB02080140", "REMARK": null, "METADATA": null, "SRS_ID": "4326", "DTMVER": 5, "ELEVAS": 0.0, "KARGPN": 5, "TIPGPN": 4, "KODGPN": null, "THNSBDATA": "2025", "SBDATA": 6, "SKL": 6, "THNPBL": "2025", "KET": null, "SHAPE_Leng": 0.00884607291, "FID_Batas_": 4367, "OBJECTID_1": 3797.0, "NAMOBJ_1": "Banaran", "FCODE_1": "BA03070040", "REMARK_1": null, "METADATA_1": "TASWIL1000020221227_DATA_BATAS_DESAKELURAHAN", "SRS_ID_1": "4326", "KDBBPS": null, "KDCBPS": null, "KDCPUM": "34.01.04", "KDEBPS": null, "KDEPUM": "34.01.04.2001", "KDPBPS": null, "KDPKAB": "34.01", "KDPPUM": "34", "LUASWH": 0.0, "TIPADM": 1.0, "WADMKC": "Galur", "WADMKD": "Banaran", "WADMKK": "Kulon Progo", "WADMPR": "Daerah Istimewa Yogyakarta", "WIADKC": null, "WIADKK": null, "WIADPR": null, "WIADKD": null, "UUPP": "Data dari Pemerintah Daerah", "LUAS": 8.89477244 }, "geometry": { "type": "MultiLineString", "coordinates": [ [ [ 110.211769600271438, -7.985276774293872, 0.0 ], [ 110.211517589000039, -7.98515328399997, 0.0 ], [ 110.211237976000078, -7.985029276000012, 0.0 ], [ 110.210300693000065, -7.984689464999962, 0.0 ], [ 110.21005059500007, -7.984613065999947, 0.0 ], [ 110.209776646000051, -7.984554932000022, 0.0 ] ] ] } },
{ "type": "Feature", "properties": { "FID_Garis_": 2271, "OBJECTID": 32498, "NAMOBJ": "Garis Pantai", "FCODE": "DB02080140", "REMARK": null, "METADATA": null, "SRS_ID": "4326", "DTMVER": 5, "ELEVAS": 0.0, "KARGPN": 5, "TIPGPN": 4, "KODGPN": null, "THNSBDATA": "2025", "SBDATA": 6, "SKL": 6, "THNPBL": "2025", "KET": null, "SHAPE_Leng": 0.00884607291, "FID_Batas_": 4492, "OBJECTID_1": 3922.0, "NAMOBJ_1": "Poncosari", "FCODE_1": "BA03070040", "REMARK_1": "Wilayah Administrasi Kelurahan/Desa", "METADATA_1": "TASWIL1000020221227_DATA_BATAS_DESAKELURAHAN", "SRS_ID_1": "4326", "KDBBPS": null, "KDCBPS": null, "KDCPUM": "34.02.01", "KDEBPS": null, "KDEPUM": "34.02.01.2001", "KDPBPS": null, "KDPKAB": "34.02", "KDPPUM": "34", "LUASWH": 0.0, "TIPADM": 1.0, "WADMKC": "Srandakan", "WADMKD": "Poncosari", "WADMKK": "Bantul", "WADMPR": "Daerah Istimewa Yogyakarta", "WIADKC": null, "WIADKK": null, "WIADPR": null, "WIADKD": null, "UUPP": "Data RBI Skala 1:25.000", "LUAS": 11.91137789 }, "geometry": { "type": "MultiLineString", "coordinates": [ [ [ 110.217935683000036, -7.987936484999948, 0.0 ], [ 110.21761228600009, -7.987819311999934, 0.0 ], [ 110.217208968000122, -7.987672975, 0.0 ], [ 110.216088242000026, -7.987266087, 0.0 ], [ 110.214999638000023, -7.986791384999971, 0.0 ], [ 110.213711160000074, -7.986220313999971, 0.0 ], [ 110.213347353000088, -7.986049903, 0.0 ], [ 110.211769600271438, -7.985276774293872, 0.0 ] ] ] } },
{ "type": "Feature", "properties": { "FID_Garis_": 2272, "OBJECTID": 32499, "NAMOBJ": "Garis Penutup Pasang Tertinggi", "FCODE": "DB02080350", "REMARK": null, "METADATA": null, "SRS_ID": "4326", "DTMVER": 5, "ELEVAS": 0.0, "KARGPN": 999, "TIPGPN": 999, "KODGPN": null, "THNSBDATA": "2025", "SBDATA": 6, "SKL": 6, "THNPBL": "2025", "KET": null, "SHAPE_Leng": 0.0024483387, "FID_Batas_": 4367, "OBJECTID_1": 3797.0, "NAMOBJ_1": "Banaran", "FCODE_1": "BA03070040", "REMARK_1": null, "METADATA_1": "TASWIL1000020221227_DATA_BATAS_DESAKELURAHAN", "SRS_ID_1": "4326", "KDBBPS": null, "KDCBPS": null, "KDCPUM": "34.01.04", "KDEBPS": null, "KDEPUM": "34.01.04.2001", "KDPBPS": null, "KDPKAB": "34.01", "KDPPUM": "34", "LUASWH": 0.0, "TIPADM": 1.0, "WADMKC": "Galur", "WADMKD": "Banaran", "WADMKK": "Kulon Progo", "WADMPR": "Daerah Istimewa Yogyakarta", "WIADKC": null, "WIADKK": null, "WIADPR": null, "WIADKD": null, "UUPP": "Data dari Pemerintah Daerah", "LUAS": 8.89477244 }, "geometry": { "type": "MultiLineString", "coordinates": [ [ [ 110.207446356000062, -7.983451695999956, 0.0 ], [ 110.205698722000065, -7.981737012999925, 0.0 ] ] ] } },
{ "type": "Feature", "properties": { "FID_Garis_": 2273, "OBJECTID": 32500, "NAMOBJ": "Garis Pantai", "FCODE": "DB02080140", "REMARK": null, "METADATA": null, "SRS_ID": "4326", "DTMVER": 5, "ELEVAS": 0.0, "KARGPN": 5, "TIPGPN": 4, "KODGPN": null, "THNSBDATA": "2025", "SBDATA": 6, "SKL": 6, "THNPBL": "2025", "KET": null, "SHAPE_Leng": 0.03018338881, "FID_Batas_": 4367, "OBJECTID_1": 3797.0, "NAMOBJ_1": "Banaran", "FCODE_1": "BA03070040", "REMARK_1": null, "METADATA_1": "TASWIL1000020221227_DATA_BATAS_DESAKELURAHAN", "SRS_ID_1": "4326", "KDBBPS": null, "KDCBPS": null, "KDCPUM": "34.01.04", "KDEBPS": null, "KDEPUM": "34.01.04.2001", "KDPBPS": null, "KDPKAB": "34.01", "KDPPUM": "34", "LUASWH": 0.0, "TIPADM": 1.0, "WADMKC": "Galur", "WADMKD": "Banaran", "WADMKK": "Kulon Progo", "WADMPR": "Daerah Istimewa Yogyakarta", "WIADKC": null, "WIADKK": null, "WIADPR": null, "WIADKD": null, "UUPP": "Data dari Pemerintah Daerah", "LUAS": 8.89477244 }, "geometry": { "type": "MultiLineString", "coordinates": [ [ [ 110.205698722000065, -7.981737012999925, 0.0 ], [ 110.205213312000041, -7.98152048199995, 0.0 ], [ 110.204745747000089, -7.981402698999974, 0.0 ], [ 110.204511693000086, -7.981368114999955, 0.0 ], [ 110.20375933600009, -7.981211377999954, 0.0 ], [ 110.20304681200011, -7.981013656999937, 0.0 ], [ 110.202722016000052, -7.980842335999973, 0.0 ], [ 110.202429342000087, -7.980663875999951, 0.0 ], [ 110.201654828000045, -7.980128496999973, 0.0 ], [ 110.201408553000093, -7.979978591, 0.0 ], [ 110.199560160000019, -7.978891054, 0.0 ], [ 110.199466913000023, -7.978836449999917, 0.0 ], [ 110.199188516000078, -7.978657989999895, 0.0 ], [ 110.199015672000087, -7.978535390999965, 0.0 ], [ 110.196468323, -7.97674146999995, 0.0 ], [ 110.195893096000091, -7.976322045999974, 0.0 ], [ 110.195462280000058, -7.975956111999984, 0.0 ], [ 110.195001855000072, -7.975642023999931, 0.0 ], [ 110.194741304, -7.975438579999973, 0.0 ], [ 110.194495029000052, -7.975270827999949, 0.0 ], [ 110.193763345, -7.974781848, 0.0 ], [ 110.192867478000039, -7.974132255999979, 0.0 ], [ 110.192382068000114, -7.973775335999934, 0.0 ], [ 110.19201087200004, -7.973568322999948, 0.0 ], [ 110.191757460000034, -7.973379155999928, 0.0 ], [ 110.191504047000109, -7.97322568099993, 0.0 ], [ 110.191065036000026, -7.972900884999969, 0.0 ], [ 110.190397598000047, -7.972433319999918, 0.0 ], [ 110.190022832000039, -7.972165630999974, 0.0 ], [ 110.189291148000081, -7.971630252, 0.0 ], [ 110.188748631000038, -7.971273332999952, 0.0 ], [ 110.188295344000011, -7.970948537, 0.0 ], [ 110.187763534000069, -7.97061660199997, 0.0 ], [ 110.187067542000122, -7.970145468999891, 0.0 ], [ 110.186728469000045, -7.969899193999942, 0.0 ], [ 110.18544272607032, -7.969076663573328, 0.0 ] ] ] } },
{ "type": "Feature", "properties": { "FID_Garis_": 2273, "OBJECTID": 32500, "NAMOBJ": "Garis Pantai", "FCODE": "DB02080140", "REMARK": null, "METADATA": null, "SRS_ID": "4326", "DTMVER": 5, "ELEVAS": 0.0, "KARGPN": 5, "TIPGPN": 4, "KODGPN": null, "THNSBDATA": "2025", "SBDATA": 6, "SKL": 6, "THNPBL": "2025", "KET": null, "SHAPE_Leng": 0.03018338881, "FID_Batas_": 4437, "OBJECTID_1": 3867.0, "NAMOBJ_1": "Karangsewu", "FCODE_1": "BA03070040", "REMARK_1": null, "METADATA_1": "TASWIL1000020221227_DATA_BATAS_DESAKELURAHAN", "SRS_ID_1": "4326", "KDBBPS": null, "KDCBPS": null, "KDCPUM": "34.01.04", "KDEBPS": null, "KDEPUM": "34.01.04.2004", "KDPBPS": null, "KDPKAB": "34.01", "KDPPUM": "34", "LUASWH": 0.0, "TIPADM": 1.0, "WADMKC": "Galur", "WADMKD": "Karangsewu", "WADMKK": "Kulon Progo", "WADMPR": "Daerah Istimewa Yogyakarta", "WIADKC": null, "WIADKK": null, "WIADPR": null, "WIADKD": null, "UUPP": "Data dari Pemerintah Daerah", "LUAS": 9.18706127 }, "geometry": { "type": "MultiLineString", "coordinates": [ [ [ 110.182436808000048, -7.967089853999933, 0.0 ], [ 110.181919578000063, -7.96673570099994, 0.0 ], [ 110.18130210800004, -7.966310966999969, 0.0 ], [ 110.180789749000013, -7.966038481999894, 0.0 ], [ 110.180297380000042, -7.96575111700001, 0.0 ] ], [ [ 110.182949530493843, -7.967390072894744, 0.0 ], [ 110.182818991000048, -7.96732359799991, 0.0 ], [ 110.182621275000116, -7.967219569999918, 0.0 ], [ 110.182456347236666, -7.967102968117636, 0.0 ] ], [ [ 110.18544272607032, -7.969076663573328, 0.0 ], [ 110.184959088000113, -7.9687672649999, 0.0 ], [ 110.184588572000095, -7.968511526999968, 0.0 ], [ 110.183882633000039, -7.967956364999952, 0.0 ], [ 110.183486453000029, -7.967713659999943, 0.0 ], [ 110.183109338000094, -7.967471451999887, 0.0 ], [ 110.183100209260999, -7.967466803353264, 0.0 ] ] ] } },
{ "type": "Feature", "properties": { "FID_Garis_": 2274, "OBJECTID": 32501, "NAMOBJ": "Garis Pantai", "FCODE": "DB02080140", "REMARK": null, "METADATA": null, "SRS_ID": "4326", "DTMVER": 5, "ELEVAS": 0.0, "KARGPN": 5, "TIPGPN": 4, "KODGPN": null, "THNSBDATA": "2025", "SBDATA": 6, "SKL": 6, "THNPBL": "2025", "KET": null, "SHAPE_Leng": 0.02309217376, "FID_Batas_": 4442, "OBJECTID_1": 3872.0, "NAMOBJ_1": "Karangwuni", "FCODE_1": "BA03070040", "REMARK_1": null, "METADATA_1": "TASWIL1000020221227_DATA_BATAS_DESAKELURAHAN", "SRS_ID_1": "4326", "KDBBPS": null, "KDCBPS": null, "KDCPUM": "34.01.02", "KDEBPS": null, "KDEPUM": "34.01.02.2001", "KDPBPS": null, "KDPKAB": "34.01", "KDPPUM": "34", "LUASWH": 0.0, "TIPADM": 1.0, "WADMKC": "Wates", "WADMKD": "Karangwuni", "WADMKK": "Kulon Progo", "WADMPR": "Daerah Istimewa Yogyakarta", "WIADKC": null, "WIADKK": null, "WIADPR": null, "WIADKD": null, "UUPP": "Data dari Pemerintah Daerah", "LUAS": 7.16034617 }, "geometry": { "type": "MultiLineString", "coordinates": [ [ [ 110.101228868000121, -7.927704814999927, 0.0 ], [ 110.100857672000046, -7.927514457999986, 0.0 ], [ 110.099677459000091, -7.926981458999939, 0.0 ], [ 110.097602569000102, -7.926067745999922, 0.0 ], [ 110.096374767000029, -7.92555378199994, 0.0 ], [ 110.094804323000034, -7.924839943999941, 0.0 ], [ 110.092919790000067, -7.924078515999912, 0.0 ], [ 110.091120917000097, -7.923307570999984, 0.0 ], [ 110.089921669000077, -7.922679392999966, 0.0 ], [ 110.08891277700009, -7.922298678999907, 0.0 ], [ 110.085638639000081, -7.920975698999956, 0.0 ], [ 110.083221107000071, -7.920119092999957, 0.0 ], [ 110.081622109000108, -7.919548021999957, 0.0 ], [ 110.080708396, -7.919291040999922, 0.0 ], [ 110.080237866000061, -7.919305677999978, 0.0 ], [ 110.080039776, -7.919336014999913, 0.0 ], [ 110.079971961000084, -7.919368138, 0.0 ], [ 110.079927346000034, -7.919394906999989, 0.0 ], [ 110.079857747000048, -7.919457367999917, 0.0 ] ] ] } },
{ "type": "Feature", "properties": { "FID_Garis_": 2275, "OBJECTID": 32502, "NAMOBJ": "Garis Pantai", "FCODE": "DB02080140", "REMARK": null, "METADATA": null, "SRS_ID": "4326", "DTMVER": 5, "ELEVAS": 0.0, "KARGPN": 5, "TIPGPN": 4, "KODGPN": null, "THNSBDATA": "2025", "SBDATA": 6, "SKL": 6, "THNPBL": "2025", "KET": null, "SHAPE_Leng": 0.02454206569, "FID_Batas_": 4387, "OBJECTID_1": 3817.0, "NAMOBJ_1": "Bugel", "FCODE_1": "BA03070040", "REMARK_1": null, "METADATA_1": "TASWIL1000020221227_DATA_BATAS_DESAKELURAHAN", "SRS_ID_1": "4326", "KDBBPS": null, "KDCBPS": null, "KDCPUM": "34.01.03", "KDEBPS": null, "KDEPUM": "34.01.03.2003", "KDPBPS": null, "KDPKAB": "34.01", "KDPPUM": "34", "LUASWH": 0.0, "TIPADM": 1.0, "WADMKC": "Panjatan", "WADMKD": "Bugel", "WADMKK": "Kulon Progo", "WADMPR": "Daerah Istimewa Yogyakarta", "WIADKC": null, "WIADKK": null, "WIADPR": null, "WIADKD": null, "UUPP": "Data dari Pemerintah Daerah", "LUAS": 6.34962349 }, "geometry": { "type": "MultiLineString", "coordinates": [ [ [ 110.165583984814361, -7.95764880689921, 0.0 ], [ 110.165158655000056, -7.957430818999923, 0.0 ], [ 110.1645162, -7.957084606999966, 0.0 ], [ 110.164087897000101, -7.956881162999919, 0.0 ], [ 110.163598918000048, -7.95659562799992, 0.0 ], [ 110.163231291000017, -7.956420737999927, 0.0 ], [ 110.162613821, -7.956103079999933, 0.0 ], [ 110.161846445, -7.955742590999949, 0.0 ], [ 110.161371743000075, -7.955524870999965, 0.0 ], [ 110.160822087000071, -7.955250042999963, 0.0 ], [ 110.160500860000042, -7.95507872199991, 0.0 ], [ 110.160240309000073, -7.954946660999908, 0.0 ], [ 110.160111818000104, -7.954853862999957, 0.0 ], [ 110.159447948000064, -7.95450408199997, 0.0 ], [ 110.15902321500009, -7.954343467999915, 0.0 ], [ 110.158706844000022, -7.954182841999947, 0.0 ] ] ] } },
{ "type": "Feature", "properties": { "FID_Garis_": 2275, "OBJECTID": 32502, "NAMOBJ": "Garis Pantai", "FCODE": "DB02080140", "REMARK": null, "METADATA": null, "SRS_ID": "4326", "DTMVER": 5, "ELEVAS": 0.0, "KARGPN": 5, "TIPGPN": 4, "KODGPN": null, "THNSBDATA": "2025", "SBDATA": 6, "SKL": 6, "THNPBL": "2025", "KET": null, "SHAPE_Leng": 0.02454206569, "FID_Batas_": 4437, "OBJECTID_1": 3867.0, "NAMOBJ_1": "Karangsewu", "FCODE_1": "BA03070040", "REMARK_1": null, "METADATA_1": "TASWIL1000020221227_DATA_BATAS_DESAKELURAHAN", "SRS_ID_1": "4326", "KDBBPS": null, "KDCBPS": null, "KDCPUM": "34.01.04", "KDEBPS": null, "KDEPUM": "34.01.04.2004", "KDPBPS": null, "KDPKAB": "34.01", "KDPPUM": "34", "LUASWH": 0.0, "TIPADM": 1.0, "WADMKC": "Galur", "WADMKD": "Karangsewu", "WADMKK": "Kulon Progo", "WADMPR": "Daerah Istimewa Yogyakarta", "WIADKC": null, "WIADKK": null, "WIADPR": null, "WIADKD": null, "UUPP": "Data dari Pemerintah Daerah", "LUAS": 9.18706127 }, "geometry": { "type": "MultiLineString", "coordinates": [ [ [ 110.167918836266352, -7.958823290365603, 0.0 ], [ 110.167137477000011, -7.958430802999973, 0.0 ], [ 110.166202045000063, -7.957965571999938, 0.0 ], [ 110.165583984814361, -7.95764880689921, 0.0 ] ], [ [ 110.168489715051223, -7.959118825119783, 0.0 ], [ 110.168161650000101, -7.958945259, 0.0 ], [ 110.167993511541297, -7.958860800769897, 0.0 ] ], [ [ 110.169895261938905, -7.959912351709465, 0.0 ], [ 110.169636289000081, -7.9597556319999, 0.0 ], [ 110.169525091000111, -7.959686609999962, 0.0 ], [ 110.169193134000096, -7.95949097599994, 0.0 ], [ 110.168627878909717, -7.959191922100785, 0.0 ] ], [ [ 110.170734551101333, -7.960356959941385, 0.0 ], [ 110.170678289000051, -7.960325186999952, 0.0 ], [ 110.17000543051752, -7.959979446619093, 0.0 ] ], [ [ 110.17105263057698, -7.960536589217994, 0.0 ], [ 110.170921954057775, -7.96046279216286, 0.0 ] ], [ [ 110.171759303214998, -7.960935669021864, 0.0 ], [ 110.171466598961629, -7.960770369914839, 0.0 ] ], [ [ 110.17376627400003, -7.962025082999914, 0.0 ], [ 110.172921646000034, -7.961542526999955, 0.0 ], [ 110.172404113000113, -7.961239145999989, 0.0 ], [ 110.172333248000115, -7.961228381999987, 0.0 ], [ 110.171815222000063, -7.960968415999971, 0.0 ] ], [ [ 110.174783005903052, -7.962611697220402, 0.0 ], [ 110.174274370000049, -7.962302764999975, 0.0 ], [ 110.173782154677866, -7.962033277369275, 0.0 ] ], [ [ 110.176517657000034, -7.963572522999963, 0.0 ], [ 110.175913078000107, -7.963304631, 0.0 ] ], [ [ 110.179958702058883, -7.965562799743021, 0.0 ], [ 110.179210562, -7.965079595999959, 0.0 ], [ 110.178953580000055, -7.964901136999937, 0.0 ], [ 110.178544972000083, -7.964632493999914, 0.0 ], [ 110.17817085300004, -7.964406892999899, 0.0 ], [ 110.177886392000033, -7.964262251000011, 0.0 ], [ 110.177615133000074, -7.964105206999895, 0.0 ], [ 110.176833480000056, -7.963705456999949, 0.0 ], [ 110.176650642851172, -7.963628499978127, 0.0 ] ], [ [ 110.180297380000042, -7.96575111700001, 0.0 ], [ 110.180031814000102, -7.965596122999975, 0.0 ] ] ] } },
{ "type": "Feature", "properties": { "FID_Garis_": 2276, "OBJECTID": 32503, "NAMOBJ": "Garis Pantai", "FCODE": "DB02080140", "REMARK": null, "METADATA": null, "SRS_ID": "4326", "DTMVER": 5, "ELEVAS": 0.0, "KARGPN": 5, "TIPGPN": 4, "KODGPN": null, "THNSBDATA": "2025", "SBDATA": 6, "SKL": 6, "THNPBL": "2025", "KET": null, "SHAPE_Leng": 0.01248279133, "FID_Batas_": 4403, "OBJECTID_1": 3833.0, "NAMOBJ_1": "Garongan", "FCODE_1": "BA03070040", "REMARK_1": null, "METADATA_1": "TASWIL1000020221227_DATA_BATAS_DESAKELURAHAN", "SRS_ID_1": "4326", "KDBBPS": null, "KDCBPS": null, "KDCPUM": "34.01.03", "KDEBPS": null, "KDEPUM": "34.01.03.2001", "KDPBPS": null, "KDPKAB": "34.01", "KDPPUM": "34", "LUASWH": 0.0, "TIPADM": 1.0, "WADMKC": "Panjatan", "WADMKD": "Garongan", "WADMKK": "Kulon Progo", "WADMPR": "Daerah Istimewa Yogyakarta", "WIADKC": null, "WIADKK": null, "WIADPR": null, "WIADKD": null, "UUPP": "Data dari Pemerintah Daerah", "LUAS": 6.24675881 }, "geometry": { "type": "MultiLineString", "coordinates": [ [ [ 110.126031235000056, -7.938943575999903, 0.0 ], [ 110.125890180000013, -7.938869146999962, 0.0 ], [ 110.124331394000095, -7.938130413999946, 0.0 ], [ 110.124089585000064, -7.938020068999964, 0.0 ], [ 110.117485829000074, -7.935091207999924, 0.0 ], [ 110.116711713000058, -7.934734084999952, 0.0 ], [ 110.1148121250001, -7.933802853, 0.0 ], [ 110.114687099000065, -7.933739127999963, 0.0 ] ] ] } },
{ "type": "Feature", "properties": { "FID_Garis_": 2277, "OBJECTID": 32504, "NAMOBJ": "Garis Pantai", "FCODE": "DB02080140", "REMARK": null, "METADATA": null, "SRS_ID": "4326", "DTMVER": 5, "ELEVAS": 0.0, "KARGPN": 5, "TIPGPN": 4, "KODGPN": null, "THNSBDATA": "2025", "SBDATA": 6, "SKL": 6, "THNPBL": "2025", "KET": null, "SHAPE_Leng": 0.01474931358, "FID_Batas_": 4403, "OBJECTID_1": 3833.0, "NAMOBJ_1": "Garongan", "FCODE_1": "BA03070040", "REMARK_1": null, "METADATA_1": "TASWIL1000020221227_DATA_BATAS_DESAKELURAHAN", "SRS_ID_1": "4326", "KDBBPS": null, "KDCBPS": null, "KDCPUM": "34.01.03", "KDEBPS": null, "KDEPUM": "34.01.03.2001", "KDPBPS": null, "KDPKAB": "34.01", "KDPPUM": "34", "LUASWH": 0.0, "TIPADM": 1.0, "WADMKC": "Panjatan", "WADMKD": "Garongan", "WADMKK": "Kulon Progo", "WADMPR": "Daerah Istimewa Yogyakarta", "WIADKC": null, "WIADKK": null, "WIADPR": null, "WIADKD": null, "UUPP": "Data dari Pemerintah Daerah", "LUAS": 6.24675881 }, "geometry": { "type": "MultiLineString", "coordinates": [ [ [ 110.114687099000065, -7.933739127999963, 0.0 ], [ 110.110299373000103, -7.931797487999982, 0.0 ], [ 110.107953583207021, -7.930726795444477, 0.0 ] ] ] } },
{ "type": "Feature", "properties": { "FID_Garis_": 2277, "OBJECTID": 32504, "NAMOBJ": "Garis Pantai", "FCODE": "DB02080140", "REMARK": null, "METADATA": null, "SRS_ID": "4326", "DTMVER": 5, "ELEVAS": 0.0, "KARGPN": 5, "TIPGPN": 4, "KODGPN": null, "THNSBDATA": "2025", "SBDATA": 6, "SKL": 6, "THNPBL": "2025", "KET": null, "SHAPE_Leng": 0.01474931358, "FID_Batas_": 4442, "OBJECTID_1": 3872.0, "NAMOBJ_1": "Karangwuni", "FCODE_1": "BA03070040", "REMARK_1": null, "METADATA_1": "TASWIL1000020221227_DATA_BATAS_DESAKELURAHAN", "SRS_ID_1": "4326", "KDBBPS": null, "KDCBPS": null, "KDCPUM": "34.01.02", "KDEBPS": null, "KDEPUM": "34.01.02.2001", "KDPBPS": null, "KDPKAB": "34.01", "KDPPUM": "34", "LUASWH": 0.0, "TIPADM": 1.0, "WADMKC": "Wates", "WADMKD": "Karangwuni", "WADMKK": "Kulon Progo", "WADMPR": "Daerah Istimewa Yogyakarta", "WIADKC": null, "WIADKK": null, "WIADPR": null, "WIADKD": null, "UUPP": "Data dari Pemerintah Daerah", "LUAS": 7.16034617 }, "geometry": { "type": "MultiLineString", "coordinates": [ [ [ 110.107953583207021, -7.930726795444477, 0.0 ], [ 110.105711772000035, -7.929703561999925, 0.0 ], [ 110.101228868000121, -7.927704814999927, 0.0 ] ] ] } },
{ "type": "Feature", "properties": { "FID_Garis_": 2278, "OBJECTID": 32505, "NAMOBJ": "Garis Pantai", "FCODE": "DB02080140", "REMARK": null, "METADATA": null, "SRS_ID": "4326", "DTMVER": 5, "ELEVAS": 0.0, "KARGPN": 3, "TIPGPN": 4, "KODGPN": null, "THNSBDATA": "2025", "SBDATA": 6, "SKL": 6, "THNPBL": "2025", "KET": null, "SHAPE_Leng": 0.00369466588, "FID_Batas_": 4442, "OBJECTID_1": 3872.0, "NAMOBJ_1": "Karangwuni", "FCODE_1": "BA03070040", "REMARK_1": null, "METADATA_1": "TASWIL1000020221227_DATA_BATAS_DESAKELURAHAN", "SRS_ID_1": "4326", "KDBBPS": null, "KDCBPS": null, "KDCPUM": "34.01.02", "KDEBPS": null, "KDEPUM": "34.01.02.2001", "KDPBPS": null, "KDPKAB": "34.01", "KDPPUM": "34", "LUASWH": 0.0, "TIPADM": 1.0, "WADMKC": "Wates", "WADMKD": "Karangwuni", "WADMKK": "Kulon Progo", "WADMPR": "Daerah Istimewa Yogyakarta", "WIADKC": null, "WIADKK": null, "WIADPR": null, "WIADKD": null, "UUPP": "Data dari Pemerintah Daerah", "LUAS": 7.16034617 }, "geometry": { "type": "MultiLineString", "coordinates": [ [ [ 110.079492812742657, -7.920014202937455, 0.0 ], [ 110.079492771000048, -7.920014226999984, 0.0 ], [ 110.079423967000039, -7.920067273999932, 0.0 ], [ 110.079369858000092, -7.920098524999942, 0.0 ], [ 110.079283384000036, -7.920123842999906, 0.0 ], [ 110.079261574000014, -7.92011984399993, 0.0 ], [ 110.079211681000061, -7.92009407499993, 0.0 ], [ 110.079199965000072, -7.920033503999981, 0.0 ], [ 110.079214007000076, -7.919943617999915, 0.0 ], [ 110.079592865000066, -7.919512433999944, 0.0 ], [ 110.07969022900005, -7.919297313, 0.0 ], [ 110.079741695000038, -7.919134427999931, 0.0 ], [ 110.079751218000027, -7.919088324999936, 0.0 ], [ 110.079776021000043, -7.918986722999967, 0.0 ], [ 110.079783635000041, -7.918952458999974, 0.0 ], [ 110.079793153000125, -7.918925808999989, 0.0 ], [ 110.079796960000081, -7.918912483999953, 0.0 ], [ 110.079808381000049, -7.91887631599998, 0.0 ], [ 110.079808381000049, -7.918845858999947, 0.0 ], [ 110.079814092000078, -7.918817305999894, 0.0 ], [ 110.079823610000062, -7.918786847999949, 0.0 ], [ 110.079833128000047, -7.918765908999904, 0.0 ], [ 110.079842646000131, -7.918727837999952, 0.0 ], [ 110.079844549000114, -7.918678344999942, 0.0 ], [ 110.079852163000027, -7.91859458799994, 0.0 ], [ 110.079863585000084, -7.918533673999963, 0.0 ], [ 110.079865488000067, -7.918508926999958, 0.0 ], [ 110.079878813000022, -7.918470855999916, 0.0 ], [ 110.079886428000023, -7.918448012999892, 0.0 ], [ 110.079895946000107, -7.918415652999967, 0.0 ], [ 110.079909271000048, -7.918389002999983, 0.0 ], [ 110.079907367000061, -7.918354738, 0.0 ], [ 110.079901656000033, -7.918326184999937, 0.0 ], [ 110.079892138000048, -7.918301437999932, 0.0 ], [ 110.079873103000068, -7.918267173999939, 0.0 ], [ 110.079846453000087, -7.918242427999934, 0.0 ], [ 110.079829321, -7.918221488999978, 0.0 ], [ 110.079795056000108, -7.918196741999973, 0.0 ], [ 110.079779828000085, -7.918170091999989, 0.0 ], [ 110.079726528000023, -7.918147248999964, 0.0 ], [ 110.079677035000103, -7.918112984999971, 0.0 ], [ 110.079650385000036, -7.918099659999934, 0.0 ], [ 110.079631349000053, -7.918086334999898, 0.0 ], [ 110.079598989000047, -7.918069203, 0.0 ], [ 110.079585664, -7.918057781999933, 0.0 ], [ 110.079557110000039, -7.918040648999937, 0.0 ], [ 110.079547592000054, -7.918033034999929, 0.0 ], [ 110.079515232000034, -7.918025421, 0.0 ], [ 110.079492389000023, -7.918008288999924, 0.0 ], [ 110.079479064000068, -7.917989252999948, 0.0 ], [ 110.079479064000068, -7.917966409999923, 0.0 ], [ 110.079480968000041, -7.917941663999918, 0.0 ], [ 110.07948667800008, -7.917916917999913, 0.0 ], [ 110.079494293, -7.917895977999957, 0.0 ], [ 110.079513328000061, -7.917871231999952, 0.0 ], [ 110.079543785000098, -7.91783696799996, 0.0 ] ], [ [ 110.079857747000048, -7.919457367999917, 0.0 ], [ 110.079832762000109, -7.919493059999939, 0.0 ], [ 110.07980433794269, -7.919570917090048, 0.0 ] ] ] } },
{ "type": "Feature", "properties": { "FID_Garis_": 2279, "OBJECTID": 32506, "NAMOBJ": "Garis Pantai", "FCODE": "DB02080140", "REMARK": null, "METADATA": null, "SRS_ID": "4326", "DTMVER": 5, "ELEVAS": 0.0, "KARGPN": 3, "TIPGPN": 4, "KODGPN": null, "THNSBDATA": "2025", "SBDATA": 6, "SKL": 6, "THNPBL": "2025", "KET": null, "SHAPE_Leng": 0.00482150589, "FID_Batas_": 4411, "OBJECTID_1": 3841.0, "NAMOBJ_1": "Glagah", "FCODE_1": "BA03070040", "REMARK_1": null, "METADATA_1": "TASWIL1000020221227_DATA_BATAS_DESAKELURAHAN", "SRS_ID_1": "4326", "KDBBPS": null, "KDCBPS": null, "KDCPUM": "34.01.01", "KDEBPS": null, "KDEPUM": "34.01.01.2004", "KDPBPS": null, "KDPKAB": "34.01", "KDPPUM": "34", "LUASWH": 0.0, "TIPADM": 1.0, "WADMKC": "Temon", "WADMKD": "Glagah", "WADMKK": "Kulon Progo", "WADMPR": "Daerah Istimewa Yogyakarta", "WIADKC": null, "WIADKK": null, "WIADPR": null, "WIADKD": null, "UUPP": "Data dari Pemerintah Daerah", "LUAS": 6.01635593 }, "geometry": { "type": "MultiLineString", "coordinates": [ [ [ 110.078021525000082, -7.917409140999911, 0.0 ], [ 110.078019146000059, -7.917435314999945, 0.0 ], [ 110.078013435000031, -7.917448639999981, 0.0 ], [ 110.07799059200002, -7.917460060999949, 0.0 ], [ 110.077948714000101, -7.917471481999917, 0.0 ], [ 110.077937292000044, -7.917471481999917, 0.0 ], [ 110.077920160000048, -7.917467674999958, 0.0 ], [ 110.07787637800007, -7.917460060999949, 0.0 ], [ 110.07784021, -7.917454349999921, 0.0 ], [ 110.077819271000052, -7.917448639999981, 0.0 ], [ 110.077794525000044, -7.917448639999981, 0.0 ], [ 110.077771682000019, -7.917444831999933, 0.0 ], [ 110.077743128000051, -7.917446735999913, 0.0 ], [ 110.077724093000086, -7.917450542999961, 0.0 ], [ 110.077695539000018, -7.917458156999969, 0.0 ], [ 110.077682214000077, -7.917471481999917, 0.0 ], [ 110.07767572069632, -7.917482107772535, 0.0 ] ] ] } },
{ "type": "Feature", "properties": { "FID_Garis_": 2279, "OBJECTID": 32506, "NAMOBJ": "Garis Pantai", "FCODE": "DB02080140", "REMARK": null, "METADATA": null, "SRS_ID": "4326", "DTMVER": 5, "ELEVAS": 0.0, "KARGPN": 3, "TIPGPN": 4, "KODGPN": null, "THNSBDATA": "2025", "SBDATA": 6, "SKL": 6, "THNPBL": "2025", "KET": null, "SHAPE_Leng": 0.00482150589, "FID_Batas_": 4442, "OBJECTID_1": 3872.0, "NAMOBJ_1": "Karangwuni", "FCODE_1": "BA03070040", "REMARK_1": null, "METADATA_1": "TASWIL1000020221227_DATA_BATAS_DESAKELURAHAN", "SRS_ID_1": "4326", "KDBBPS": null, "KDCBPS": null, "KDCPUM": "34.01.02", "KDEBPS": null, "KDEPUM": "34.01.02.2001", "KDPBPS": null, "KDPKAB": "34.01", "KDPPUM": "34", "LUASWH": 0.0, "TIPADM": 1.0, "WADMKC": "Wates", "WADMKD": "Karangwuni", "WADMKK": "Kulon Progo", "WADMPR": "Daerah Istimewa Yogyakarta", "WIADKC": null, "WIADKK": null, "WIADPR": null, "WIADKD": null, "UUPP": "Data dari Pemerintah Daerah", "LUAS": 7.16034617 }, "geometry": { "type": "MultiLineString", "coordinates": [ [ [ 110.07767572069632, -7.917482107772535, 0.0 ], [ 110.077661275000125, -7.91750574699991, 0.0 ], [ 110.077649853000068, -7.917526685999955, 0.0 ], [ 110.077640335000069, -7.91755333599994, 0.0 ], [ 110.077630818000088, -7.917599021999901, 0.0 ], [ 110.07762510700006, -7.9176409, 0.0 ], [ 110.077617493000048, -7.917686585999951, 0.0 ], [ 110.077609878000047, -7.917734174999981, 0.0 ], [ 110.077609878000047, -7.917776052999982, 0.0 ], [ 110.077604168000022, -7.917810317999975, 0.0 ], [ 110.077594650000023, -7.917861713999964, 0.0 ], [ 110.077587036000111, -7.917985445999899, 0.0 ], [ 110.077588939000094, -7.918065395999942, 0.0 ], [ 110.077590843000067, -7.918154863999972, 0.0 ], [ 110.077596553, -7.918223391999958, 0.0 ], [ 110.077615589000075, -7.918297630999972, 0.0 ], [ 110.077630818000088, -7.918349027999962, 0.0 ], [ 110.077630818000088, -7.918389002999983, 0.0 ], [ 110.077659371000053, -7.918486084999933, 0.0 ], [ 110.077684118000064, -7.918552709999939, 0.0 ], [ 110.07770315300003, -7.918598394999989, 0.0 ], [ 110.077725996000055, -7.918630756, 0.0 ], [ 110.077745032000038, -7.918661212999946, 0.0 ], [ 110.077758357000079, -7.918685958999951, 0.0 ], [ 110.077767875000063, -7.91873925899992, 0.0 ], [ 110.077790717000084, -7.918838244999939, 0.0 ], [ 110.077798332, -7.918864894999923, 0.0 ], [ 110.077804042000125, -7.918897254999936, 0.0 ], [ 110.077804042000125, -7.918927712999969, 0.0 ], [ 110.077798332, -7.918986722999967, 0.0 ], [ 110.077781200000089, -7.919032408999928, 0.0 ], [ 110.077765971000076, -7.919074286999929, 0.0 ], [ 110.077756453000092, -7.919110455, 0.0 ], [ 110.077745032000038, -7.919135201999906, 0.0 ], [ 110.077727900000042, -7.919169465999988, 0.0 ], [ 110.07770315300003, -7.919205633999961, 0.0 ], [ 110.077676503000049, -7.919234187000014, 0.0 ], [ 110.077634625000044, -7.919266547999938, 0.0 ], [ 110.077606071000076, -7.919295100999903, 0.0 ], [ 110.07759274600005, -7.919321750999887, 0.0 ], [ 110.077581325000082, -7.919344593999912, 0.0 ], [ 110.077581140517424, -7.919344609376856, 0.0 ] ], [ [ 110.0775151418175, -7.91933445556653, 0.0 ], [ 110.077510893000024, -7.919331268999964, 0.0 ], [ 110.077438557000079, -7.91931033, 0.0 ], [ 110.077435491953281, -7.91930989215265, 0.0 ] ] ] } },
{ "type": "Feature", "properties": { "FID_Garis_": 2280, "OBJECTID": 32507, "NAMOBJ": "Garis Pantai", "FCODE": "DB02080140", "REMARK": null, "METADATA": null, "SRS_ID": "4326", "DTMVER": 5, "ELEVAS": 0.0, "KARGPN": 5, "TIPGPN": 4, "KODGPN": null, "THNSBDATA": "2025", "SBDATA": 6, "SKL": 6, "THNPBL": "2025", "KET": null, "SHAPE_Leng": 0.02090863581, "FID_Batas_": 4424, "OBJECTID_1": 3854.0, "NAMOBJ_1": "Jangkaran", "FCODE_1": "BA03070040", "REMARK_1": null, "METADATA_1": "TASWIL1000020221227_DATA_BATAS_DESAKELURAHAN", "SRS_ID_1": "4326", "KDBBPS": null, "KDCBPS": null, "KDCPUM": "34.01.01", "KDEBPS": null, "KDEPUM": "34.01.01.2001", "KDPBPS": null, "KDPKAB": "34.01", "KDPPUM": "34", "LUASWH": 0.0, "TIPADM": 1.0, "WADMKC": "Temon", "WADMKD": "Jangkaran", "WADMKK": "Kulon Progo", "WADMPR": "Daerah Istimewa Yogyakarta", "WIADKC": null, "WIADKK": null, "WIADPR": null, "WIADKD": null, "UUPP": "Data dari Pemerintah Daerah", "LUAS": 3.51076564 }, "geometry": { "type": "MultiLineString", "coordinates": [ [ [ 110.010727395501874, -7.891099225082722, 0.0 ], [ 110.009423037000033, -7.890621001999899, 0.0 ], [ 110.009235963, -7.890529352999955, 0.0 ], [ 110.009133103000025, -7.8904685809999, 0.0 ], [ 110.009099066000061, -7.890425868, 0.0 ], [ 110.008997424000086, -7.890356664999966, 0.0 ], [ 110.008881019000043, -7.890319349999987, 0.0 ], [ 110.008722776000099, -7.890294464999971, 0.0 ], [ 110.008647823000018, -7.890277510999989, 0.0 ], [ 110.008362766000062, -7.890161950999931, 0.0 ], [ 110.008326595000085, -7.890140097999988, 0.0 ], [ 110.008098167000099, -7.890033021999922, 0.0 ], [ 110.007976814000102, -7.889975915, 0.0 ], [ 110.007925371000027, -7.889950251999912, 0.0 ], [ 110.007748624000044, -7.889899672999902, 0.0 ], [ 110.007342775000041, -7.889722088999952, 0.0 ], [ 110.00728082200007, -7.889686809999964, 0.0 ], [ 110.00632071000004, -7.889262077, 0.0 ], [ 110.005439119000101, -7.888876603999985, 0.0 ], [ 110.004500422000064, -7.888483993, 0.0 ], [ 110.004250798000015, -7.888387816999955, 0.0 ], [ 110.003591253090292, -7.888172471735046, 0.0 ] ], [ [ 110.015309271000078, -7.89294325399993, 0.0 ], [ 110.015177507, -7.892883351999948, 0.0 ], [ 110.013520252000021, -7.892228485999943, 0.0 ], [ 110.013409952000046, -7.892188276999902, 0.0 ], [ 110.01231102400007, -7.891754098999949, 0.0 ], [ 110.011121466000048, -7.891243705, 0.0 ], [ 110.0109696251495, -7.89118803487593, 0.0 ] ] ] } },
{ "type": "Feature", "properties": { "FID_Garis_": 2553, "OBJECTID": 32781, "NAMOBJ": "Garis Pantai", "FCODE": "DB02080140", "REMARK": null, "METADATA": null, "SRS_ID": "4326", "DTMVER": 2, "ELEVAS": 0.0, "KARGPN": 6, "TIPGPN": 4, "KODGPN": null, "THNSBDATA": "2025", "SBDATA": 6, "SKL": 6, "THNPBL": "2025", "KET": null, "SHAPE_Leng": 0.00058847666, "FID_Batas_": 17064, "OBJECTID_1": 18664.0, "NAMOBJ_1": "Purwodadi", "FCODE_1": "BA03070040", "REMARK_1": null, "METADATA_1": "TASWIL1000020221227_DATA_BATAS_DESAKELURAHAN", "SRS_ID_1": "4326", "KDBBPS": null, "KDCBPS": null, "KDCPUM": "34.03.07", "KDEBPS": null, "KDEPUM": "34.03.07.2005", "KDPBPS": null, "KDPKAB": "34.03", "KDPPUM": "34", "LUASWH": 0.0, "TIPADM": 1.0, "WADMKC": "Tepus", "WADMKD": "Purwodadi", "WADMKK": "Gunungkidul", "WADMPR": "Daerah Istimewa Yogyakarta", "WIADKC": null, "WIADKK": null, "WIADPR": null, "WIADKD": null, "UUPP": "Data dari Pemerintah Daerah", "LUAS": 21.90660263 }, "geometry": { "type": "MultiLineString", "coordinates": [ [ [ 110.678550263000062, -8.184655999000015, 0.0 ], [ 110.678526468000058, -8.184641721999988, 0.0 ], [ 110.678524089000035, -8.184567958999924, 0.0 ], [ 110.678576437000103, -8.184501333999918, 0.0 ], [ 110.678626406000063, -8.184498953999899, 0.0 ], [ 110.678659718000063, -8.184510851, 0.0 ], [ 110.678731102000114, -8.184546542999929, 0.0 ], [ 110.678738240000087, -8.184572716999963, 0.0 ], [ 110.678693031000066, -8.184575096999893, 0.0 ], [ 110.678645441000043, -8.184598891999908, 0.0 ], [ 110.678612129000044, -8.184617926999973, 0.0 ], [ 110.678576437000103, -8.184644100999918, 0.0 ], [ 110.678550263000062, -8.184655999000015, 0.0 ] ] ] } },
{ "type": "Feature", "properties": { "FID_Garis_": 2554, "OBJECTID": 32782, "NAMOBJ": "Garis Pantai", "FCODE": "DB02080140", "REMARK": null, "METADATA": null, "SRS_ID": "4326", "DTMVER": 2, "ELEVAS": 0.0, "KARGPN": 6, "TIPGPN": 4, "KODGPN": null, "THNSBDATA": "2025", "SBDATA": 6, "SKL": 6, "THNPBL": "2025", "KET": null, "SHAPE_Leng": 0.00022816089, "FID_Batas_": 17064, "OBJECTID_1": 18664.0, "NAMOBJ_1": "Purwodadi", "FCODE_1": "BA03070040", "REMARK_1": null, "METADATA_1": "TASWIL1000020221227_DATA_BATAS_DESAKELURAHAN", "SRS_ID_1": "4326", "KDBBPS": null, "KDCBPS": null, "KDCPUM": "34.03.07", "KDEBPS": null, "KDEPUM": "34.03.07.2005", "KDPBPS": null, "KDPKAB": "34.03", "KDPPUM": "34", "LUASWH": 0.0, "TIPADM": 1.0, "WADMKC": "Tepus", "WADMKD": "Purwodadi", "WADMKK": "Gunungkidul", "WADMPR": "Daerah Istimewa Yogyakarta", "WIADKC": null, "WIADKK": null, "WIADPR": null, "WIADKD": null, "UUPP": "Data dari Pemerintah Daerah", "LUAS": 21.90660263 }, "geometry": { "type": "MultiLineString", "coordinates": [ [ [ 110.676724272112693, -8.18514084763903, 0.0 ], [ 110.676717523000036, -8.185146008999968, 0.0 ], [ 110.676703246000017, -8.185150768, 0.0 ], [ 110.67670217788384, -8.185150233957952, 0.0 ] ] ] } },
{ "type": "Feature", "properties": { "FID_Garis_": 2555, "OBJECTID": 32783, "NAMOBJ": "Garis Pantai", "FCODE": "DB02080140", "REMARK": null, "METADATA": null, "SRS_ID": "4326", "DTMVER": 2, "ELEVAS": 0.0, "KARGPN": 6, "TIPGPN": 4, "KODGPN": null, "THNSBDATA": "2025", "SBDATA": 6, "SKL": 6, "THNPBL": "2025", "KET": null, "SHAPE_Leng": 0.00056857172, "FID_Batas_": 4601, "OBJECTID_1": 4031.0, "NAMOBJ_1": "Giricahyo", "FCODE_1": "BA03070040", "REMARK_1": null, "METADATA_1": "TASWIL1000020221227_DATA_BATAS_DESAKELURAHAN", "SRS_ID_1": "4326", "KDBBPS": null, "KDCBPS": null, "KDCPUM": "34.03.18", "KDEBPS": null, "KDEPUM": "34.03.18.2002", "KDPBPS": null, "KDPKAB": "34.03", "KDPPUM": "34", "LUASWH": 0.0, "TIPADM": 1.0, "WADMKC": "Purwosari", "WADMKD": "Giricahyo", "WADMKK": "Gunungkidul", "WADMPR": "Daerah Istimewa Yogyakarta", "WIADKC": null, "WIADKK": null, "WIADPR": null, "WIADKD": null, "UUPP": "Data dari Pemerintah Daerah", "LUAS": 16.36313372 }, "geometry": { "type": "MultiLineString", "coordinates": [ [ [ 110.348138899862619, -8.041203951119371, 0.0 ], [ 110.348112065000109, -8.041187178999945, 0.0 ], [ 110.34810635400008, -8.04115862599998, 0.0 ], [ 110.348110161000037, -8.04111293999993, 0.0 ], [ 110.348157751000073, -8.041099614999982, 0.0 ], [ 110.348167269000058, -8.041074868999978, 0.0 ], [ 110.348199629000078, -8.041057736999981, 0.0 ], [ 110.348224376000076, -8.041063447999921, 0.0 ], [ 110.348254833000027, -8.041074868999978, 0.0 ], [ 110.348275772000065, -8.041088193999926, 0.0 ], [ 110.348281483000093, -8.04111293999993, 0.0 ], [ 110.348281483000093, -8.041151011999972, 0.0 ], [ 110.348277676000038, -8.041189082999924, 0.0 ], [ 110.348258640000068, -8.041215732999909, 0.0 ], [ 110.348236585793785, -8.041228500999988, 0.0 ] ] ] } },
{ "type": "Feature", "properties": { "FID_Garis_": 2582, "OBJECTID": 32810, "NAMOBJ": "Garis Pantai", "FCODE": "DB02080140", "REMARK": null, "METADATA": null, "SRS_ID": "4326", "DTMVER": 2, "ELEVAS": 0.0, "KARGPN": 6, "TIPGPN": 4, "KODGPN": null, "THNSBDATA": "2025", "SBDATA": 6, "SKL": 6, "THNPBL": "2025", "KET": null, "SHAPE_Leng": 0.00045672859, "FID_Batas_": 17064, "OBJECTID_1": 18664.0, "NAMOBJ_1": "Purwodadi", "FCODE_1": "BA03070040", "REMARK_1": null, "METADATA_1": "TASWIL1000020221227_DATA_BATAS_DESAKELURAHAN", "SRS_ID_1": "4326", "KDBBPS": null, "KDCBPS": null, "KDCPUM": "34.03.07", "KDEBPS": null, "KDEPUM": "34.03.07.2005", "KDPBPS": null, "KDPKAB": "34.03", "KDPPUM": "34", "LUASWH": 0.0, "TIPADM": 1.0, "WADMKC": "Tepus", "WADMKD": "Purwodadi", "WADMKK": "Gunungkidul", "WADMPR": "Daerah Istimewa Yogyakarta", "WIADKC": null, "WIADKK": null, "WIADPR": null, "WIADKD": null, "UUPP": "Data dari Pemerintah Daerah", "LUAS": 21.90660263 }, "geometry": { "type": "MultiLineString", "coordinates": [ [ [ 110.679792434373027, -8.187119315325244, 0.0 ], [ 110.679769219000036, -8.187135897999944, 0.0 ], [ 110.679696407000051, -8.187143036999913, 0.0 ], [ 110.679669281000116, -8.187124476999976, 0.0 ], [ 110.679660715000111, -8.187084501999955, 0.0 ], [ 110.679674992000045, -8.187053092999932, 0.0 ], [ 110.67970211800008, -8.187023111999938, 0.0 ], [ 110.679736382000073, -8.187023111999938, 0.0 ], [ 110.679772763784499, -8.187027342219491, 0.0 ] ] ] } },
{ "type": "Feature", "properties": { "FID_Garis_": 2640, "OBJECTID": 32868, "NAMOBJ": "Garis Pantai", "FCODE": "DB02080140", "REMARK": null, "METADATA": null, "SRS_ID": "4326", "DTMVER": 2, "ELEVAS": 0.0, "KARGPN": 6, "TIPGPN": 4, "KODGPN": null, "THNSBDATA": "2019", "SBDATA": 6, "SKL": 6, "THNPBL": "2025", "KET": null, "SHAPE_Leng": 0.00173219131, "FID_Batas_": 17064, "OBJECTID_1": 18664.0, "NAMOBJ_1": "Purwodadi", "FCODE_1": "BA03070040", "REMARK_1": null, "METADATA_1": "TASWIL1000020221227_DATA_BATAS_DESAKELURAHAN", "SRS_ID_1": "4326", "KDBBPS": null, "KDCBPS": null, "KDCPUM": "34.03.07", "KDEBPS": null, "KDEPUM": "34.03.07.2005", "KDPBPS": null, "KDPKAB": "34.03", "KDPPUM": "34", "LUASWH": 0.0, "TIPADM": 1.0, "WADMKC": "Tepus", "WADMKD": "Purwodadi", "WADMKK": "Gunungkidul", "WADMPR": "Daerah Istimewa Yogyakarta", "WIADKC": null, "WIADKK": null, "WIADPR": null, "WIADKD": null, "UUPP": "Data dari Pemerintah Daerah", "LUAS": 21.90660263 }, "geometry": { "type": "MultiLineString", "coordinates": [ [ [ 110.662499268944401, -8.177217657120686, 0.0 ], [ 110.662473046000059, -8.177221541999948, 0.0 ], [ 110.662414821000127, -8.177264361999939, 0.0 ], [ 110.662371990000054, -8.177278637999965, 0.0 ], [ 110.662311916531365, -8.177323040042275, 0.0 ] ], [ [ 110.662724987266046, -8.177654357189947, 0.0 ], [ 110.662732304000102, -8.177608714, 0.0 ], [ 110.662681320000061, -8.177568933, 0.0 ], [ 110.662636110000051, -8.177533240999892, 0.0 ], [ 110.662614695000059, -8.177507066999947, 0.0 ], [ 110.662590901000044, -8.177488030999971, 0.0 ], [ 110.66257662400001, -8.177464235999956, 0.0 ], [ 110.662588338, -8.177444711999939, 0.0 ], [ 110.662626593000056, -8.177433302999972, 0.0 ], [ 110.662658615791145, -8.177445502895466, 0.0 ] ], [ [ 110.662339399059078, -8.177622542886578, 0.0 ], [ 110.662371459, -8.17762493699993, 0.0 ], [ 110.6624412930001, -8.177594563, 0.0 ], [ 110.662479066000031, -8.177561793999946, 0.0 ], [ 110.662507620000071, -8.177576070999972, 0.0 ], [ 110.662531414000085, -8.177604624999937, 0.0 ], [ 110.662534389000072, -8.177651125999965, 0.0 ] ], [ [ 110.662674182988454, -8.177671946942269, 0.0 ], [ 110.662723187021015, -8.17765687801483, 0.0 ] ] ] } },
{ "type": "Feature", "properties": { "FID_Garis_": 2641, "OBJECTID": 32869, "NAMOBJ": "Garis Pantai", "FCODE": "DB02080140", "REMARK": null, "METADATA": null, "SRS_ID": "4326", "DTMVER": 2, "ELEVAS": 0.0, "KARGPN": 6, "TIPGPN": 4, "KODGPN": null, "THNSBDATA": "2020", "SBDATA": 6, "SKL": 6, "THNPBL": "2025", "KET": null, "SHAPE_Leng": 0.00294513073, "FID_Batas_": 4577, "OBJECTID_1": 4007.0, "NAMOBJ_1": "Banjarejo", "FCODE_1": "BA03070040", "REMARK_1": null, "METADATA_1": "TASWIL1000020221227_DATA_BATAS_DESAKELURAHAN", "SRS_ID_1": "4326", "KDBBPS": null, "KDCBPS": null, "KDCPUM": "34.03.17", "KDEBPS": null, "KDEPUM": "34.03.17.2004", "KDPBPS": null, "KDPKAB": "34.03", "KDPPUM": "34", "LUASWH": 0.0, "TIPADM": 1.0, "WADMKC": "Tanjungsari", "WADMKD": "Banjarejo", "WADMKK": "Gunungkidul", "WADMPR": "Daerah Istimewa Yogyakarta", "WIADKC": null, "WIADKK": null, "WIADPR": null, "WIADKD": null, "UUPP": "Data dari Pemerintah Daerah", "LUAS": 17.03407882 }, "geometry": { "type": "MultiLineString", "coordinates": [ [ [ 110.577940569000035, -8.138865882962456, 0.0 ], [ 110.578233343000107, -8.138900289999942, 0.0 ] ], [ [ 110.577552658008884, -8.138890951011781, 0.0 ], [ 110.577704474999862, -8.138866236888145, 0.0 ] ], [ [ 110.578511735005193, -8.139348156998896, 0.0 ], [ 110.578503492221671, -8.139409326097038, 0.0 ] ], [ [ 110.578484779000036, -8.139452041999942, 0.0 ], [ 110.578388642000078, -8.139528082999927, 0.0 ], [ 110.578387914000103, -8.139529101999923, 0.0 ], [ 110.578328361000061, -8.139525698999908, 0.0 ], [ 110.578313689000083, -8.139481684, 0.0 ], [ 110.578281566000015, -8.139442422999945, 0.0 ], [ 110.578181629000085, -8.13942100699995, 0.0 ], [ 110.578088830000041, -8.13942100699995, 0.0 ], [ 110.577935355000051, -8.139460267999912, 0.0 ], [ 110.577871110000061, -8.139492391, 0.0 ], [ 110.577753938000058, -8.139511282999958, 0.0 ], [ 110.577721203000095, -8.139503099, 0.0 ], [ 110.57766941000007, -8.139470384999949, 0.0 ], [ 110.577611588218403, -8.139397143982521, 0.0 ] ] ] } },
{ "type": "Feature", "properties": { "FID_Garis_": 2642, "OBJECTID": 32870, "NAMOBJ": "Garis Pantai", "FCODE": "DB02080140", "REMARK": null, "METADATA": null, "SRS_ID": "4326", "DTMVER": 2, "ELEVAS": 0.0, "KARGPN": 6, "TIPGPN": 4, "KODGPN": null, "THNSBDATA": "2020", "SBDATA": 6, "SKL": 6, "THNPBL": "2025", "KET": null, "SHAPE_Leng": 0.00093492128, "FID_Batas_": 4628, "OBJECTID_1": 4058.0, "NAMOBJ_1": "Kemadang", "FCODE_1": "BA03070040", "REMARK_1": null, "METADATA_1": "TASWIL1000020221227_DATA_BATAS_DESAKELURAHAN", "SRS_ID_1": "4326", "KDBBPS": null, "KDCBPS": null, "KDCPUM": "34.03.17", "KDEBPS": null, "KDEPUM": "34.03.17.2003", "KDPBPS": null, "KDPKAB": "34.03", "KDPPUM": "34", "LUASWH": 0.0, "TIPADM": 1.0, "WADMKC": "Tanjungsari", "WADMKD": "Kemadang", "WADMKK": "Gunungkidul", "WADMPR": "Daerah Istimewa Yogyakarta", "WIADKC": null, "WIADKK": null, "WIADPR": null, "WIADKD": null, "UUPP": "Data dari Pemerintah Daerah", "LUAS": 19.12350612 }, "geometry": { "type": "MultiLineString", "coordinates": [ [ [ 110.55537876800004, -8.134608998999973, 0.0 ], [ 110.555316307000027, -8.134594126999986, 0.0 ], [ 110.55524492300006, -8.134546537999956, 0.0 ], [ 110.555191385000086, -8.134510845999934, 0.0 ], [ 110.555188411000103, -8.134472179999932, 0.0 ], [ 110.555149745, -8.134427564999971, 0.0 ], [ 110.555134873000014, -8.134359155, 0.0 ], [ 110.555206257000066, -8.13429372, 0.0 ], [ 110.555233026000053, -8.134272899999964, 0.0 ], [ 110.55531928100001, -8.134299668999958, 0.0 ], [ 110.555354973000107, -8.134359155, 0.0 ], [ 110.55537876800004, -8.134394846999928, 0.0 ], [ 110.555396614000102, -8.134442435999958, 0.0 ], [ 110.555399588000071, -8.134498947999926, 0.0 ], [ 110.55537876800004, -8.134608998999973, 0.0 ] ] ] } },
{ "type": "Feature", "properties": { "FID_Garis_": 2643, "OBJECTID": 32871, "NAMOBJ": "Garis Pantai", "FCODE": "DB02080140", "REMARK": null, "METADATA": null, "SRS_ID": "4326", "DTMVER": 2, "ELEVAS": 0.0, "KARGPN": 6, "TIPGPN": 4, "KODGPN": null, "THNSBDATA": "2020", "SBDATA": 6, "SKL": 6, "THNPBL": "2025", "KET": null, "SHAPE_Leng": 0.00087514148, "FID_Batas_": 4628, "OBJECTID_1": 4058.0, "NAMOBJ_1": "Kemadang", "FCODE_1": "BA03070040", "REMARK_1": null, "METADATA_1": "TASWIL1000020221227_DATA_BATAS_DESAKELURAHAN", "SRS_ID_1": "4326", "KDBBPS": null, "KDCBPS": null, "KDCPUM": "34.03.17", "KDEBPS": null, "KDEPUM": "34.03.17.2003", "KDPBPS": null, "KDPKAB": "34.03", "KDPPUM": "34", "LUASWH": 0.0, "TIPADM": 1.0, "WADMKC": "Tanjungsari", "WADMKD": "Kemadang", "WADMKK": "Gunungkidul", "WADMPR": "Daerah Istimewa Yogyakarta", "WIADKC": null, "WIADKK": null, "WIADPR": null, "WIADKD": null, "UUPP": "Data dari Pemerintah Daerah", "LUAS": 19.12350612 }, "geometry": { "type": "MultiLineString", "coordinates": [ [ [ 110.55372939494714, -8.133765363911873, 0.0 ], [ 110.553745791000011, -8.133774306999921, 0.0 ], [ 110.553759543287242, -8.133783317084777, 0.0 ] ], [ [ 110.553785676301118, -8.133803504784733, 0.0 ], [ 110.553793380000045, -8.133810474999983, 0.0 ], [ 110.553807657000078, -8.133838076999957, 0.0 ], [ 110.553811464000034, -8.13387043799997, 0.0 ], [ 110.553794332000038, -8.133889472999947, 0.0 ], [ 110.553777200000042, -8.133902797999983, 0.0 ], [ 110.553781959000077, -8.133938013999966, 0.0 ], [ 110.553798139, -8.133961808999981, 0.0 ], [ 110.553795284000032, -8.133992265999925, 0.0 ], [ 110.553777122028634, -8.134003483308607, 0.0 ] ], [ [ 110.553612963283371, -8.133882003566519, 0.0 ], [ 110.553613493000086, -8.133857112999934, 0.0 ], [ 110.553611590000017, -8.133830462999949, 0.0 ], [ 110.553604267373061, -8.133810326977855, 0.0 ] ], [ [ 110.553730871011481, -8.133962380464723, 0.0 ], [ 110.553733418000064, -8.133956097999953, 0.0 ], [ 110.553698202000078, -8.133930399999958, 0.0 ], [ 110.553659408781215, -8.133922318008615, 0.0 ] ] ] } },
{ "type": "Feature", "properties": { "FID_Garis_": 2648, "OBJECTID": 32876, "NAMOBJ": "Garis Pantai", "FCODE": "DB02080140", "REMARK": null, "METADATA": null, "SRS_ID": "4326", "DTMVER": 2, "ELEVAS": 0.0, "KARGPN": 3, "TIPGPN": 4, "KODGPN": null, "THNSBDATA": "2025", "SBDATA": 6, "SKL": 6, "THNPBL": "2025", "KET": null, "SHAPE_Leng": 0.00883930231, "FID_Batas_": 7391, "OBJECTID_1": 9105.0, "NAMOBJ_1": "Songbanyu", "FCODE_1": "BA03070040", "REMARK_1": null, "METADATA_1": "TASWIL1000020221227_DATA_BATAS_DESAKELURAHAN", "SRS_ID_1": "4326", "KDBBPS": null, "KDCBPS": null, "KDCPUM": "34.03.16", "KDEBPS": null, "KDEPUM": "34.03.16.2008", "KDPBPS": null, "KDPKAB": "34.03", "KDPPUM": "34", "LUASWH": 0.0, "TIPADM": 1.0, "WADMKC": "Girisubo", "WADMKD": "Songbanyu", "WADMKK": "Gunungkidul", "WADMPR": "Daerah Istimewa Yogyakarta", "WIADKC": null, "WIADKK": null, "WIADPR": null, "WIADKD": null, "UUPP": "Data dari Pemerintah Daerah", "LUAS": 15.55045849 }, "geometry": { "type": "MultiLineString", "coordinates": [ [ [ 110.830556313343251, -8.201764020754112, 0.0 ], [ 110.830551225000079, -8.201763002999964, 0.0 ], [ 110.830501256000034, -8.201727310999942, 0.0 ], [ 110.830482221000054, -8.201717792999954, 0.0 ], [ 110.830453667000086, -8.201710654999985, 0.0 ], [ 110.830432252, -8.201705895999947, 0.0 ], [ 110.830408457, -8.201696377999959, 0.0 ], [ 110.83037276500005, -8.201684480999951, 0.0 ], [ 110.830338576698097, -8.201671885269981, 0.0 ] ], [ [ 110.830722103760735, -8.201820278803442, 0.0 ], [ 110.830717787000097, -8.201798694999987, 0.0 ], [ 110.830715408000074, -8.201782038999941, 0.0 ], [ 110.830703510000063, -8.201777279999902, 0.0 ], [ 110.830683790000123, -8.201769540999972, 0.0 ], [ 110.830634927000077, -8.201769330999955, 0.0 ], [ 110.830612891243661, -8.20176970323482, 0.0 ] ], [ [ 110.830946129882477, -8.202231586068311, 0.0 ], [ 110.830929559000111, -8.202198444999933, 0.0 ], [ 110.830915282, -8.20216513199993, 0.0 ], [ 110.830900409402361, -8.202140344105704, 0.0 ] ], [ [ 110.833415945023404, -8.20229832050158, 0.0 ], [ 110.833408958000092, -8.202281725999985, 0.0 ], [ 110.833389922000038, -8.202255551999951, 0.0 ], [ 110.833368507000031, -8.202246033999963, 0.0 ], [ 110.833339953000063, -8.202248412999982, 0.0 ], [ 110.833301882000029, -8.20225793099997, 0.0 ], [ 110.833254293, -8.202267448999958, 0.0 ], [ 110.83321384200012, -8.202279345999965, 0.0 ], [ 110.833171012000037, -8.20230789999993, 0.0 ], [ 110.833128181000049, -8.202334073999964, 0.0 ], [ 110.833075833000066, -8.202369765999986, 0.0 ], [ 110.833033003000082, -8.202405457999919, 0.0 ], [ 110.833007783000113, -8.202444116, 0.0 ], [ 110.832984239000041, -8.202458795999981, 0.0 ], [ 110.832933065000063, -8.202467323999976, 0.0 ], [ 110.832904512000098, -8.202488738999971, 0.0 ], [ 110.832890235000079, -8.202507773999947, 0.0 ], [ 110.832866441000064, -8.202536327999912, 0.0 ], [ 110.832847405000081, -8.202555363999977, 0.0 ], [ 110.832830749000038, -8.202574398999953, 0.0 ], [ 110.832809333000043, -8.202598193999968, 0.0 ], [ 110.832795057000013, -8.202629126999952, 0.0 ], [ 110.832787918000051, -8.202660059999936, 0.0 ], [ 110.832790298000063, -8.20268623399997, 0.0 ], [ 110.832776021000129, -8.202721926, 0.0 ], [ 110.832766503000045, -8.202738581999949, 0.0 ], [ 110.83276174400001, -8.202786170999978, 0.0 ], [ 110.832771262000094, -8.202817103999962, 0.0 ], [ 110.832780780000078, -8.202852795999984, 0.0 ], [ 110.832780780000078, -8.20287659099991, 0.0 ], [ 110.832778400000052, -8.202907523999983, 0.0 ], [ 110.832764124000036, -8.202943215999916, 0.0 ], [ 110.83275698500006, -8.202967009999931, 0.0 ], [ 110.832749847000088, -8.203012219999941, 0.0 ], [ 110.832733191000045, -8.203078844999947, 0.0 ], [ 110.832728432000096, -8.203128814, 0.0 ], [ 110.832728432000096, -8.203169264999968, 0.0 ], [ 110.832733191000045, -8.203216853999908, 0.0 ], [ 110.832747467000075, -8.203262063999919, 0.0 ], [ 110.83275222600011, -8.203333446999963, 0.0 ], [ 110.832754606000037, -8.203381036999904, 0.0 ], [ 110.83274270900003, -8.203438143999922, 0.0 ], [ 110.832718914000026, -8.203507147999947, 0.0 ], [ 110.832711776000053, -8.203542839999969, 0.0 ], [ 110.832704369433486, -8.203568020956755, 0.0 ] ], [ [ 110.831419429457654, -8.20242776098409, 0.0 ], [ 110.83140069300002, -8.202384041999924, 0.0 ], [ 110.831369760000129, -8.202345970999971, 0.0 ], [ 110.831341275000085, -8.202323370999967, 0.0 ], [ 110.831329309000068, -8.202288863999954, 0.0 ], [ 110.8313007550001, -8.202272208, 0.0 ], [ 110.831272202000051, -8.202267448999958, 0.0 ], [ 110.831238889000048, -8.202274587000016, 0.0 ], [ 110.831210336000083, -8.202293622999903, 0.0 ], [ 110.831188921, -8.202310278999949, 0.0 ], [ 110.831159246000112, -8.202341216999933, 0.0 ], [ 110.831124686000095, -8.20235932000001, 0.0 ], [ 110.831093822111939, -8.202382217609419, 0.0 ] ], [ [ 110.831952055014114, -8.2034313778823, 0.0 ], [ 110.831860870000085, -8.203181711999932, 0.0 ], [ 110.8317418970001, -8.202961611999928, 0.0 ], [ 110.831600432556911, -8.202769947219171, 0.0 ] ], [ [ 110.834910017000126, -8.203044792999972, 0.0 ], [ 110.83487657000002, -8.203029059999913, 0.0 ], [ 110.834852299000062, -8.203026203999944, 0.0 ], [ 110.83481232400004, -8.203020493999915, 0.0 ], [ 110.834782343000043, -8.203020493999915, 0.0 ], [ 110.834723808, -8.203013354999946, 0.0 ], [ 110.834689544000099, -8.203014782999976, 0.0 ], [ 110.834665273000041, -8.203024776999914, 0.0 ], [ 110.834642431000105, -8.203051902999938, 0.0 ], [ 110.834602456000084, -8.203127569999893, 0.0 ], [ 110.834583896000055, -8.203156122999946, 0.0 ], [ 110.834573902000031, -8.20318324899997, 0.0 ], [ 110.834568191000088, -8.203218940999903, 0.0 ], [ 110.834569619000035, -8.203274619999981, 0.0 ], [ 110.834569619000035, -8.203306029, 0.0 ], [ 110.834566764000058, -8.203324588999941, 0.0 ], [ 110.834555342, -8.203337437999938, 0.0 ], [ 110.834545349000066, -8.203338865999967, 0.0 ], [ 110.83452237100002, -8.203328226999886, 0.0 ], [ 110.834486814000016, -8.203298890999946, 0.0 ], [ 110.834472537000082, -8.203288896999918, 0.0 ], [ 110.834435417000023, -8.203274619999981, 0.0 ], [ 110.834359922630156, -8.203247319011666, 0.0 ] ], [ [ 110.832654824796478, -8.203639574626234, 0.0 ], [ 110.832595639000033, -8.203680128999959, 0.0 ], [ 110.83254143286544, -8.203704081103194, 0.0 ] ] ] } },
{ "type": "Feature", "properties": { "FID_Garis_": 2651, "OBJECTID": 32879, "NAMOBJ": "Garis Pantai", "FCODE": "DB02080140", "REMARK": null, "METADATA": null, "SRS_ID": "4326", "DTMVER": 2, "ELEVAS": 0.0, "KARGPN": 5, "TIPGPN": 4, "KODGPN": null, "THNSBDATA": "2025", "SBDATA": 6, "SKL": 6, "THNPBL": "2025", "KET": null, "SHAPE_Leng": 0.00113347815, "FID_Batas_": 7391, "OBJECTID_1": 9105.0, "NAMOBJ_1": "Songbanyu", "FCODE_1": "BA03070040", "REMARK_1": null, "METADATA_1": "TASWIL1000020221227_DATA_BATAS_DESAKELURAHAN", "SRS_ID_1": "4326", "KDBBPS": null, "KDCBPS": null, "KDCPUM": "34.03.16", "KDEBPS": null, "KDEPUM": "34.03.16.2008", "KDPBPS": null, "KDPKAB": "34.03", "KDPPUM": "34", "LUASWH": 0.0, "TIPADM": 1.0, "WADMKC": "Girisubo", "WADMKD": "Songbanyu", "WADMKK": "Gunungkidul", "WADMPR": "Daerah Istimewa Yogyakarta", "WIADKC": null, "WIADKK": null, "WIADPR": null, "WIADKD": null, "UUPP": "Data dari Pemerintah Daerah", "LUAS": 15.55045849 }, "geometry": { "type": "MultiLineString", "coordinates": [ [ [ 110.830057774395343, -8.201435200031728, 0.0 ], [ 110.829998774000018, -8.201441172999893, 0.0 ] ], [ [ 110.829853424501096, -8.201477936957904, 0.0 ], [ 110.829834450000106, -8.201484181999987, 0.0 ], [ 110.829772266591732, -8.201521316524776, 0.0 ] ], [ [ 110.829614623124641, -8.201643123902649, 0.0 ], [ 110.829613717000043, -8.201644029999979, 0.0 ], [ 110.829575646000094, -8.201696377999959, 0.0 ], [ 110.829551851000076, -8.201748725999938, 0.0 ], [ 110.829530436000084, -8.201796315999967, 0.0 ], [ 110.8295209180001, -8.20183438699992, 0.0 ], [ 110.829511400000015, -8.20187959699993, 0.0 ], [ 110.829506642000069, -8.201917667999972, 0.0 ], [ 110.829506642000069, -8.201958118999944, 0.0 ], [ 110.829516159000065, -8.201993810999966, 0.0 ], [ 110.8295209180001, -8.20202236399993, 0.0 ], [ 110.829525677000049, -8.202043779999926, 0.0 ], [ 110.829532816000011, -8.20206995399996, 0.0 ], [ 110.829554231000103, -8.202108025, 0.0 ] ] ] } },
{ "type": "Feature", "properties": { "FID_Garis_": 2652, "OBJECTID": 32880, "NAMOBJ": "Garis Pantai", "FCODE": "DB02080140", "REMARK": null, "METADATA": null, "SRS_ID": "4326", "DTMVER": 2, "ELEVAS": 0.0, "KARGPN": 3, "TIPGPN": 4, "KODGPN": null, "THNSBDATA": "2025", "SBDATA": 6, "SKL": 6, "THNPBL": "2025", "KET": null, "SHAPE_Leng": 0.01476885618, "FID_Batas_": 7391, "OBJECTID_1": 9105.0, "NAMOBJ_1": "Songbanyu", "FCODE_1": "BA03070040", "REMARK_1": null, "METADATA_1": "TASWIL1000020221227_DATA_BATAS_DESAKELURAHAN", "SRS_ID_1": "4326", "KDBBPS": null, "KDCBPS": null, "KDCPUM": "34.03.16", "KDEBPS": null, "KDEPUM": "34.03.16.2008", "KDPBPS": null, "KDPKAB": "34.03", "KDPPUM": "34", "LUASWH": 0.0, "TIPADM": 1.0, "WADMKC": "Girisubo", "WADMKD": "Songbanyu", "WADMKK": "Gunungkidul", "WADMPR": "Daerah Istimewa Yogyakarta", "WIADKC": null, "WIADKK": null, "WIADPR": null, "WIADKD": null, "UUPP": "Data dari Pemerintah Daerah", "LUAS": 15.55045849 }, "geometry": { "type": "MultiLineString", "coordinates": [ [ [ 110.829554231000103, -8.202108025, 0.0 ], [ 110.829575333631823, -8.202140761321299, 0.0 ] ], [ [ 110.829577428521247, -8.202144011104231, 0.0 ], [ 110.829587424000096, -8.20215951699991, 0.0 ], [ 110.829602296000076, -8.202198182999911, 0.0 ], [ 110.8296112190001, -8.20224874599992, 0.0 ], [ 110.8296112190001, -8.20229633599995, 0.0 ], [ 110.829626091000094, -8.202349872999939, 0.0 ], [ 110.829632039000046, -8.202412333999956, 0.0 ], [ 110.829635013000114, -8.202445052, 0.0 ], [ 110.829629065000077, -8.202489666999959, 0.0 ], [ 110.82961716800007, -8.202546178999928, 0.0 ], [ 110.829608245000131, -8.202599716999917, 0.0 ], [ 110.829608245000131, -8.202635408999939, 0.0 ], [ 110.829602296000076, -8.202674074999941, 0.0 ], [ 110.829600657379558, -8.202699866402376, 0.0 ] ], [ [ 110.825061942614909, -8.202436773091861, 0.0 ], [ 110.825043852000121, -8.202398179999939, 0.0 ], [ 110.824942587000095, -8.202354849999907, 0.0 ], [ 110.824781021000049, -8.20242996, 0.0 ], [ 110.824710186000047, -8.202449858999952, 0.0 ], [ 110.824595224000035, -8.202481754999926, 0.0 ], [ 110.824453745000056, -8.202402937999977, 0.0 ], [ 110.824277665000054, -8.202331554999933, 0.0 ], [ 110.8240312920001, -8.20231995199995, 0.0 ], [ 110.823978943000029, -8.202312812999892, 0.0 ], [ 110.823907560000066, -8.20231995199995, 0.0 ], [ 110.823850453000063, -8.202336607999907, 0.0 ], [ 110.823767171, -8.202362781999941, 0.0 ], [ 110.823562538000033, -8.202436544999916, 0.0 ], [ 110.823495913000031, -8.202469858, 0.0 ], [ 110.823462146000082, -8.202484058999939, 0.0 ], [ 110.82338645800003, -8.202526964999937, 0.0 ], [ 110.823350766, -8.202536482999925, 0.0 ], [ 110.823310315000043, -8.202536482999925, 0.0 ], [ 110.823267485000045, -8.202531723999886, 0.0 ], [ 110.823262019167913, -8.202530042178182, 0.0 ] ], [ [ 110.823183282628307, -8.202477600985461, 0.0 ], [ 110.823150891000083, -8.20241513099992, 0.0 ], [ 110.82313423500004, -8.202407991999952, 0.0 ], [ 110.823112820000034, -8.202410370999971, 0.0 ], [ 110.823093784000065, -8.202419888999959, 0.0 ], [ 110.823069989000047, -8.202453201999962, 0.0 ], [ 110.823065230000012, -8.202481754999926, 0.0 ], [ 110.823067610000038, -8.20256027699994, 0.0 ], [ 110.823067610000038, -8.20260548699995, 0.0 ], [ 110.823074748000096, -8.202636419999934, 0.0 ], [ 110.823078597000048, -8.202690998, 0.0 ], [ 110.823077128000108, -8.202757772999938, 0.0 ], [ 110.823072369000073, -8.202783946999972, 0.0 ], [ 110.823058092000039, -8.202807740999987, 0.0 ], [ 110.823031918000098, -8.202833914999932, 0.0 ], [ 110.823000985000107, -8.202848191999959, 0.0 ], [ 110.822926032000041, -8.202901729999947, 0.0 ], [ 110.822872494000052, -8.202944559999938, 0.0 ], [ 110.822829664000068, -8.202980251999961, 0.0 ], [ 110.822779695000094, -8.203030220999921, 0.0 ], [ 110.822768555228947, -8.203040503902539, 0.0 ] ], [ [ 110.826515991000065, -8.20290724499996, 0.0 ], [ 110.826480740000079, -8.20287587299994, 0.0 ], [ 110.826454566000052, -8.202871114, 0.0 ], [ 110.826406977000019, -8.20287349399992, 0.0 ], [ 110.826352250000113, -8.202890149999966, 0.0 ], [ 110.826307040000103, -8.202913943999892, 0.0 ], [ 110.826261830000092, -8.202937738999907, 0.0 ], [ 110.826228518000079, -8.202963912999941, 0.0 ], [ 110.826192826000067, -8.202978189999968, 0.0 ], [ 110.826157134000042, -8.202987707999956, 0.0 ], [ 110.826128580000073, -8.202987707999956, 0.0 ], [ 110.82608575000009, -8.202987707999956, 0.0 ], [ 110.826052438, -8.20296939499995, 0.0 ], [ 110.826012473000063, -8.20296939499995, 0.0 ], [ 110.825947741000036, -8.202949636, 0.0 ], [ 110.825909670000087, -8.202949636, 0.0 ], [ 110.825869219000111, -8.20296629299996, 0.0 ], [ 110.825822850000094, -8.202983171999936, 0.0 ], [ 110.825788317000075, -8.203001984999982, 0.0 ], [ 110.825733590000084, -8.203030537999947, 0.0 ], [ 110.825686001000051, -8.203042434999954, 0.0 ], [ 110.825652688000048, -8.203037675999916, 0.0 ], [ 110.825624135000083, -8.203018640999939, 0.0 ], [ 110.825593202, -8.202992466999905, 0.0 ], [ 110.825569407000089, -8.20297105199991, 0.0 ], [ 110.825538333000083, -8.20295794699998, 0.0 ], [ 110.825505161000095, -8.202949636, 0.0 ], [ 110.82546709000006, -8.202937738999907, 0.0 ], [ 110.825429019000097, -8.202935359999977, 0.0 ], [ 110.825393327000086, -8.202930600999938, 0.0 ], [ 110.825364773000032, -8.20292108299995, 0.0 ], [ 110.825331461000118, -8.202906805999923, 0.0 ], [ 110.825286638000051, -8.202885458999933, 0.0 ], [ 110.825257698000058, -8.202878252999959, 0.0 ], [ 110.825214867000057, -8.202840180999917, 0.0 ], [ 110.825200896000055, -8.202717026999942, 0.0 ], [ 110.825136560675162, -8.2025919298672, 0.0 ] ], [ [ 110.829821837463314, -8.202858580717223, 0.0 ], [ 110.829816447000042, -8.202888225999985, 0.0 ], [ 110.829792653000112, -8.202968532999968, 0.0 ], [ 110.829745064000079, -8.20302802, 0.0 ], [ 110.82967665400011, -8.203066685999918, 0.0 ], [ 110.829656667000052, -8.203069183999947, 0.0 ], [ 110.829652859000092, -8.203093930999952, 0.0 ], [ 110.829652859000092, -8.20311487, 0.0 ], [ 110.829666184000033, -8.203124387999896, 0.0 ], [ 110.829708063000041, -8.203128194999945, 0.0 ], [ 110.829746134000075, -8.203126291999965, 0.0 ], [ 110.829774688000043, -8.203126291999965, 0.0 ], [ 110.82979182000004, -8.203124387999896, 0.0 ], [ 110.829812759000077, -8.20311487, 0.0 ], [ 110.829833168000079, -8.203095190999967, 0.0 ], [ 110.829837268000063, -8.203084531999973, 0.0 ], [ 110.829867011000047, -8.203033967999964, 0.0 ], [ 110.829878908000055, -8.202998276999942, 0.0 ], [ 110.829891180383612, -8.202989511095851, 0.0 ] ], [ [ 110.826900463863126, -8.20307524472609, 0.0 ], [ 110.826894767000056, -8.20306385099995, 0.0 ], [ 110.82688029900001, -8.203017942999971, 0.0 ], [ 110.826840039000061, -8.202992466999905, 0.0 ], [ 110.826811486000096, -8.202975809999948, 0.0 ], [ 110.82676389600006, -8.202963912999941, 0.0 ], [ 110.826728204000034, -8.202959153999902, 0.0 ], [ 110.82668537400005, -8.202959153999902, 0.0 ], [ 110.826633026000067, -8.20297105199991, 0.0 ], [ 110.82660434395666, -8.202980108953053, 0.0 ] ], [ [ 110.822228281617683, -8.203142666636811, 0.0 ], [ 110.822219332000103, -8.203137296999987, 0.0 ], [ 110.822180071000048, -8.203105174, 0.0 ], [ 110.822126533000059, -8.203080188999969, 0.0 ], [ 110.822030165000086, -8.203051635999916, 0.0 ], [ 110.821994473000061, -8.203037358999978, 0.0 ], [ 110.821955212, -8.203033789999949, 0.0 ], [ 110.821890966000112, -8.203033789999949, 0.0 ], [ 110.821783891000038, -8.203076619999941, 0.0 ], [ 110.821726784000106, -8.203098034999936, 0.0 ], [ 110.821687523000065, -8.203115881, 0.0 ], [ 110.8216268460001, -8.203140865999927, 0.0 ], [ 110.821576878000059, -8.203158711999983, 0.0 ], [ 110.821501925000064, -8.203180126999978, 0.0 ], [ 110.821437679000084, -8.203187264999947, 0.0 ], [ 110.821377003000038, -8.203190833999976, 0.0 ], [ 110.821273496000089, -8.203201541999974, 0.0 ], [ 110.821230666000105, -8.20321938799994, 0.0 ], [ 110.821159282000053, -8.203244371999965, 0.0 ], [ 110.821123590000028, -8.203269356999989, 0.0 ], [ 110.821052206000076, -8.203301478999983, 0.0 ], [ 110.821010527876894, -8.203305103515692, 0.0 ] ], [ [ 110.820867119506474, -8.20327990222717, 0.0 ], [ 110.82079637700005, -8.203193609999939, 0.0 ], [ 110.820730942000054, -8.203116276999936, 0.0 ], [ 110.820720236891248, -8.20309914932972, 0.0 ] ], [ [ 110.822637797446745, -8.203120800175281, 0.0 ], [ 110.822626220000103, -8.203126588999989, 0.0 ], [ 110.822536990000089, -8.20317298799992, 0.0 ], [ 110.822487021000043, -8.203180126999978, 0.0 ], [ 110.822437053000087, -8.203183695999918, 0.0 ], [ 110.822401353776058, -8.203183695999918, 0.0 ] ], [ [ 110.829562191078381, -8.203250277239373, 0.0 ], [ 110.829551970000097, -8.20324312299995, 0.0 ], [ 110.829543642000019, -8.203234794999972, 0.0 ], [ 110.82953531400004, -8.203227656999914, 0.0 ], [ 110.829523417000033, -8.203220517999945, 0.0 ], [ 110.829513899000048, -8.203215758999907, 0.0 ], [ 110.829494863000065, -8.203218138999926, 0.0 ], [ 110.829482966000057, -8.203222897999964, 0.0 ], [ 110.82947106900005, -8.203230036000022, 0.0 ], [ 110.829461551000065, -8.203231225999943, 0.0 ], [ 110.829449653000069, -8.203226467, 0.0 ], [ 110.829447274000046, -8.203218138999926, 0.0 ], [ 110.829447274000046, -8.203207430999928, 0.0 ], [ 110.829447274000046, -8.20319553400001, 0.0 ], [ 110.829447274000046, -8.203187205999942, 0.0 ], [ 110.829450606000051, -8.20317822299991, 0.0 ], [ 110.829434247000023, -8.203173760999984, 0.0 ], [ 110.829423836000061, -8.203176735999964, 0.0 ], [ 110.829400042000131, -8.203203504999959, 0.0 ], [ 110.829379221000096, -8.203239196999981, 0.0 ], [ 110.829367324000089, -8.203283811999942, 0.0 ], [ 110.829351906000056, -8.203357046999962, 0.0 ], [ 110.82934733700003, -8.20338945999989, 0.0 ], [ 110.82934733700003, -8.203412064999984, 0.0 ], [ 110.829341388000074, -8.203435859, 0.0 ], [ 110.829330680000083, -8.203456084999985, 0.0 ], [ 110.829317593000056, -8.20348225899993, 0.0 ], [ 110.829305696000048, -8.203497724999966, 0.0 ], [ 110.829290230000112, -8.203519140999962, 0.0 ], [ 110.829277143000084, -8.203536986999929, 0.0 ], [ 110.829264006000074, -8.203565449999886, 0.0 ], [ 110.829260324000117, -8.203576497, 0.0 ], [ 110.829229355000038, -8.203616935999971, 0.0 ], [ 110.829210319000069, -8.203634068999968, 0.0 ], [ 110.829164864000035, -8.203676330999912, 0.0 ], [ 110.829120852000031, -8.203696885999925, 0.0 ], [ 110.829098009000091, -8.203712114999941, 0.0 ], [ 110.829067552000069, -8.203733053999898, 0.0 ], [ 110.829031384000089, -8.203755896999922, 0.0 ], [ 110.82899902300008, -8.203774932999988, 0.0 ], [ 110.828972373000099, -8.20380919699998, 0.0 ], [ 110.828955241000102, -8.203832039999917, 0.0 ], [ 110.828955241000102, -8.203843460999973, 0.0 ], [ 110.828945723000018, -8.203872014999938, 0.0 ], [ 110.82893367200009, -8.203930343999968, 0.0 ], [ 110.828910656000048, -8.203990183999945, 0.0 ], [ 110.828869581000021, -8.204081406999943, 0.0 ], [ 110.828850545000051, -8.204113767999957, 0.0 ], [ 110.82883912300008, -8.204136610999981, 0.0 ], [ 110.828821991, -8.204165163999946, 0.0 ], [ 110.828806763000074, -8.20419181399993, 0.0 ], [ 110.828796848000053, -8.204208073999943, 0.0 ], [ 110.828777813000073, -8.204215211999912, 0.0 ], [ 110.828765915000062, -8.204215211999912, 0.0 ], [ 110.828750935000073, -8.204206342999978, 0.0 ], [ 110.828740931000041, -8.204199745999965, 0.0 ], [ 110.828727844000113, -8.204197365999946, 0.0 ], [ 110.828717136000108, -8.204198555999955, 0.0 ], [ 110.828710782000115, -8.204213258000017, 0.0 ], [ 110.828694532000014, -8.20422591999991, 0.0 ], [ 110.82868025500008, -8.204233057999968, 0.0 ], [ 110.828662409000032, -8.204237817, 0.0 ], [ 110.828643373000048, -8.204244954999975, 0.0 ], [ 110.828624337000079, -8.204256852999983, 0.0 ], [ 110.828611250000051, -8.204268749999901, 0.0 ], [ 110.828595784000115, -8.204286595999957, 0.0 ], [ 110.828581507000081, -8.204304441999923, 0.0 ], [ 110.828566041000045, -8.204312769999902, 0.0 ], [ 110.828564204574377, -8.204312769999902, 0.0 ] ], [ [ 110.827970651621627, -8.203759746937269, 0.0 ], [ 110.827963145000084, -8.203744375999946, 0.0 ], [ 110.827927453000058, -8.203694407999897, 0.0 ], [ 110.827879864000025, -8.203639679999988, 0.0 ], [ 110.827822757, -8.203599228999927, 0.0 ], [ 110.827777547, -8.203575434999912, 0.0 ], [ 110.82774185500007, -8.203551639999986, 0.0 ], [ 110.82769664500006, -8.20353736299996, 0.0 ], [ 110.827663333000061, -8.203527844999972, 0.0 ], [ 110.827618123000036, -8.203525465999952, 0.0 ], [ 110.827584810000047, -8.20353260400001, 0.0 ], [ 110.827551498000034, -8.203558777999955, 0.0 ], [ 110.827525324000092, -8.203596849999908, 0.0 ], [ 110.827499150000051, -8.203642059999918, 0.0 ], [ 110.827475355000047, -8.20368489, 0.0 ], [ 110.82746345800004, -8.203703925999974, 0.0 ], [ 110.827430145000037, -8.20372534099997, 0.0 ], [ 110.827401592000072, -8.203732478999939, 0.0 ], [ 110.827380177000066, -8.2037301, 0.0 ], [ 110.827354003000039, -8.203720581999931, 0.0 ], [ 110.827323053538549, -8.203716366695915, 0.0 ] ], [ [ 110.827319548539066, -8.203712687675715, 0.0 ], [ 110.827297383000058, -8.203682262999958, 0.0 ], [ 110.827228007000087, -8.203545613999932, 0.0 ], [ 110.827199338000028, -8.203527844999972, 0.0 ], [ 110.827190237214126, -8.203528603558166, 0.0 ] ], [ [ 110.828213961048718, -8.204023576206367, 0.0 ], [ 110.82819484500007, -8.204007008999916, 0.0 ], [ 110.828166733655081, -8.203992953655561, 0.0 ] ] ] } },
{ "type": "Feature", "properties": { "FID_Garis_": 2653, "OBJECTID": 32881, "NAMOBJ": "Garis Pantai", "FCODE": "DB02080140", "REMARK": null, "METADATA": null, "SRS_ID": "4326", "DTMVER": 2, "ELEVAS": 0.0, "KARGPN": 5, "TIPGPN": 4, "KODGPN": null, "THNSBDATA": "2025", "SBDATA": 6, "SKL": 6, "THNPBL": "2025", "KET": null, "SHAPE_Leng": 0.00066658741, "FID_Batas_": 7391, "OBJECTID_1": 9105.0, "NAMOBJ_1": "Songbanyu", "FCODE_1": "BA03070040", "REMARK_1": null, "METADATA_1": "TASWIL1000020221227_DATA_BATAS_DESAKELURAHAN", "SRS_ID_1": "4326", "KDBBPS": null, "KDCBPS": null, "KDCPUM": "34.03.16", "KDEBPS": null, "KDEPUM": "34.03.16.2008", "KDPBPS": null, "KDPKAB": "34.03", "KDPPUM": "34", "LUASWH": 0.0, "TIPADM": 1.0, "WADMKC": "Girisubo", "WADMKD": "Songbanyu", "WADMKK": "Gunungkidul", "WADMPR": "Daerah Istimewa Yogyakarta", "WIADKC": null, "WIADKK": null, "WIADPR": null, "WIADKD": null, "UUPP": "Data dari Pemerintah Daerah", "LUAS": 15.55045849 }, "geometry": { "type": "MultiLineString", "coordinates": [ [ [ 110.821078747195457, -8.202155813323788, 0.0 ], [ 110.821064066000076, -8.202134749, 0.0 ], [ 110.82089916400011, -8.202092989999912, 0.0 ] ] ] } },
{ "type": "Feature", "properties": { "FID_Garis_": 2654, "OBJECTID": 32882, "NAMOBJ": "Garis Pantai", "FCODE": "DB02080140", "REMARK": null, "METADATA": null, "SRS_ID": "4326", "DTMVER": 2, "ELEVAS": 0.0, "KARGPN": 3, "TIPGPN": 4, "KODGPN": null, "THNSBDATA": "2025", "SBDATA": 6, "SKL": 6, "THNPBL": "2025", "KET": null, "SHAPE_Leng": 0.0167207758, "FID_Batas_": 7391, "OBJECTID_1": 9105.0, "NAMOBJ_1": "Songbanyu", "FCODE_1": "BA03070040", "REMARK_1": null, "METADATA_1": "TASWIL1000020221227_DATA_BATAS_DESAKELURAHAN", "SRS_ID_1": "4326", "KDBBPS": null, "KDCBPS": null, "KDCPUM": "34.03.16", "KDEBPS": null, "KDEPUM": "34.03.16.2008", "KDPBPS": null, "KDPKAB": "34.03", "KDPPUM": "34", "LUASWH": 0.0, "TIPADM": 1.0, "WADMKC": "Girisubo", "WADMKD": "Songbanyu", "WADMKK": "Gunungkidul", "WADMPR": "Daerah Istimewa Yogyakarta", "WIADKC": null, "WIADKK": null, "WIADPR": null, "WIADKD": null, "UUPP": "Data dari Pemerintah Daerah", "LUAS": 15.55045849 }, "geometry": { "type": "MultiLineString", "coordinates": [ [ [ 110.810179238961183, -8.198864307910139, 0.0 ], [ 110.810148326, -8.198822144, 0.0 ], [ 110.810097770000084, -8.198758043999934, 0.0 ], [ 110.810062666000107, -8.198729344999958, 0.0 ], [ 110.810012697000062, -8.198725775999929, 0.0 ], [ 110.809980574000065, -8.198747190999924, 0.0 ], [ 110.809959159000073, -8.198782882999947, 0.0 ], [ 110.809944882000053, -8.198836420999935, 0.0 ], [ 110.809927036, -8.198872112999958, 0.0 ], [ 110.80990663290541, -8.198899822626018, 0.0 ] ], [ [ 110.809807758704395, -8.1988992453938, 0.0 ], [ 110.809769992000057, -8.198879250999926, 0.0 ], [ 110.809741439000092, -8.198843559, 0.0 ], [ 110.809709316000095, -8.198825712999938, 0.0 ], [ 110.809670055000055, -8.198832852, 0.0 ], [ 110.80960937800009, -8.198882819999955, 0.0 ], [ 110.809584394000069, -8.198922081, 0.0 ], [ 110.809555841000105, -8.198986326999904, 0.0 ], [ 110.809527287000051, -8.19905057199998, 0.0 ], [ 110.809491595000026, -8.199096971999911, 0.0 ], [ 110.809471965000085, -8.199129093999904, 0.0 ], [ 110.809411644000079, -8.19918691099998, 0.0 ], [ 110.809335634, -8.199234906999955, 0.0 ] ], [ [ 110.811177978114955, -8.199462520972958, 0.0 ], [ 110.811165546000069, -8.19933253799995, 0.0 ], [ 110.811151269000035, -8.199271861999904, 0.0 ], [ 110.811129854000043, -8.199225462999973, 0.0 ], [ 110.811087024000045, -8.199146939999959, 0.0 ], [ 110.811079885000083, -8.199089832999942, 0.0 ], [ 110.811065609000053, -8.19900417299996, 0.0 ], [ 110.811022778000066, -8.198932789, 0.0 ], [ 110.810983517000096, -8.198882819999955, 0.0 ], [ 110.810963887000071, -8.19885962, 0.0 ], [ 110.81092042900012, -8.198829281999966, 0.0 ], [ 110.810901426000058, -8.198829281999966, 0.0 ], [ 110.810883580000095, -8.198829281999966, 0.0 ], [ 110.810862165000088, -8.198839989999964, 0.0 ], [ 110.810847888000069, -8.19886140499996, 0.0 ], [ 110.81084431900004, -8.198889958999924, 0.0 ], [ 110.81084431900004, -8.198929219999975, 0.0 ], [ 110.810833611000049, -8.199054141, 0.0 ], [ 110.810815765000072, -8.19910054099994, 0.0 ], [ 110.810695702000089, -8.199190665999936, 0.0 ], [ 110.810567211000034, -8.199200183999924, 0.0 ], [ 110.810472033000053, -8.199138317999957, 0.0 ], [ 110.810424252257675, -8.199103582245328, 0.0 ] ], [ [ 110.809222225000028, -8.199296120999957, 0.0 ], [ 110.809121577000056, -8.199342517999977, 0.0 ], [ 110.808973706263771, -8.199389935321424, 0.0 ] ], [ [ 110.814944599580969, -8.199777970724789, 0.0 ], [ 110.814938181000016, -8.199775117999977, 0.0 ], [ 110.814902489000076, -8.19976441099989, 0.0 ], [ 110.814807411000032, -8.199638004999912, 0.0 ], [ 110.814702714000077, -8.199538066999903, 0.0 ], [ 110.814555188000043, -8.199423852999956, 0.0 ], [ 110.814464768000022, -8.199385782, 0.0 ], [ 110.814338557000056, -8.199411060999964, 0.0 ], [ 110.814263604000075, -8.199407490999935, 0.0 ], [ 110.814192220000024, -8.199425337, 0.0 ], [ 110.814131544000062, -8.199439613999928, 0.0 ], [ 110.814067299000072, -8.199464597999953, 0.0 ], [ 110.814020899000056, -8.199500289999975, 0.0 ], [ 110.813978069000072, -8.199553827999964, 0.0 ], [ 110.813956654000066, -8.199593088999926, 0.0 ], [ 110.813945946000075, -8.199643057999975, 0.0 ], [ 110.813953085000037, -8.199703733999932, 0.0 ], [ 110.813953085000037, -8.199746564999923, 0.0 ], [ 110.813942377000046, -8.199775117999977, 0.0 ], [ 110.813935239000074, -8.19981081, 0.0 ], [ 110.813932179121863, -8.199823213720805, 0.0 ] ], [ [ 110.811197581000044, -8.199622534999964, 0.0 ], [ 110.81118417773861, -8.199520097012627, 0.0 ] ], [ [ 110.811256316166649, -8.19977803357558, 0.0 ], [ 110.811229791000045, -8.199742994999983, 0.0 ], [ 110.811222250771522, -8.19972540125077, 0.0 ] ], [ [ 110.812577907957845, -8.199865641964923, 0.0 ], [ 110.812496854000074, -8.199860778999959, 0.0 ], [ 110.812392437000057, -8.19984278299998, 0.0 ], [ 110.812278564000053, -8.199790974999956, 0.0 ], [ 110.812161350000025, -8.199757271999921, 0.0 ], [ 110.812104243000107, -8.199746564999923, 0.0 ], [ 110.812007875000035, -8.199728718999957, 0.0 ], [ 110.811961476000107, -8.199728718999957, 0.0 ], [ 110.811897230000028, -8.199728718999957, 0.0 ], [ 110.811822277000047, -8.199739425999955, 0.0 ], [ 110.811743755000037, -8.199753702999981, 0.0 ], [ 110.811697355, -8.199771548999948, 0.0 ], [ 110.81166166400007, -8.199800101999912, 0.0 ], [ 110.811643818000022, -8.199825086999937, 0.0 ], [ 110.811625972000058, -8.199850070999961, 0.0 ], [ 110.811587759494984, -8.199873474705335, 0.0 ] ], [ [ 110.815460676028408, -8.199968550588856, 0.0 ], [ 110.81545214500008, -8.199964285, 0.0 ], [ 110.815402176000035, -8.199925023999945, 0.0 ], [ 110.815370054000041, -8.199889331999923, 0.0 ], [ 110.815291531000028, -8.199825086999937, 0.0 ], [ 110.815255839000102, -8.199803671999941, 0.0 ], [ 110.815195163000055, -8.199782256999946, 0.0 ], [ 110.81512021000006, -8.199775117999977, 0.0 ], [ 110.815052396000056, -8.199782256999946, 0.0 ], [ 110.815004711055792, -8.199786403264255, 0.0 ] ], [ [ 110.818573195972775, -8.199971577570544, 0.0 ], [ 110.818514511000075, -8.199939300999972, 0.0 ], [ 110.818443127000108, -8.199900039999921, 0.0 ], [ 110.818196816000068, -8.199785032, 0.0 ], [ 110.81764954000009, -8.199814774999972, 0.0 ], [ 110.817118957000062, -8.199939300999972, 0.0 ], [ 110.817065420000077, -8.19994287, 0.0 ], [ 110.817008312000056, -8.19994287, 0.0 ], [ 110.816965482000072, -8.199939300999972, 0.0 ], [ 110.816853449000035, -8.199906056999975, 0.0 ], [ 110.816760711000086, -8.199865008999954, 0.0 ], [ 110.816708500000033, -8.199842933, 0.0 ], [ 110.816676378000039, -8.199835793999934, 0.0 ], [ 110.816637117000084, -8.199835793999934, 0.0 ], [ 110.816547911000072, -8.199846443999927, 0.0 ], [ 110.816465795000028, -8.199839363999963, 0.0 ], [ 110.816451312974934, -8.199838639726256, 0.0 ] ], [ [ 110.813702171490434, -8.199862946352656, 0.0 ], [ 110.813696103000012, -8.199860778999959, 0.0 ], [ 110.813656842000043, -8.19985364, 0.0 ], [ 110.813628288000075, -8.19985364, 0.0 ], [ 110.813535796000068, -8.199877181999984, 0.0 ], [ 110.813464170000088, -8.199878520999917, 0.0 ], [ 110.813322045475317, -8.199912031208214, 0.0 ] ], [ [ 110.813254913010397, -8.199921455, 0.0 ], [ 110.81317857000009, -8.199921455, 0.0 ], [ 110.813110755000068, -8.199917885999977, 0.0 ], [ 110.813042941000049, -8.199910746999919, 0.0 ], [ 110.812880907000064, -8.199884023999928, 0.0 ], [ 110.812869786235126, -8.199883345804917, 0.0 ] ], [ [ 110.819029282635256, -8.200903649861715, 0.0 ], [ 110.819033333, -8.200889601, 0.0 ], [ 110.819014298000042, -8.200751592999946, 0.0 ], [ 110.818938155000041, -8.200623101999973, 0.0 ], [ 110.818860906872416, -8.200581259610242, 0.0 ] ], [ [ 110.819695875186454, -8.202314547456737, 0.0 ], [ 110.819434135000051, -8.201980083999985, 0.0 ], [ 110.819034137809211, -8.201725186079347, 0.0 ] ], [ [ 110.82089916400011, -8.202092989999912, 0.0 ], [ 110.82081923800007, -8.202042499, 0.0 ], [ 110.820760743000022, -8.202018274999947, 0.0 ], [ 110.820712223000015, -8.202014635999912, 0.0 ], [ 110.820666734000071, -8.202030846999921, 0.0 ], [ 110.820606057000106, -8.202052261999917, 0.0 ], [ 110.820540902000047, -8.20206638900002, 0.0 ], [ 110.820459721000077, -8.20206638900002, 0.0 ], [ 110.820407568000036, -8.202074296999964, 0.0 ], [ 110.820345507000042, -8.202095093, 0.0 ], [ 110.820306245000083, -8.202120076999933, 0.0 ], [ 110.820270553000057, -8.202148629999986, 0.0 ], [ 110.820234862000035, -8.202173614999921, 0.0 ], [ 110.820213446000039, -8.202187891999948, 0.0 ], [ 110.820127786000057, -8.202291397999986, 0.0 ], [ 110.820049501309157, -8.202519619055728, 0.0 ] ], [ [ 110.819997641580557, -8.202619674377978, 0.0 ], [ 110.819956834298111, -8.20269623455129, 0.0 ] ] ] } },
{ "type": "Feature", "properties": { "FID_Garis_": 2655, "OBJECTID": 32883, "NAMOBJ": "Garis Pantai", "FCODE": "DB02080140", "REMARK": null, "METADATA": null, "SRS_ID": "4326", "DTMVER": 2, "ELEVAS": 0.0, "KARGPN": 6, "TIPGPN": 4, "KODGPN": null, "THNSBDATA": "2025", "SBDATA": 6, "SKL": 6, "THNPBL": "2025", "KET": null, "SHAPE_Leng": 0.00034592837, "FID_Batas_": 7391, "OBJECTID_1": 9105.0, "NAMOBJ_1": "Songbanyu", "FCODE_1": "BA03070040", "REMARK_1": null, "METADATA_1": "TASWIL1000020221227_DATA_BATAS_DESAKELURAHAN", "SRS_ID_1": "4326", "KDBBPS": null, "KDCBPS": null, "KDCPUM": "34.03.16", "KDEBPS": null, "KDEPUM": "34.03.16.2008", "KDPBPS": null, "KDPKAB": "34.03", "KDPPUM": "34", "LUASWH": 0.0, "TIPADM": 1.0, "WADMKC": "Girisubo", "WADMKD": "Songbanyu", "WADMKK": "Gunungkidul", "WADMPR": "Daerah Istimewa Yogyakarta", "WIADKC": null, "WIADKK": null, "WIADPR": null, "WIADKD": null, "UUPP": "Data dari Pemerintah Daerah", "LUAS": 15.55045849 }, "geometry": { "type": "MultiLineString", "coordinates": [ [ [ 110.804729454820674, -8.198302865687204, 0.0 ], [ 110.804731662000094, -8.198302708, 0.0 ], [ 110.804740942000066, -8.198304848999918, 0.0 ], [ 110.804751649000053, -8.198311987999976, 0.0 ], [ 110.804758074000063, -8.198325549999943, 0.0 ], [ 110.804758074000063, -8.198347678999909, 0.0 ], [ 110.804757360000082, -8.198362669999906, 0.0 ], [ 110.804757360000082, -8.198374091999963, 0.0 ], [ 110.80475664600003, -8.198391936999929, 0.0 ], [ 110.804754505000034, -8.198404786999927, 0.0 ], [ 110.804743797000029, -8.198412638999955, 0.0 ], [ 110.804734517000071, -8.198414779999954, 0.0 ], [ 110.804730764772202, -8.198414154920677, 0.0 ] ] ] } },
{ "type": "Feature", "properties": { "FID_Garis_": 2657, "OBJECTID": 32885, "NAMOBJ": "Garis Pantai", "FCODE": "DB02080140", "REMARK": null, "METADATA": null, "SRS_ID": "4326", "DTMVER": 2, "ELEVAS": 0.0, "KARGPN": 6, "TIPGPN": 4, "KODGPN": null, "THNSBDATA": "2025", "SBDATA": 6, "SKL": 6, "THNPBL": "2025", "KET": null, "SHAPE_Leng": 0.00063237832, "FID_Batas_": 7391, "OBJECTID_1": 9105.0, "NAMOBJ_1": "Songbanyu", "FCODE_1": "BA03070040", "REMARK_1": null, "METADATA_1": "TASWIL1000020221227_DATA_BATAS_DESAKELURAHAN", "SRS_ID_1": "4326", "KDBBPS": null, "KDCBPS": null, "KDCPUM": "34.03.16", "KDEBPS": null, "KDEPUM": "34.03.16.2008", "KDPBPS": null, "KDPKAB": "34.03", "KDPPUM": "34", "LUASWH": 0.0, "TIPADM": 1.0, "WADMKC": "Girisubo", "WADMKD": "Songbanyu", "WADMKK": "Gunungkidul", "WADMPR": "Daerah Istimewa Yogyakarta", "WIADKC": null, "WIADKK": null, "WIADPR": null, "WIADKD": null, "UUPP": "Data dari Pemerintah Daerah", "LUAS": 15.55045849 }, "geometry": { "type": "MultiLineString", "coordinates": [ [ [ 110.797214526679753, -8.195611498209789, 0.0 ], [ 110.797222667000085, -8.195617649999978, 0.0 ], [ 110.797229873000049, -8.195627494, 0.0 ], [ 110.797241750000055, -8.195654981999958, 0.0 ], [ 110.797250605000073, -8.195679966999894, 0.0 ], [ 110.797246467, -8.195698396, 0.0 ], [ 110.797245846000038, -8.195720416999954, 0.0 ], [ 110.797252015000112, -8.195744917999939, 0.0 ], [ 110.797243466000026, -8.195759678999917, 0.0 ], [ 110.797230379000013, -8.195764436999955, 0.0 ], [ 110.797210154000112, -8.195756108999976, 0.0 ], [ 110.797194687000072, -8.195753729999957, 0.0 ], [ 110.797179221000036, -8.195756108999976, 0.0 ], [ 110.797167324000029, -8.195763247999945, 0.0 ], [ 110.797155426000103, -8.195769196, 0.0 ], [ 110.797134011000111, -8.195775144999953, 0.0 ], [ 110.797133620279411, -8.195775166711741, 0.0 ] ] ] } },
{ "type": "Feature", "properties": { "FID_Garis_": 2658, "OBJECTID": 32886, "NAMOBJ": "Garis Pantai", "FCODE": "DB02080140", "REMARK": null, "METADATA": null, "SRS_ID": "4326", "DTMVER": 2, "ELEVAS": 0.0, "KARGPN": 3, "TIPGPN": 4, "KODGPN": null, "THNSBDATA": "2025", "SBDATA": 6, "SKL": 6, "THNPBL": "2025", "KET": null, "SHAPE_Leng": 0.02195607067, "FID_Batas_": 7391, "OBJECTID_1": 9105.0, "NAMOBJ_1": "Songbanyu", "FCODE_1": "BA03070040", "REMARK_1": null, "METADATA_1": "TASWIL1000020221227_DATA_BATAS_DESAKELURAHAN", "SRS_ID_1": "4326", "KDBBPS": null, "KDCBPS": null, "KDCPUM": "34.03.16", "KDEBPS": null, "KDEPUM": "34.03.16.2008", "KDPBPS": null, "KDPKAB": "34.03", "KDPPUM": "34", "LUASWH": 0.0, "TIPADM": 1.0, "WADMKC": "Girisubo", "WADMKD": "Songbanyu", "WADMKK": "Gunungkidul", "WADMPR": "Daerah Istimewa Yogyakarta", "WIADKC": null, "WIADKK": null, "WIADPR": null, "WIADKD": null, "UUPP": "Data dari Pemerintah Daerah", "LUAS": 15.55045849 }, "geometry": { "type": "MultiLineString", "coordinates": [ [ [ 110.797540872576633, -8.19353902243888, 0.0 ], [ 110.797572837000104, -8.193485408999948, 0.0 ], [ 110.797576172901614, -8.193476068610241, 0.0 ] ], [ [ 110.798336355620691, -8.194020528007186, 0.0 ], [ 110.798322505000044, -8.193913021999979, 0.0 ], [ 110.798132148, -8.193808324999932, 0.0 ], [ 110.797922534244776, -8.193828699330776, 0.0 ] ], [ [ 110.79757651236153, -8.195736417619806, 0.0 ], [ 110.797560530000055, -8.195706735999977, 0.0 ], [ 110.797531976000087, -8.195667473999926, 0.0 ], [ 110.797492715000033, -8.195628212999964, 0.0 ], [ 110.797446315000016, -8.195592520999941, 0.0 ], [ 110.797392778000031, -8.195556828999919, 0.0 ], [ 110.797412510000072, -8.195443878999988, 0.0 ], [ 110.797495505000086, -8.195341387999946, 0.0 ], [ 110.797679913000081, -8.195156979999965, 0.0 ], [ 110.797840527000034, -8.194936879999961, 0.0 ], [ 110.797871930242707, -8.194898498193695, 0.0 ] ], [ [ 110.798173046661091, -8.195862853572979, 0.0 ], [ 110.798160154000101, -8.19583522599995, 0.0 ], [ 110.798120893000061, -8.195806672999897, 0.0 ], [ 110.7980709240001, -8.195778118999932, 0.0 ], [ 110.797967417000052, -8.195767411999935, 0.0 ], [ 110.797931725000041, -8.195767411999935, 0.0 ], [ 110.797871049000079, -8.195770980999963, 0.0 ], [ 110.79780323500006, -8.195778118999932, 0.0 ], [ 110.797731851000023, -8.195792395999959, 0.0 ], [ 110.797660467000071, -8.19578882699993, 0.0 ], [ 110.797646744049914, -8.195782292244349, 0.0 ] ], [ [ 110.799346375518098, -8.196963535799586, 0.0 ], [ 110.799343836000077, -8.196947029999926, 0.0 ], [ 110.799305170000082, -8.19687564599997, 0.0 ], [ 110.799257581000049, -8.196825081999961, 0.0 ], [ 110.79920404300006, -8.196789389999939, 0.0 ], [ 110.799141582000047, -8.19676857, 0.0 ], [ 110.799091019000031, -8.196753697999917, 0.0 ], [ 110.799034506000069, -8.19673585199995, 0.0 ], [ 110.798992866000077, -8.19673287799997, 0.0 ], [ 110.798945277000058, -8.19673585199995, 0.0 ], [ 110.798888764000083, -8.196744774999978, 0.0 ], [ 110.798827593000084, -8.196752509, 0.0 ], [ 110.798774055000095, -8.196766784999934, 0.0 ], [ 110.798720517000021, -8.196777492999932, 0.0 ], [ 110.798681256000066, -8.196777492999932, 0.0 ], [ 110.798627718000063, -8.19678106199996, 0.0 ], [ 110.798584887000075, -8.196770354999963, 0.0 ], [ 110.798556334000025, -8.196748938999967, 0.0 ], [ 110.798527780000057, -8.196727523999883, 0.0 ], [ 110.798492089000035, -8.196713247999945, 0.0 ], [ 110.798449258000048, -8.19668826299992, 0.0 ], [ 110.798409997000078, -8.196677555999923, 0.0 ], [ 110.79836800727594, -8.196674931044825, 0.0 ] ], [ [ 110.80313102261195, -8.197318383100107, 0.0 ], [ 110.803121231000077, -8.197309896999929, 0.0 ], [ 110.803073642000044, -8.197274204999907, 0.0 ], [ 110.803014155000099, -8.197238513999974, 0.0 ], [ 110.802927900000071, -8.197247436999913, 0.0 ], [ 110.802892208000046, -8.197244461999933, 0.0 ], [ 110.80283569500007, -8.197244461999933, 0.0 ], [ 110.80277323500006, -8.197253384999961, 0.0 ], [ 110.802725645000024, -8.197271230999927, 0.0 ], [ 110.802660210000028, -8.19730394899997, 0.0 ], [ 110.80261857000005, -8.197318819999957, 0.0 ], [ 110.802559083000105, -8.197345588999951, 0.0 ], [ 110.802493648000024, -8.197378307, 0.0 ], [ 110.802431187000082, -8.197425895999935, 0.0 ], [ 110.802347906000037, -8.197515125999946, 0.0 ], [ 110.80231518800008, -8.197571637999914, 0.0 ], [ 110.802294368000048, -8.197613278999896, 0.0 ], [ 110.802285445000024, -8.197669790999953, 0.0 ], [ 110.802270909957599, -8.197684191384305, 0.0 ] ], [ [ 110.801647252989142, -8.197707360026421, 0.0 ], [ 110.801362596000047, -8.197572669999911, 0.0 ], [ 110.80125644000006, -8.197532586999969, 0.0 ], [ 110.801142171, -8.1974995429999, 0.0 ], [ 110.801044608000026, -8.19742034699992, 0.0 ], [ 110.800833974000099, -8.197378307, 0.0 ], [ 110.800783410000093, -8.197363434999918, 0.0 ], [ 110.800706078000076, -8.197357486999959, 0.0 ], [ 110.80066146300004, -8.197363434999918, 0.0 ], [ 110.800599002000098, -8.197369383999966, 0.0 ], [ 110.800515721000053, -8.197375332999925, 0.0 ], [ 110.80045326000004, -8.197390203999912, 0.0 ], [ 110.800381876000074, -8.197434818999962, 0.0 ], [ 110.800271826000127, -8.197494305999911, 0.0 ], [ 110.800176648000061, -8.197535945999981, 0.0 ], [ 110.800105264000109, -8.197577586999962, 0.0 ], [ 110.800069495209328, -8.19760394268453, 0.0 ] ], [ [ 110.799929702339426, -8.197672133886016, 0.0 ], [ 110.799882189000044, -8.197690610999899, 0.0 ], [ 110.799828652000045, -8.197705482999975, 0.0 ], [ 110.799733473000074, -8.19772630300001, 0.0 ], [ 110.799682910000072, -8.19773225199997, 0.0 ], [ 110.799638295000108, -8.197767944, 0.0 ], [ 110.799596654000126, -8.19777984099991, 0.0 ], [ 110.799549065000093, -8.197812558999953, 0.0 ], [ 110.799537166392838, -8.197819048719559, 0.0 ] ], [ [ 110.804349605903298, -8.19788805067633, 0.0 ], [ 110.804335303000073, -8.197879876999927, 0.0 ], [ 110.804305560000017, -8.19786797999992, 0.0 ], [ 110.804213760000053, -8.197859186, 0.0 ], [ 110.804158163000068, -8.197860674999937, 0.0 ], [ 110.804081861000071, -8.197875966999959, 0.0 ], [ 110.803997692000024, -8.197917977999971, 0.0 ], [ 110.803954398000087, -8.197929736999967, 0.0 ], [ 110.803902691000076, -8.197956075999926, 0.0 ], [ 110.803801109000105, -8.197959653999956, 0.0 ], [ 110.803741994000092, -8.197946132, 0.0 ], [ 110.803682911945032, -8.197934371105422, 0.0 ] ], [ [ 110.80478697063208, -8.19814701974261, 0.0 ], [ 110.804692222000114, -8.198117823999986, 0.0 ], [ 110.804671507438854, -8.198107083030362, 0.0 ] ], [ [ 110.805269332646148, -8.198149505035026, 0.0 ], [ 110.805260319000041, -8.198141618, 0.0 ], [ 110.805230575000081, -8.198135669999953, 0.0 ], [ 110.805162166000102, -8.198135669999953, 0.0 ], [ 110.805120525000035, -8.198135669999953, 0.0 ], [ 110.805074462055103, -8.19814536724758, 0.0 ] ], [ [ 110.804920401388216, -8.198149709780935, 0.0 ], [ 110.804888911582879, -8.19815102135161, 0.0 ] ], [ [ 110.805720754272443, -8.198277289321378, 0.0 ], [ 110.805691596000116, -8.198269513999925, 0.0 ], [ 110.80564995500005, -8.198269513999925, 0.0 ], [ 110.805572623000046, -8.198257617, 0.0 ], [ 110.805560206160038, -8.198253271199931, 0.0 ] ], [ [ 110.805674942367602, -8.199388753327099, 0.0 ], [ 110.805784494000079, -8.199257290999942, 0.0 ], [ 110.805797626675115, -8.199227273851264, 0.0 ] ], [ [ 110.808825663517979, -8.199399078988669, 0.0 ], [ 110.808706473000086, -8.199352469, 0.0 ], [ 110.808449491000047, -8.199338192999974, 0.0 ], [ 110.808359071000027, -8.199381022999965, 0.0 ], [ 110.808240098000041, -8.199542825999941, 0.0 ], [ 110.808182991000109, -8.199590415999971, 0.0 ], [ 110.80812629700003, -8.19973066199994, 0.0 ], [ 110.807968840000058, -8.199833120999891, 0.0 ], [ 110.807891127884119, -8.199958322593428, 0.0 ] ], [ [ 110.807368010794207, -8.200514002153572, 0.0 ], [ 110.807298884000062, -8.200427485999953, 0.0 ], [ 110.80719775700004, -8.200338255999942, 0.0 ], [ 110.807021715000033, -8.200231974999941, 0.0 ], [ 110.806850393000076, -8.20014274499993, 0.0 ], [ 110.806764503021384, -8.200083916111947, 0.0 ] ] ] } },
{ "type": "Feature", "properties": { "FID_Garis_": 2659, "OBJECTID": 32887, "NAMOBJ": "Garis Pantai", "FCODE": "DB02080140", "REMARK": null, "METADATA": null, "SRS_ID": "4326", "DTMVER": 2, "ELEVAS": 0.0, "KARGPN": 999, "TIPGPN": 4, "KODGPN": null, "THNSBDATA": "2025", "SBDATA": 6, "SKL": 6, "THNPBL": "2025", "KET": null, "SHAPE_Leng": 0.00793284459, "FID_Batas_": 7384, "OBJECTID_1": 9098.0, "NAMOBJ_1": "Pucung", "FCODE_1": "BA03070040", "REMARK_1": null, "METADATA_1": "TASWIL1000020221227_DATA_BATAS_DESAKELURAHAN", "SRS_ID_1": "4326", "KDBBPS": null, "KDCBPS": null, "KDCPUM": "34.03.16", "KDEBPS": null, "KDEPUM": "34.03.16.2007", "KDPBPS": null, "KDPKAB": "34.03", "KDPPUM": "34", "LUASWH": 0.0, "TIPADM": 1.0, "WADMKC": "Girisubo", "WADMKD": "Pucung", "WADMKK": "Gunungkidul", "WADMPR": "Daerah Istimewa Yogyakarta", "WIADKC": null, "WIADKK": null, "WIADPR": null, "WIADKD": null, "UUPP": "Data dari Pemerintah Daerah", "LUAS": 14.29935652 }, "geometry": { "type": "MultiLineString", "coordinates": [ [ [ 110.798940880251578, -8.189108562170713, 0.0 ], [ 110.798888388000051, -8.189073868999976, 0.0 ], [ 110.798724205000056, -8.189321332999935, 0.0 ], [ 110.798695651000088, -8.189378439999953, 0.0 ], [ 110.798674236000096, -8.189418890999924, 0.0 ], [ 110.798605232000071, -8.189514068999895, 0.0 ], [ 110.798454745000058, -8.189724124999955, 0.0 ], [ 110.798414875000049, -8.189782947999937, 0.0 ], [ 110.798402477474554, -8.189784230620258, 0.0 ] ], [ [ 110.798315472852551, -8.189712750858504, 0.0 ], [ 110.798314938000033, -8.189709184999963, 0.0 ], [ 110.798288764000091, -8.189702047, 0.0 ], [ 110.798253072000065, -8.189704425999924, 0.0 ], [ 110.798234036000096, -8.189709184999963, 0.0 ], [ 110.798205482000043, -8.189713943999912, 0.0 ], [ 110.798147794000059, -8.189706278999989, 0.0 ] ] ] } },
{ "type": "Feature", "properties": { "FID_Garis_": 2659, "OBJECTID": 32887, "NAMOBJ": "Garis Pantai", "FCODE": "DB02080140", "REMARK": null, "METADATA": null, "SRS_ID": "4326", "DTMVER": 2, "ELEVAS": 0.0, "KARGPN": 999, "TIPGPN": 4, "KODGPN": null, "THNSBDATA": "2025", "SBDATA": 6, "SKL": 6, "THNPBL": "2025", "KET": null, "SHAPE_Leng": 0.00793284459, "FID_Batas_": 7391, "OBJECTID_1": 9105.0, "NAMOBJ_1": "Songbanyu", "FCODE_1": "BA03070040", "REMARK_1": null, "METADATA_1": "TASWIL1000020221227_DATA_BATAS_DESAKELURAHAN", "SRS_ID_1": "4326", "KDBBPS": null, "KDCBPS": null, "KDCPUM": "34.03.16", "KDEBPS": null, "KDEPUM": "34.03.16.2008", "KDPBPS": null, "KDPKAB": "34.03", "KDPPUM": "34", "LUASWH": 0.0, "TIPADM": 1.0, "WADMKC": "Girisubo", "WADMKD": "Songbanyu", "WADMKK": "Gunungkidul", "WADMPR": "Daerah Istimewa Yogyakarta", "WIADKC": null, "WIADKK": null, "WIADPR": null, "WIADKD": null, "UUPP": "Data dari Pemerintah Daerah", "LUAS": 15.55045849 }, "geometry": { "type": "MultiLineString", "coordinates": [ [ [ 110.798268014840374, -8.191780730624867, 0.0 ], [ 110.797981337000053, -8.191528996999988, 0.0 ], [ 110.797853895308464, -8.191441499808629, 0.0 ] ], [ [ 110.798368823961056, -8.191682385274337, 0.0 ], [ 110.798409623000055, -8.19171907, 0.0 ], [ 110.798428185, -8.191736700999943, 0.0 ], [ 110.798405833000089, -8.191780267999906, 0.0 ], [ 110.798718443000027, -8.192016845999941, 0.0 ], [ 110.798773222000122, -8.192033442999982, 0.0 ], [ 110.798837943000052, -8.19204486399995, 0.0 ], [ 110.798868400000089, -8.19204867099991, 0.0 ], [ 110.798900761000098, -8.192061995999946, 0.0 ], [ 110.79902258900006, -8.192155270999937, 0.0 ], [ 110.799056036000067, -8.192112604999959, 0.0 ], [ 110.798941860887425, -8.192022673060553, 0.0 ] ] ] } },
{ "type": "Feature", "properties": { "FID_Garis_": 2660, "OBJECTID": 32888, "NAMOBJ": "Garis Pantai", "FCODE": "DB02080140", "REMARK": null, "METADATA": null, "SRS_ID": "4326", "DTMVER": 2, "ELEVAS": 0.0, "KARGPN": 3, "TIPGPN": 4, "KODGPN": null, "THNSBDATA": "2025", "SBDATA": 6, "SKL": 6, "THNPBL": "2025", "KET": null, "SHAPE_Leng": 0.00091803957, "FID_Batas_": 7384, "OBJECTID_1": 9098.0, "NAMOBJ_1": "Pucung", "FCODE_1": "BA03070040", "REMARK_1": null, "METADATA_1": "TASWIL1000020221227_DATA_BATAS_DESAKELURAHAN", "SRS_ID_1": "4326", "KDBBPS": null, "KDCBPS": null, "KDCPUM": "34.03.16", "KDEBPS": null, "KDEPUM": "34.03.16.2007", "KDPBPS": null, "KDPKAB": "34.03", "KDPPUM": "34", "LUASWH": 0.0, "TIPADM": 1.0, "WADMKC": "Girisubo", "WADMKD": "Pucung", "WADMKK": "Gunungkidul", "WADMPR": "Daerah Istimewa Yogyakarta", "WIADKC": null, "WIADKK": null, "WIADPR": null, "WIADKD": null, "UUPP": "Data dari Pemerintah Daerah", "LUAS": 14.29935652 }, "geometry": { "type": "MultiLineString", "coordinates": [ [ [ 110.798147794000059, -8.189706278999989, 0.0 ], [ 110.798036832000037, -8.189725859999921, 0.0 ], [ 110.797870270000018, -8.189904319999943, 0.0 ], [ 110.797858346000098, -8.18999122699994, 0.0 ], [ 110.797761106000038, -8.190146800000022, 0.0 ], [ 110.79751546500006, -8.19030107, 0.0 ] ] ] } },
{ "type": "Feature", "properties": { "FID_Garis_": 2661, "OBJECTID": 32889, "NAMOBJ": "Garis Pantai", "FCODE": "DB02080140", "REMARK": null, "METADATA": null, "SRS_ID": "4326", "DTMVER": 2, "ELEVAS": 0.0, "KARGPN": 5, "TIPGPN": 4, "KODGPN": null, "THNSBDATA": "2025", "SBDATA": 6, "SKL": 6, "THNPBL": "2025", "KET": null, "SHAPE_Leng": 0.00055780434, "FID_Batas_": 7384, "OBJECTID_1": 9098.0, "NAMOBJ_1": "Pucung", "FCODE_1": "BA03070040", "REMARK_1": null, "METADATA_1": "TASWIL1000020221227_DATA_BATAS_DESAKELURAHAN", "SRS_ID_1": "4326", "KDBBPS": null, "KDCBPS": null, "KDCPUM": "34.03.16", "KDEBPS": null, "KDEPUM": "34.03.16.2007", "KDPBPS": null, "KDPKAB": "34.03", "KDPPUM": "34", "LUASWH": 0.0, "TIPADM": 1.0, "WADMKC": "Girisubo", "WADMKD": "Pucung", "WADMKK": "Gunungkidul", "WADMPR": "Daerah Istimewa Yogyakarta", "WIADKC": null, "WIADKK": null, "WIADPR": null, "WIADKD": null, "UUPP": "Data dari Pemerintah Daerah", "LUAS": 14.29935652 }, "geometry": { "type": "MultiLineString", "coordinates": [ [ [ 110.79751546500006, -8.19030107, 0.0 ], [ 110.797439069000035, -8.190339323999964, 0.0 ], [ 110.797370173000019, -8.190349259999987, 0.0 ], [ 110.797313660000057, -8.190379002999961, 0.0 ], [ 110.797269046000096, -8.190420643999943, 0.0 ], [ 110.797242674071541, -8.190444617967465, 0.0 ] ], [ [ 110.797225741493449, -8.190479501005523, 0.0 ], [ 110.797224431000046, -8.190483104999959, 0.0 ], [ 110.79721848200009, -8.190533667999969, 0.0 ], [ 110.797227405000029, -8.190590180999937, 0.0 ], [ 110.797236328000054, -8.190613974999952, 0.0 ], [ 110.797269046000096, -8.190670487, 0.0 ] ] ] } },
{ "type": "Feature", "properties": { "FID_Garis_": 2663, "OBJECTID": 32891, "NAMOBJ": "Garis Pantai", "FCODE": "DB02080140", "REMARK": null, "METADATA": null, "SRS_ID": "4326", "DTMVER": 2, "ELEVAS": 0.0, "KARGPN": 3, "TIPGPN": 4, "KODGPN": null, "THNSBDATA": "2025", "SBDATA": 6, "SKL": 6, "THNPBL": "2025", "KET": null, "SHAPE_Leng": 0.00191891524, "FID_Batas_": 7384, "OBJECTID_1": 9098.0, "NAMOBJ_1": "Pucung", "FCODE_1": "BA03070040", "REMARK_1": null, "METADATA_1": "TASWIL1000020221227_DATA_BATAS_DESAKELURAHAN", "SRS_ID_1": "4326", "KDBBPS": null, "KDCBPS": null, "KDCPUM": "34.03.16", "KDEBPS": null, "KDEPUM": "34.03.16.2007", "KDPBPS": null, "KDPKAB": "34.03", "KDPPUM": "34", "LUASWH": 0.0, "TIPADM": 1.0, "WADMKC": "Girisubo", "WADMKD": "Pucung", "WADMKK": "Gunungkidul", "WADMPR": "Daerah Istimewa Yogyakarta", "WIADKC": null, "WIADKK": null, "WIADPR": null, "WIADKD": null, "UUPP": "Data dari Pemerintah Daerah", "LUAS": 14.29935652 }, "geometry": { "type": "MultiLineString", "coordinates": [ [ [ 110.797269046000096, -8.190670487, 0.0 ], [ 110.797289866000042, -8.190747819999924, 0.0 ], [ 110.797298789000067, -8.190795408999954, 0.0 ], [ 110.797292840000111, -8.190866792999909, 0.0 ], [ 110.797291972000039, -8.190906832999936, 0.0 ], [ 110.797274235000089, -8.190990986999971, 0.0 ], [ 110.797198704000053, -8.191188523999884, 0.0 ], [ 110.797136985000094, -8.191276059999932, 0.0 ], [ 110.797117950000114, -8.191299854999947, 0.0 ], [ 110.797091776000087, -8.191326028999981, 0.0 ], [ 110.797063222000119, -8.191340306, 0.0 ], [ 110.79701993, -8.191373091999967, 0.0 ], [ 110.796952115000067, -8.191412353000018, 0.0 ], [ 110.796870024000029, -8.191480166999945, 0.0 ], [ 110.796784825000088, -8.191549697999925, 0.0 ], [ 110.796737749000016, -8.191586544999954, 0.0 ], [ 110.796720118000067, -8.19159438099998, 0.0 ], [ 110.796673718000051, -8.191626503999974, 0.0 ], [ 110.796609473000061, -8.191655057999938, 0.0 ], [ 110.79655877600004, -8.191690085999905, 0.0 ], [ 110.796505966000012, -8.191701456999958, 0.0 ], [ 110.796472059000052, -8.191742502999979, 0.0 ], [ 110.79636604000008, -8.191794782999953, 0.0 ], [ 110.796299415000078, -8.191813817999929, 0.0 ], [ 110.796239929000123, -8.191825715999936, 0.0 ], [ 110.796206616000035, -8.191825715999936, 0.0 ], [ 110.79616140600011, -8.191816197999948, 0.0 ], [ 110.796144029768541, -8.191805140518795, 0.0 ] ], [ [ 110.796103559926848, -8.19177182820793, 0.0 ], [ 110.796097161000034, -8.191766228999899, 0.0 ], [ 110.796075746000042, -8.191730536999966, 0.0 ] ] ] } },
{ "type": "Feature", "properties": { "FID_Garis_": 2664, "OBJECTID": 32892, "NAMOBJ": "Garis Pantai", "FCODE": "DB02080140", "REMARK": null, "METADATA": null, "SRS_ID": "4326", "DTMVER": 2, "ELEVAS": 0.0, "KARGPN": 5, "TIPGPN": 4, "KODGPN": null, "THNSBDATA": "2025", "SBDATA": 6, "SKL": 6, "THNPBL": "2025", "KET": null, "SHAPE_Leng": 0.00062002464, "FID_Batas_": 7384, "OBJECTID_1": 9098.0, "NAMOBJ_1": "Pucung", "FCODE_1": "BA03070040", "REMARK_1": null, "METADATA_1": "TASWIL1000020221227_DATA_BATAS_DESAKELURAHAN", "SRS_ID_1": "4326", "KDBBPS": null, "KDCBPS": null, "KDCPUM": "34.03.16", "KDEBPS": null, "KDEPUM": "34.03.16.2007", "KDPBPS": null, "KDPKAB": "34.03", "KDPPUM": "34", "LUASWH": 0.0, "TIPADM": 1.0, "WADMKC": "Girisubo", "WADMKD": "Pucung", "WADMKK": "Gunungkidul", "WADMPR": "Daerah Istimewa Yogyakarta", "WIADKC": null, "WIADKK": null, "WIADPR": null, "WIADKD": null, "UUPP": "Data dari Pemerintah Daerah", "LUAS": 14.29935652 }, "geometry": { "type": "MultiLineString", "coordinates": [ [ [ 110.796075746000042, -8.191730536999966, 0.0 ], [ 110.796022162000042, -8.191692541999931, 0.0 ], [ 110.795961532, -8.191656774, 0.0 ], [ 110.795913943000059, -8.191661532999941, 0.0 ], [ 110.795888443055773, -8.191669446648344, 0.0 ] ], [ [ 110.79576256061992, -8.191737223630504, 0.0 ], [ 110.795756898000036, -8.191740054999954, 0.0 ], [ 110.795733103000117, -8.19175909099993, 0.0 ], [ 110.795709309000102, -8.191792402999933, 0.0 ], [ 110.795695032000069, -8.191830474999975, 0.0 ], [ 110.795687894000096, -8.191861407999959, 0.0 ], [ 110.795687894000096, -8.191925652999945, 0.0 ], [ 110.795683135000061, -8.191975622, 0.0 ] ] ] } },
{ "type": "Feature", "properties": { "FID_Garis_": 2665, "OBJECTID": 32893, "NAMOBJ": "Garis Pantai", "FCODE": "DB02080140", "REMARK": null, "METADATA": null, "SRS_ID": "4326", "DTMVER": 2, "ELEVAS": 0.0, "KARGPN": 3, "TIPGPN": 4, "KODGPN": null, "THNSBDATA": "2025", "SBDATA": 6, "SKL": 6, "THNPBL": "2025", "KET": null, "SHAPE_Leng": 0.01311910503, "FID_Batas_": 7384, "OBJECTID_1": 9098.0, "NAMOBJ_1": "Pucung", "FCODE_1": "BA03070040", "REMARK_1": null, "METADATA_1": "TASWIL1000020221227_DATA_BATAS_DESAKELURAHAN", "SRS_ID_1": "4326", "KDBBPS": null, "KDCBPS": null, "KDCPUM": "34.03.16", "KDEBPS": null, "KDEPUM": "34.03.16.2007", "KDPBPS": null, "KDPKAB": "34.03", "KDPPUM": "34", "LUASWH": 0.0, "TIPADM": 1.0, "WADMKC": "Girisubo", "WADMKD": "Pucung", "WADMKK": "Gunungkidul", "WADMPR": "Daerah Istimewa Yogyakarta", "WIADKC": null, "WIADKK": null, "WIADPR": null, "WIADKD": null, "UUPP": "Data dari Pemerintah Daerah", "LUAS": 14.29935652 }, "geometry": { "type": "MultiLineString", "coordinates": [ [ [ 110.795683135000061, -8.191975622, 0.0 ], [ 110.795568141000047, -8.19209937299993, 0.0 ], [ 110.795545459523879, -8.19222531049876, 0.0 ] ], [ [ 110.790767963398778, -8.192528991885908, 0.0 ], [ 110.790758840000123, -8.192499340999984, 0.0 ], [ 110.790751702000065, -8.192402972999915, 0.0 ], [ 110.790755271000094, -8.192360143000013, 0.0 ], [ 110.790762409000052, -8.192310173999964, 0.0 ], [ 110.790751702000065, -8.192288758999968, 0.0 ], [ 110.790730287000059, -8.19227805099997, 0.0 ], [ 110.79071601000004, -8.19227805099997, 0.0 ], [ 110.790687456000072, -8.192299465999966, 0.0 ], [ 110.790673180000056, -8.192331588999959, 0.0 ], [ 110.790662472000051, -8.19237441899995, 0.0 ], [ 110.790648195000117, -8.192431525999968, 0.0 ], [ 110.790630349000054, -8.192488633999986, 0.0 ], [ 110.790623211000081, -8.192542170999975, 0.0 ], [ 110.790619642000053, -8.192599277999904, 0.0 ], [ 110.790616073000123, -8.192699215999912, 0.0 ], [ 110.790601796, -8.192749183999961, 0.0 ], [ 110.790583950000041, -8.19280272199995, 0.0 ], [ 110.79055896600002, -8.192834844999943, 0.0 ], [ 110.790530412000052, -8.192888382999932, 0.0 ], [ 110.790516135000104, -8.192920505999925, 0.0 ], [ 110.790505428000117, -8.192959766999977, 0.0 ], [ 110.790501858000084, -8.193009734999936, 0.0 ], [ 110.790491151000083, -8.193056134999956, 0.0 ], [ 110.790491151000083, -8.19309182699989, 0.0 ], [ 110.790476874000063, -8.193131087999941, 0.0 ], [ 110.790459028, -8.193159642, 0.0 ], [ 110.790441182000038, -8.193173917999932, 0.0 ], [ 110.790409059000041, -8.193191763999987, 0.0 ], [ 110.790359091000084, -8.193213178999983, 0.0 ], [ 110.790309122000039, -8.193220317999952, 0.0 ], [ 110.790192066000117, -8.193250485999961, 0.0 ], [ 110.789988034472984, -8.193323526422471, 0.0 ] ], [ [ 110.7954057987954, -8.19238269458177, 0.0 ], [ 110.795324247000025, -8.192349216, 0.0 ], [ 110.795157684000017, -8.192444393999967, 0.0 ], [ 110.795008968000062, -8.192605007999934, 0.0 ], [ 110.794955020000117, -8.192825088999935, 0.0 ], [ 110.794914569000071, -8.192882195999953, 0.0 ], [ 110.79488363600008, -8.192920268, 0.0 ], [ 110.794845565000031, -8.192955959999928, 0.0 ], [ 110.794814632000055, -8.192977374999924, 0.0 ], [ 110.794766194000047, -8.192982731999923, 0.0 ], [ 110.794737961223305, -8.192987959537881, 0.0 ] ], [ [ 110.794607648962852, -8.192878759090174, 0.0 ], [ 110.794602859000037, -8.192858401999938, 0.0 ], [ 110.794539162, -8.192798243999935, 0.0 ], [ 110.794466545000034, -8.192886109999922, 0.0 ], [ 110.794122619000092, -8.192944080999922, 0.0 ], [ 110.793912816000045, -8.19308920899994, 0.0 ], [ 110.793877124000019, -8.193113003999954, 0.0 ], [ 110.793843811000016, -8.193129659999911, 0.0 ], [ 110.793805740000067, -8.19313441899995, 0.0 ], [ 110.793784325000075, -8.193127280999892, 0.0 ], [ 110.793751012000072, -8.193120141999923, 0.0 ], [ 110.793708182000074, -8.193127280999892, 0.0 ], [ 110.793658213000029, -8.193155833999946, 0.0 ], [ 110.793627280000038, -8.193177249999941, 0.0 ], [ 110.793610624000081, -8.193196284999917, 0.0 ], [ 110.793610624000081, -8.193234356999959, 0.0 ], [ 110.793625919009173, -8.193263850367263, 0.0 ] ], [ [ 110.79352256799325, -8.19333881099368, 0.0 ], [ 110.793517825000052, -8.193310498999953, 0.0 ], [ 110.793527343000036, -8.193286704999938, 0.0 ], [ 110.793543999000079, -8.193270047999892, 0.0 ], [ 110.793546379000105, -8.193255771999954, 0.0 ], [ 110.793539240000044, -8.193248632999897, 0.0 ], [ 110.793517825000052, -8.193243873999947, 0.0 ], [ 110.793494031000122, -8.193258150999974, 0.0 ], [ 110.793460718000034, -8.193286704999938, 0.0 ], [ 110.793413129, -8.19332715599991, 0.0 ], [ 110.793396473000044, -8.193358088999982, 0.0 ], [ 110.793367919000076, -8.193398538999954, 0.0 ], [ 110.793341745000049, -8.19341995499995, 0.0 ], [ 110.793279102000014, -8.193453181999946, 0.0 ], [ 110.793136131353322, -8.193468561183916, 0.0 ] ], [ [ 110.789833438000116, -8.193382513999961, 0.0 ], [ 110.789777313000087, -8.193388069999976, 0.0 ], [ 110.789738051000128, -8.193409484999972, 0.0 ], [ 110.789723490074778, -8.193422722272228, 0.0 ] ], [ [ 110.788692751738495, -8.193823209727249, 0.0 ], [ 110.788667294000078, -8.193791387999951, 0.0 ], [ 110.788628033000037, -8.193734280999934, 0.0 ], [ 110.788578064000063, -8.193666466999918, 0.0 ], [ 110.788575834736008, -8.193663568931644, 0.0 ] ], [ [ 110.789302174327943, -8.194015974714421, 0.0 ], [ 110.789274057000014, -8.193998401999938, 0.0 ], [ 110.789231226000112, -8.193962709999916, 0.0 ], [ 110.789184827, -8.193923447999953, 0.0 ], [ 110.789141996000097, -8.193884187, 0.0 ], [ 110.789084889, -8.193862771999907, 0.0 ], [ 110.789031352000094, -8.193855633999938, 0.0 ], [ 110.78899209000005, -8.193855633999938, 0.0 ], [ 110.788984129685772, -8.193859308004328, 0.0 ] ] ] } },
{ "type": "Feature", "properties": { "FID_Garis_": 2666, "OBJECTID": 32894, "NAMOBJ": "Garis Pantai", "FCODE": "DB02080140", "REMARK": null, "METADATA": null, "SRS_ID": "4326", "DTMVER": 2, "ELEVAS": 0.0, "KARGPN": 6, "TIPGPN": 4, "KODGPN": null, "THNSBDATA": "2025", "SBDATA": 6, "SKL": 6, "THNPBL": "2025", "KET": null, "SHAPE_Leng": 0.00091096415, "FID_Batas_": 7395, "OBJECTID_1": 9109.0, "NAMOBJ_1": "Tileng", "FCODE_1": "BA03070040", "REMARK_1": null, "METADATA_1": "TASWIL1000020221227_DATA_BATAS_DESAKELURAHAN", "SRS_ID_1": "4326", "KDBBPS": null, "KDCBPS": null, "KDCPUM": "34.03.16", "KDEBPS": null, "KDEPUM": "34.03.16.2006", "KDPBPS": null, "KDPKAB": "34.03", "KDPPUM": "34", "LUASWH": 0.0, "TIPADM": 1.0, "WADMKC": "Girisubo", "WADMKD": "Tileng", "WADMKK": "Gunungkidul", "WADMPR": "Daerah Istimewa Yogyakarta", "WIADKC": null, "WIADKK": null, "WIADPR": null, "WIADKD": null, "UUPP": "Data dari Pemerintah Daerah", "LUAS": 16.81625767 }, "geometry": { "type": "MultiLineString", "coordinates": [ [ [ 110.764821014701596, -8.196089816999965, 0.0 ], [ 110.764823217000043, -8.19610964, 0.0 ], [ 110.764827500000123, -8.196131055, 0.0 ], [ 110.764833211000067, -8.196151041999968, 0.0 ], [ 110.764840099000097, -8.196170084999945, 0.0 ], [ 110.764844632000035, -8.196198155999959, 0.0 ], [ 110.764848555000086, -8.196220337999929, 0.0 ], [ 110.764856054000091, -8.19623813099998, 0.0 ], [ 110.764871296784904, -8.196244481863726, 0.0 ] ], [ [ 110.764833919131661, -8.196306465869032, 0.0 ], [ 110.764833211000067, -8.196306658999966, 0.0 ], [ 110.764813223, -8.196312369999905, 0.0 ], [ 110.764786097000069, -8.196323790999962, 0.0 ], [ 110.764771821000039, -8.196330929999931, 0.0 ], [ 110.764754688000053, -8.1963380679999, 0.0 ], [ 110.764746122000048, -8.196339495999929, 0.0 ], [ 110.764736300000038, -8.196339610999939, 0.0 ], [ 110.764723607742127, -8.196333767451094, 0.0 ] ] ] } },
{ "type": "Feature", "properties": { "FID_Garis_": 2668, "OBJECTID": 32896, "NAMOBJ": "Garis Pantai", "FCODE": "DB02080140", "REMARK": null, "METADATA": null, "SRS_ID": "4326", "DTMVER": 2, "ELEVAS": 0.0, "KARGPN": 6, "TIPGPN": 4, "KODGPN": null, "THNSBDATA": "2025", "SBDATA": 6, "SKL": 6, "THNPBL": "2025", "KET": null, "SHAPE_Leng": 0.00140129573, "FID_Batas_": 7395, "OBJECTID_1": 9109.0, "NAMOBJ_1": "Tileng", "FCODE_1": "BA03070040", "REMARK_1": null, "METADATA_1": "TASWIL1000020221227_DATA_BATAS_DESAKELURAHAN", "SRS_ID_1": "4326", "KDBBPS": null, "KDCBPS": null, "KDCPUM": "34.03.16", "KDEBPS": null, "KDEPUM": "34.03.16.2006", "KDPBPS": null, "KDPKAB": "34.03", "KDPPUM": "34", "LUASWH": 0.0, "TIPADM": 1.0, "WADMKC": "Girisubo", "WADMKD": "Tileng", "WADMKK": "Gunungkidul", "WADMPR": "Daerah Istimewa Yogyakarta", "WIADKC": null, "WIADKK": null, "WIADPR": null, "WIADKD": null, "UUPP": "Data dari Pemerintah Daerah", "LUAS": 16.81625767 }, "geometry": { "type": "MultiLineString", "coordinates": [ [ [ 110.761742706391743, -8.195665974141289, 0.0 ], [ 110.761744109000091, -8.195668294, 0.0 ], [ 110.761733475000099, -8.195705375999953, 0.0 ], [ 110.761746068000065, -8.195739296999918, 0.0 ], [ 110.761747021000062, -8.195747415999968, 0.0 ], [ 110.761757472000042, -8.195755371, 0.0 ], [ 110.761761651000114, -8.195755371, 0.0 ], [ 110.761766501000068, -8.195752069, 0.0 ], [ 110.761773652000045, -8.195735383999949, 0.0 ], [ 110.761778735000021, -8.19571893800001, 0.0 ], [ 110.761803752000048, -8.195690885, 0.0 ], [ 110.761823685000095, -8.195679278999926, 0.0 ], [ 110.761881493, -8.195668853999951, 0.0 ], [ 110.761918092000087, -8.195674632999985, 0.0 ], [ 110.761940066000051, -8.195688654, 0.0 ], [ 110.761948007000086, -8.195700459, 0.0 ], [ 110.761957650000085, -8.195704397999961, 0.0 ], [ 110.761960505000047, -8.195710107999989, 0.0 ], [ 110.761959078000103, -8.195718673999988, 0.0 ], [ 110.761956222000052, -8.195728667999926, 0.0 ], [ 110.761951939000056, -8.195734378999955, 0.0 ], [ 110.761928680000082, -8.19574326999998, 0.0 ], [ 110.761903451000038, -8.195773228999972, 0.0 ], [ 110.761828526000059, -8.195812005999894, 0.0 ], [ 110.761814000000101, -8.195811651999954, 0.0 ], [ 110.761798746000082, -8.195797052999989, 0.0 ], [ 110.761775080000078, -8.195793918999907, 0.0 ], [ 110.761756573000056, -8.195816339999986, 0.0 ], [ 110.761743804000062, -8.19584953899998, 0.0 ], [ 110.761724398000055, -8.19587029900001, 0.0 ], [ 110.761684423000034, -8.195884575999948, 0.0 ], [ 110.761659438, -8.195889572999917, 0.0 ], [ 110.761636880000097, -8.195891452999984, 0.0 ], [ 110.761615181000082, -8.195879578999978, 0.0 ], [ 110.761605187000043, -8.195866729999981, 0.0 ], [ 110.761589066000056, -8.195868664999963, 0.0 ], [ 110.761542006649847, -8.195898500422807, 0.0 ] ], [ [ 110.761555499408047, -8.195777371269788, 0.0 ], [ 110.761556646000116, -8.19577821399994, 0.0 ], [ 110.761566662000064, -8.195792681999894, 0.0 ], [ 110.761575297000064, -8.195791307999958, 0.0 ], [ 110.761576633000089, -8.195781069, 0.0 ], [ 110.761575596790834, -8.195763457797014, 0.0 ] ] ] } },
{ "type": "Feature", "properties": { "FID_Garis_": 2669, "OBJECTID": 32897, "NAMOBJ": "Garis Pantai", "FCODE": "DB02080140", "REMARK": null, "METADATA": null, "SRS_ID": "4326", "DTMVER": 2, "ELEVAS": 0.0, "KARGPN": 3, "TIPGPN": 4, "KODGPN": null, "THNSBDATA": "2025", "SBDATA": 6, "SKL": 6, "THNPBL": "2025", "KET": null, "SHAPE_Leng": 0.04619280258, "FID_Batas_": 7369, "OBJECTID_1": 9083.0, "NAMOBJ_1": "Jepitu", "FCODE_1": "BA03070040", "REMARK_1": null, "METADATA_1": "TASWIL1000020221227_DATA_BATAS_DESAKELURAHAN", "SRS_ID_1": "4326", "KDBBPS": null, "KDCBPS": null, "KDCPUM": "34.03.16", "KDEBPS": null, "KDEPUM": "34.03.16.2002", "KDPBPS": null, "KDPKAB": "34.03", "KDPPUM": "34", "LUASWH": 0.0, "TIPADM": 1.0, "WADMKC": "Girisubo", "WADMKD": "Jepitu", "WADMKK": "Gunungkidul", "WADMPR": "Daerah Istimewa Yogyakarta", "WIADKC": null, "WIADKK": null, "WIADPR": null, "WIADKD": null, "UUPP": "Data dari Pemerintah Daerah", "LUAS": 16.22999637 }, "geometry": { "type": "MultiLineString", "coordinates": [ [ [ 110.728933238527603, -8.194284605263693, 0.0 ], [ 110.728927264000063, -8.194281617999923, 0.0 ], [ 110.728906444000117, -8.194272694999896, 0.0 ], [ 110.728882649000099, -8.194272694999896, 0.0 ], [ 110.72886480300005, -8.194275668999964, 0.0 ], [ 110.728852906000043, -8.194287565999971, 0.0 ], [ 110.728826137000041, -8.194305411999938, 0.0 ], [ 110.72881499220091, -8.194315543759458, 0.0 ] ], [ [ 110.727881896617802, -8.195474646699576, 0.0 ], [ 110.727825024000083, -8.195510829999932, 0.0 ], [ 110.727760789008173, -8.195595349098053, 0.0 ] ], [ [ 110.727440219128994, -8.19602169653594, 0.0 ], [ 110.727438911, -8.195990309, 0.0 ], [ 110.727459850000059, -8.195959851999959, 0.0 ], [ 110.727496018000039, -8.195929393999926, 0.0 ], [ 110.727522668000105, -8.195908454999969, 0.0 ], [ 110.727534089000073, -8.195885611999945, 0.0 ], [ 110.72753599300006, -8.195851347999952, 0.0 ], [ 110.727530282000117, -8.195838023, 0.0 ], [ 110.727505536000109, -8.195817083999959, 0.0 ], [ 110.727503632000037, -8.195801854999942, 0.0 ], [ 110.727501729000068, -8.195784722999946, 0.0 ], [ 110.727496018000039, -8.195767590999949, 0.0 ], [ 110.727478886000128, -8.195769495000018, 0.0 ], [ 110.727461754000046, -8.195790433999974, 0.0 ], [ 110.727448429000091, -8.195828504999927, 0.0 ], [ 110.727438911, -8.19586086599994, 0.0 ], [ 110.727421779000025, -8.195893226999953, 0.0 ], [ 110.727402743000042, -8.195902743999941, 0.0 ], [ 110.727372286, -8.195916068999978, 0.0 ], [ 110.727349443000065, -8.195937008999934, 0.0 ], [ 110.727338022000112, -8.195980790999915, 0.0 ], [ 110.727338022000112, -8.196018861999956, 0.0 ], [ 110.727333171381176, -8.196043114244969, 0.0 ] ], [ [ 110.7225672629705, -8.197169028201348, 0.0 ], [ 110.722569337000067, -8.197148976999937, 0.0 ], [ 110.722581963000053, -8.197112539999942, 0.0 ], [ 110.722584363000067, -8.197086242999987, 0.0 ], [ 110.722591481000038, -8.197038776999968, 0.0 ], [ 110.722596240000072, -8.197010222999914, 0.0 ], [ 110.722598619000095, -8.196994755999967, 0.0 ], [ 110.722606484000039, -8.196955739999936, 0.0 ] ], [ [ 110.726422555721143, -8.197448112267871, 0.0 ], [ 110.726242682000077, -8.197520283999928, 0.0 ], [ 110.72605232500004, -8.197658292999979, 0.0 ], [ 110.726034077000037, -8.197772048999976, 0.0 ], [ 110.726020752000096, -8.197792987999932, 0.0 ], [ 110.726020752000096, -8.197825348999945, 0.0 ], [ 110.726018849000113, -8.197867227999946, 0.0 ], [ 110.725957147000074, -8.197967623, 0.0 ], [ 110.725885763000022, -8.198167498000011, 0.0 ], [ 110.725879775550112, -8.198177839927769, 0.0 ] ], [ [ 110.723197850967068, -8.197917446525729, 0.0 ], [ 110.723184868000018, -8.197885998999901, 0.0 ], [ 110.723177317846449, -8.197871695913985, 0.0 ] ], [ [ 110.724397493615669, -8.198127489328702, 0.0 ], [ 110.724385249000036, -8.198037352999989, 0.0 ], [ 110.724199651000049, -8.197987383999941, 0.0 ], [ 110.724049745000087, -8.197987383999941, 0.0 ], [ 110.723963788000077, -8.19810569699996, 0.0 ], [ 110.72395236600002, -8.198126635999916, 0.0 ], [ 110.723937138000082, -8.198153285999989, 0.0 ], [ 110.723928506134556, -8.198160685111979, 0.0 ] ], [ [ 110.723917458999708, -8.19816724946655, 0.0 ], [ 110.723885741000103, -8.198179935999974, 0.0 ], [ 110.723864802000051, -8.198189453999962, 0.0 ], [ 110.723830538000058, -8.198210392999918, 0.0 ], [ 110.723807695000033, -8.198225621999935, 0.0 ], [ 110.723782949000025, -8.19825036799994, 0.0 ], [ 110.723763913000056, -8.198271307999985, 0.0 ], [ 110.72374678100006, -8.198290342999961, 0.0 ], [ 110.723745583806519, -8.19829991866218, 0.0 ] ], [ [ 110.723666636064834, -8.198354625237361, 0.0 ], [ 110.723655409000045, -8.198351256999938, 0.0 ], [ 110.72363447, -8.198358871999947, 0.0 ], [ 110.723602109000083, -8.198376003999943, 0.0 ], [ 110.723592592, -8.198383617999951, 0.0 ], [ 110.723591982503464, -8.198383953213408, 0.0 ] ], [ [ 110.725714451006638, -8.198453597651447, 0.0 ], [ 110.725513113, -8.198515624999949, 0.0 ], [ 110.725467309490767, -8.198551784573773, 0.0 ] ], [ [ 110.725057907399247, -8.199194032574155, 0.0 ], [ 110.725056555000066, -8.199204174999988, 0.0 ], [ 110.72505887796865, -8.199229730779081, 0.0 ] ], [ [ 110.725059132058547, -8.199239076378486, 0.0 ], [ 110.725053581000097, -8.199269609999895, 0.0 ], [ 110.72505060600011, -8.19929043099993, 0.0 ], [ 110.725056555000066, -8.199323147999973, 0.0 ], [ 110.725061602113911, -8.199339972089916, 0.0 ] ] ] } },
{ "type": "Feature", "properties": { "FID_Garis_": 2669, "OBJECTID": 32897, "NAMOBJ": "Garis Pantai", "FCODE": "DB02080140", "REMARK": null, "METADATA": null, "SRS_ID": "4326", "DTMVER": 2, "ELEVAS": 0.0, "KARGPN": 3, "TIPGPN": 4, "KODGPN": null, "THNSBDATA": "2025", "SBDATA": 6, "SKL": 6, "THNPBL": "2025", "KET": null, "SHAPE_Leng": 0.04619280258, "FID_Batas_": 7395, "OBJECTID_1": 9109.0, "NAMOBJ_1": "Tileng", "FCODE_1": "BA03070040", "REMARK_1": null, "METADATA_1": "TASWIL1000020221227_DATA_BATAS_DESAKELURAHAN", "SRS_ID_1": "4326", "KDBBPS": null, "KDCBPS": null, "KDCPUM": "34.03.16", "KDEBPS": null, "KDEPUM": "34.03.16.2006", "KDPBPS": null, "KDPKAB": "34.03", "KDPPUM": "34", "LUASWH": 0.0, "TIPADM": 1.0, "WADMKC": "Girisubo", "WADMKD": "Tileng", "WADMKK": "Gunungkidul", "WADMPR": "Daerah Istimewa Yogyakarta", "WIADKC": null, "WIADKK": null, "WIADPR": null, "WIADKD": null, "UUPP": "Data dari Pemerintah Daerah", "LUAS": 16.81625767 }, "geometry": { "type": "MultiLineString", "coordinates": [ [ [ 110.739106509015926, -8.192917982834604, 0.0 ], [ 110.739091772000052, -8.192899370999953, 0.0 ], [ 110.738972799000067, -8.192851781999924, 0.0 ], [ 110.738447861000068, -8.192683433999939, 0.0 ], [ 110.738432633000059, -8.192668204999922, 0.0 ], [ 110.738419308000019, -8.192668204999922, 0.0 ], [ 110.738404079000091, -8.192672012999971, 0.0 ], [ 110.738390754000051, -8.192681529999959, 0.0 ], [ 110.738030020491124, -8.192604762893776, 0.0 ] ], [ [ 110.731585362061892, -8.192668716517773, 0.0 ], [ 110.731532582000057, -8.192681213999933, 0.0 ], [ 110.731518278000038, -8.192686998999967, 0.0 ], [ 110.73136408700006, -8.19272543199995, 0.0 ], [ 110.731307575000102, -8.192737328999957, 0.0 ], [ 110.731259986000069, -8.192758148999904, 0.0 ], [ 110.731209422000063, -8.192778968999939, 0.0 ], [ 110.73116183300003, -8.192802763999953, 0.0 ], [ 110.731094840000083, -8.192858235999925, 0.0 ], [ 110.731087765055889, -8.192862463112629, 0.0 ] ], [ [ 110.740429649917047, -8.193503138775018, 0.0 ], [ 110.740292849000042, -8.193457556999952, 0.0 ], [ 110.740096830000084, -8.193333158999963, 0.0 ], [ 110.739296068617463, -8.193049711398661, 0.0 ] ], [ [ 110.740737548503674, -8.193419162999973, 0.0 ], [ 110.740688124000073, -8.193419162999973, 0.0 ], [ 110.74062030900005, -8.193429870999971, 0.0 ], [ 110.740573910000123, -8.193440578999969, 0.0 ], [ 110.740523941000077, -8.193469131999933, 0.0 ], [ 110.740493679244224, -8.193485638342093, 0.0 ] ], [ [ 110.741491442049394, -8.193573399799128, 0.0 ], [ 110.741412670000074, -8.193515531999953, 0.0 ], [ 110.741373409000104, -8.193490546999929, 0.0 ], [ 110.741323440000059, -8.19347627, 0.0 ], [ 110.741291317000062, -8.193469131999933, 0.0 ], [ 110.74121993300011, -8.193461993999964, 0.0 ], [ 110.741173534, -8.193454855, 0.0 ], [ 110.741127134000067, -8.193451285999966, 0.0 ], [ 110.741070027000049, -8.193447716999938, 0.0 ], [ 110.740965354000096, -8.193446002999973, 0.0 ] ], [ [ 110.742983042036741, -8.194202323441626, 0.0 ], [ 110.742958130000034, -8.194175831999964, 0.0 ], [ 110.742911730000017, -8.194150847999939, 0.0 ], [ 110.742847485000127, -8.194122293999975, 0.0 ], [ 110.742720632000015, -8.194083402999954, 0.0 ], [ 110.742361331000041, -8.193907217999943, 0.0 ], [ 110.74229710399527, -8.193881809538475, 0.0 ] ], [ [ 110.751669960832231, -8.195345185864458, 0.0 ], [ 110.751572045000088, -8.195308574999984, 0.0 ], [ 110.751387636000103, -8.195320473, 0.0 ], [ 110.751078306000096, -8.195415650999962, 0.0 ], [ 110.750971395499192, -8.195468058398383, 0.0 ] ], [ [ 110.754788395069482, -8.196801292310276, 0.0 ], [ 110.754782861000095, -8.196777772999955, 0.0 ], [ 110.754782861000095, -8.196695680999913, 0.0 ], [ 110.75480784500003, -8.196645711999953, 0.0 ], [ 110.754814984000092, -8.196617158999988, 0.0 ], [ 110.754822122000064, -8.196552913999913, 0.0 ], [ 110.754822122000064, -8.196495805999984, 0.0 ], [ 110.754837718000019, -8.19621584, 0.0 ], [ 110.754722185000048, -8.195842643999942, 0.0 ], [ 110.754737485000078, -8.195791496999973, 0.0 ], [ 110.754719368000082, -8.195733119999939, 0.0 ], [ 110.754675785000117, -8.19566061599998, 0.0 ], [ 110.754617153000055, -8.195580851999953, 0.0 ], [ 110.754550120000019, -8.195502645999966, 0.0 ], [ 110.754517997000022, -8.195463384999915, 0.0 ], [ 110.754438595000039, -8.195399845999898, 0.0 ], [ 110.754433865254455, -8.195397417206909, 0.0 ] ], [ [ 110.752283706047962, -8.195422530873877, 0.0 ], [ 110.752132144000058, -8.195460396999934, 0.0 ], [ 110.751939407000108, -8.19548181199993, 0.0 ], [ 110.751927514559924, -8.195474874760524, 0.0 ] ], [ [ 110.755443920153738, -8.196637245185059, 0.0 ], [ 110.755425316000043, -8.196638573999984, 0.0 ], [ 110.755375347, -8.196649281999981, 0.0 ], [ 110.7553432240001, -8.19665641999995, 0.0 ], [ 110.755311101000103, -8.196667127999948, 0.0 ], [ 110.755293256000044, -8.196688542999944, 0.0 ], [ 110.755273494, -8.196707053999965, 0.0 ], [ 110.755242543000023, -8.19676257099994, 0.0 ], [ 110.755182655000041, -8.196868088999967, 0.0 ], [ 110.755167590000042, -8.196930322999965, 0.0 ], [ 110.755150488000055, -8.197009769999966, 0.0 ], [ 110.755150488000055, -8.197056169999897, 0.0 ], [ 110.755156455624132, -8.19708600895618, 0.0 ] ], [ [ 110.748744371223538, -8.196956487930809, 0.0 ], [ 110.748697390000089, -8.196974077999943, 0.0 ], [ 110.748491568000105, -8.197016564, 0.0 ], [ 110.74837497909536, -8.196984401562926, 0.0 ] ] ] } },
{ "type": "Feature", "properties": { "FID_Garis_": 2670, "OBJECTID": 32898, "NAMOBJ": "Garis Pantai", "FCODE": "DB02080140", "REMARK": null, "METADATA": null, "SRS_ID": "4326", "DTMVER": 2, "ELEVAS": 0.0, "KARGPN": 5, "TIPGPN": 4, "KODGPN": null, "THNSBDATA": "2025", "SBDATA": 6, "SKL": 6, "THNPBL": "2025", "KET": null, "SHAPE_Leng": 0.00036551038, "FID_Batas_": 7384, "OBJECTID_1": 9098.0, "NAMOBJ_1": "Pucung", "FCODE_1": "BA03070040", "REMARK_1": null, "METADATA_1": "TASWIL1000020221227_DATA_BATAS_DESAKELURAHAN", "SRS_ID_1": "4326", "KDBBPS": null, "KDCBPS": null, "KDCPUM": "34.03.16", "KDEBPS": null, "KDEPUM": "34.03.16.2007", "KDPBPS": null, "KDPKAB": "34.03", "KDPPUM": "34", "LUASWH": 0.0, "TIPADM": 1.0, "WADMKC": "Girisubo", "WADMKD": "Pucung", "WADMKK": "Gunungkidul", "WADMPR": "Daerah Istimewa Yogyakarta", "WIADKC": null, "WIADKK": null, "WIADPR": null, "WIADKD": null, "UUPP": "Data dari Pemerintah Daerah", "LUAS": 14.29935652 }, "geometry": { "type": "MultiLineString", "coordinates": [ [ [ 110.78720462867301, -8.192419184981272, 0.0 ], [ 110.787196787000084, -8.192413085999952, 0.0 ], [ 110.787155147000107, -8.192419033999911, 0.0 ], [ 110.787119455, -8.19242498299996, 0.0 ], [ 110.787095660000077, -8.192451751999954, 0.0 ], [ 110.787068891000075, -8.192523136, 0.0 ] ] ] } },
{ "type": "Feature", "properties": { "FID_Garis_": 2671, "OBJECTID": 32899, "NAMOBJ": "Garis Pantai", "FCODE": "DB02080140", "REMARK": null, "METADATA": null, "SRS_ID": "4326", "DTMVER": 2, "ELEVAS": 0.0, "KARGPN": 3, "TIPGPN": 4, "KODGPN": null, "THNSBDATA": "2025", "SBDATA": 6, "SKL": 6, "THNPBL": "2025", "KET": null, "SHAPE_Leng": 0.00459817895, "FID_Batas_": 7384, "OBJECTID_1": 9098.0, "NAMOBJ_1": "Pucung", "FCODE_1": "BA03070040", "REMARK_1": null, "METADATA_1": "TASWIL1000020221227_DATA_BATAS_DESAKELURAHAN", "SRS_ID_1": "4326", "KDBBPS": null, "KDCBPS": null, "KDCPUM": "34.03.16", "KDEBPS": null, "KDEPUM": "34.03.16.2007", "KDPBPS": null, "KDPKAB": "34.03", "KDPPUM": "34", "LUASWH": 0.0, "TIPADM": 1.0, "WADMKC": "Girisubo", "WADMKD": "Pucung", "WADMKK": "Gunungkidul", "WADMPR": "Daerah Istimewa Yogyakarta", "WIADKC": null, "WIADKK": null, "WIADPR": null, "WIADKD": null, "UUPP": "Data dari Pemerintah Daerah", "LUAS": 14.29935652 }, "geometry": { "type": "MultiLineString", "coordinates": [ [ [ 110.787068891000075, -8.192523136, 0.0 ], [ 110.78703022500008, -8.192576673999987, 0.0 ], [ 110.787001209000067, -8.192615169999975, 0.0 ], [ 110.786694126000071, -8.192722415999967, 0.0 ], [ 110.786490498, -8.192700186, 0.0 ], [ 110.786365576000065, -8.192819159999978, 0.0 ], [ 110.786426437000031, -8.193052565999928, 0.0 ], [ 110.78643536000007, -8.193126923999952, 0.0 ], [ 110.786441308000022, -8.193165589999953, 0.0 ], [ 110.786444283, -8.193201281999976, 0.0 ], [ 110.786444283, -8.193248871, 0.0 ], [ 110.78641453900012, -8.193296460999946, 0.0 ], [ 110.786393719000074, -8.1933291779999, 0.0 ], [ 110.786378847, -8.19337081899997, 0.0 ], [ 110.786340181000099, -8.193442202999925, 0.0 ], [ 110.786331258000061, -8.193477893999948, 0.0 ], [ 110.786313412000098, -8.193519534999929, 0.0 ], [ 110.786295566000035, -8.193567123999959, 0.0 ], [ 110.786280695000059, -8.193590918999973, 0.0 ], [ 110.786265823000065, -8.19360578999996, 0.0 ], [ 110.786220872000087, -8.193618655999959, 0.0 ], [ 110.786144603000082, -8.193593128999979, 0.0 ], [ 110.786069650000087, -8.19358955999995, 0.0 ], [ 110.785995159000052, -8.193570098999938, 0.0 ], [ 110.785956493000057, -8.193570098999938, 0.0 ], [ 110.785899981000085, -8.193555226999951, 0.0 ], [ 110.785870238000115, -8.193522508999909, 0.0 ], [ 110.785834546000089, -8.193504662999942, 0.0 ], [ 110.785775059000059, -8.193504662999942, 0.0 ], [ 110.785721521000056, -8.193504662999942, 0.0 ], [ 110.785673932000037, -8.19351358599997, 0.0 ], [ 110.785615780000015, -8.193530250000016, 0.0 ], [ 110.785522241000095, -8.193534406999916, 0.0 ], [ 110.78546870400001, -8.193531431999936, 0.0 ], [ 110.785411015000037, -8.193522012999956, 0.0 ], [ 110.785352705, -8.193531431999936, 0.0 ], [ 110.785281321000056, -8.193543329999944, 0.0 ], [ 110.785236706, -8.193576046999986, 0.0 ], [ 110.785210645588762, -8.193609215737432, 0.0 ] ], [ [ 110.785089366315646, -8.19369917732228, 0.0 ], [ 110.785085015000064, -8.193700968999931, 0.0 ], [ 110.785049324000042, -8.193712865999938, 0.0 ], [ 110.784998760000036, -8.193736660999953, 0.0 ], [ 110.784939273000091, -8.193766404000016, 0.0 ], [ 110.78489465900013, -8.193790198999942, 0.0 ], [ 110.784841121000056, -8.193822915999895, 0.0 ], [ 110.784790602460646, -8.193859289511298, 0.0 ] ], [ [ 110.784661143746234, -8.193942284026381, 0.0 ], [ 110.784629944000073, -8.193965683999984, 0.0 ], [ 110.784597226000031, -8.193989479, 0.0 ], [ 110.784534765000018, -8.194031118999892, 0.0 ], [ 110.784513945000072, -8.194054913999906, 0.0 ], [ 110.78449312500004, -8.194069784999982, 0.0 ], [ 110.78447230400009, -8.194075733999941, 0.0 ], [ 110.78441281800005, -8.194099528999956, 0.0 ], [ 110.784389023000031, -8.194120348999903, 0.0 ], [ 110.784368203, -8.194164963999953, 0.0 ], [ 110.784356306000078, -8.194206603999934, 0.0 ], [ 110.784335485000042, -8.194251218999984, 0.0 ], [ 110.784305742000072, -8.194301783, 0.0 ], [ 110.784228410000068, -8.194471318999987, 0.0 ], [ 110.784201641000067, -8.194524856999976, 0.0 ], [ 110.784162974000068, -8.194566497999958, 0.0 ], [ 110.784124308000074, -8.194623009999926, 0.0 ], [ 110.784106462000096, -8.194661675999928, 0.0 ], [ 110.784082668000082, -8.194712239999937, 0.0 ], [ 110.784076719000041, -8.194741983, 0.0 ], [ 110.784057683000071, -8.194776960999963, 0.0 ], [ 110.784044834000071, -8.194788382999931, 0.0 ], [ 110.784029130000107, -8.194795520999989, 0.0 ], [ 110.78401342500004, -8.194798375999959, 0.0 ], [ 110.783991067104154, -8.194805133745522, 0.0 ] ] ] } },
{ "type": "Feature", "properties": { "FID_Garis_": 2673, "OBJECTID": 32901, "NAMOBJ": "Garis Pantai", "FCODE": "DB02080140", "REMARK": null, "METADATA": null, "SRS_ID": "4326", "DTMVER": 2, "ELEVAS": 0.0, "KARGPN": 3, "TIPGPN": 4, "KODGPN": null, "THNSBDATA": "2025", "SBDATA": 6, "SKL": 6, "THNPBL": "2025", "KET": null, "SHAPE_Leng": 0.03749910972, "FID_Batas_": 7384, "OBJECTID_1": 9098.0, "NAMOBJ_1": "Pucung", "FCODE_1": "BA03070040", "REMARK_1": null, "METADATA_1": "TASWIL1000020221227_DATA_BATAS_DESAKELURAHAN", "SRS_ID_1": "4326", "KDBBPS": null, "KDCBPS": null, "KDCPUM": "34.03.16", "KDEBPS": null, "KDEPUM": "34.03.16.2007", "KDPBPS": null, "KDPKAB": "34.03", "KDPPUM": "34", "LUASWH": 0.0, "TIPADM": 1.0, "WADMKC": "Girisubo", "WADMKD": "Pucung", "WADMKK": "Gunungkidul", "WADMPR": "Daerah Istimewa Yogyakarta", "WIADKC": null, "WIADKK": null, "WIADPR": null, "WIADKD": null, "UUPP": "Data dari Pemerintah Daerah", "LUAS": 14.29935652 }, "geometry": { "type": "MultiLineString", "coordinates": [ [ [ 110.783788521603782, -8.1945899471798, 0.0 ], [ 110.783783569000036, -8.194571375999917, 0.0 ], [ 110.783779286000126, -8.194558527, 0.0 ], [ 110.783760726000096, -8.194534255999955, 0.0 ], [ 110.783735028000109, -8.194518551999987, 0.0 ], [ 110.783709330000107, -8.194514268999988, 0.0 ], [ 110.783679349000025, -8.194518551999987, 0.0 ], [ 110.783646512000061, -8.194531400999985, 0.0 ], [ 110.783616531000064, -8.194547104999952, 0.0 ], [ 110.783589405000043, -8.19455281599998, 0.0 ], [ 110.78356941800007, -8.194554243999921, 0.0 ], [ 110.783539437000087, -8.194558527, 0.0 ], [ 110.783516594000062, -8.194564236999948, 0.0 ], [ 110.783479474, -8.194569947999977, 0.0 ], [ 110.783458059000012, -8.194578513999975, 0.0 ], [ 110.783401419000114, -8.194612720999963, 0.0 ], [ 110.783371169000105, -8.194632293999984, 0.0 ], [ 110.783306725000017, -8.194679879000013, 0.0 ], [ 110.783285310000025, -8.194695583999891, 0.0 ], [ 110.783257127000084, -8.19472456199998, 0.0 ], [ 110.78322677500006, -8.194761256999907, 0.0 ], [ 110.783195367000033, -8.194825501999983, 0.0 ], [ 110.783172524000094, -8.194866904999945, 0.0 ], [ 110.78314825300005, -8.194906879999966, 0.0 ], [ 110.783123983000081, -8.194945426999958, 0.0 ], [ 110.783101140000056, -8.194971124999952, 0.0 ], [ 110.783068303000093, -8.194999679, 0.0 ], [ 110.783044033000039, -8.195016811, 0.0 ], [ 110.783015479000071, -8.195041080999967, 0.0 ], [ 110.782991209000016, -8.195068207, 0.0 ], [ 110.782977586000044, -8.195095867999971, 0.0 ], [ 110.78296235800012, -8.1951529749999, 0.0 ], [ 110.782945226000038, -8.195206274999958, 0.0 ], [ 110.782924286000082, -8.195250056999939, 0.0 ], [ 110.78290334700003, -8.19529003199996, 0.0 ], [ 110.782875224000108, -8.195320616999915, 0.0 ], [ 110.782840529000083, -8.195345236, 0.0 ], [ 110.782810072000046, -8.195356656999966, 0.0 ], [ 110.782781519000082, -8.195362368, 0.0 ], [ 110.782743447000129, -8.195362368, 0.0 ], [ 110.782716797000049, -8.195358560999946, 0.0 ], [ 110.782667305000047, -8.195358560999946, 0.0 ], [ 110.782644462000107, -8.195369981999914, 0.0 ], [ 110.782629233000094, -8.19538521099993, 0.0 ], [ 110.782623523000069, -8.195406149999975, 0.0 ], [ 110.782615908000054, -8.195421379, 0.0 ], [ 110.782595042000111, -8.195447323999918, 0.0 ], [ 110.782571842000053, -8.195459815999886, 0.0 ], [ 110.782553090000093, -8.195486099999929, 0.0 ], [ 110.782547380000068, -8.195520363999922, 0.0 ], [ 110.782532151000055, -8.195545110999927, 0.0 ], [ 110.782526441000115, -8.195581277999988, 0.0 ], [ 110.782506453000053, -8.195604596999964, 0.0 ], [ 110.782477980000095, -8.19562828799997, 0.0 ] ], [ [ 110.77309832232217, -8.195401027665419, 0.0 ], [ 110.773066411000045, -8.195339863999909, 0.0 ], [ 110.77302774500005, -8.195310120999935, 0.0 ], [ 110.772965284000037, -8.195298223999927, 0.0 ], [ 110.772896875000058, -8.195298223999927, 0.0 ], [ 110.772834414000044, -8.195295248999948, 0.0 ], [ 110.772777902000072, -8.195271454999933, 0.0 ], [ 110.772730313000039, -8.195238736999979, 0.0 ], [ 110.772667852000026, -8.195220890999924, 0.0 ], [ 110.772614314000037, -8.195220890999924, 0.0 ], [ 110.772578622000097, -8.195244685999938, 0.0 ], [ 110.772542930000071, -8.195277402999981, 0.0 ], [ 110.772519135000067, -8.195319043999962, 0.0 ], [ 110.772486418000113, -8.195354735999985, 0.0 ], [ 110.772441803000063, -8.195372581999951, 0.0 ], [ 110.772406111000038, -8.195363658999923, 0.0 ], [ 110.77237339300008, -8.195333915999949, 0.0 ], [ 110.772355547000117, -8.195298223999927, 0.0 ], [ 110.772310933000071, -8.195271454999933, 0.0 ], [ 110.772233600000064, -8.195253608999966, 0.0 ], [ 110.772174114000023, -8.195250634999987, 0.0 ], [ 110.772096781000116, -8.195262532, 0.0 ], [ 110.772043243000041, -8.195286326, 0.0 ], [ 110.772010526000088, -8.19533094099997, 0.0 ], [ 110.771980782000099, -8.195378531, 0.0 ], [ 110.771954013000112, -8.195405299, 0.0 ], [ 110.771915347000018, -8.195414221999933, 0.0 ], [ 110.771852886, -8.195417196999912, 0.0 ], [ 110.771781503000057, -8.195449913999955, 0.0 ], [ 110.771745811000116, -8.19547370899997, 0.0 ], [ 110.771707144000032, -8.195485605999977, 0.0 ], [ 110.771653606000129, -8.195503451999944, 0.0 ], [ 110.771626838000131, -8.195515349999951, 0.0 ], [ 110.771588171000047, -8.195533195999918, 0.0 ], [ 110.771564377000033, -8.195548066999905, 0.0 ], [ 110.771534633000044, -8.19557186199992, 0.0 ], [ 110.771510839000129, -8.195598630999914, 0.0 ], [ 110.771446673000057, -8.195609721999944, 0.0 ], [ 110.771371720000076, -8.195632922, 0.0 ], [ 110.77133602800005, -8.195659690999904, 0.0 ], [ 110.771311043000111, -8.195709658999952, 0.0 ], [ 110.771282490000061, -8.195731073999948, 0.0 ], [ 110.771252072000038, -8.195777089999936, 0.0 ], [ 110.771234226000061, -8.195800884999951, 0.0 ], [ 110.771204483000091, -8.195842524999932, 0.0 ], [ 110.771153920000074, -8.195878216999954, 0.0 ], [ 110.771073613000098, -8.195890114999962, 0.0 ], [ 110.771017101000041, -8.195896062999921, 0.0 ], [ 110.770950008786741, -8.195903251480132, 0.0 ] ], [ [ 110.782319589856783, -8.195604984180562, 0.0 ], [ 110.782305151000102, -8.195591747999966, 0.0 ], [ 110.782288019000106, -8.195583181999968, 0.0 ], [ 110.782273742000072, -8.195581753999939, 0.0 ], [ 110.782240931000018, -8.195582531999914, 0.0 ], [ 110.782199322000054, -8.195618436999954, 0.0 ], [ 110.78216414700006, -8.195648790999979, 0.0 ], [ 110.782162632537293, -8.195651069416812, 0.0 ] ], [ [ 110.776855039000083, -8.195809019999913, 0.0 ], [ 110.776552404000086, -8.195627239999972, 0.0 ], [ 110.776475529000038, -8.195600629999902, 0.0 ], [ 110.776315050000079, -8.195591875999977, 0.0 ], [ 110.776211543000045, -8.195588306999948, 0.0 ], [ 110.776126993000062, -8.195583758999927, 0.0 ], [ 110.776064532000049, -8.195583758999927, 0.0 ], [ 110.775963405000113, -8.195601604999982, 0.0 ], [ 110.775903919000086, -8.19561647699997, 0.0 ], [ 110.775856330000053, -8.195637297, 0.0 ], [ 110.775778997000046, -8.195684885999945, 0.0 ], [ 110.775719510000016, -8.195726527000016, 0.0 ], [ 110.775677870000024, -8.19575627, 0.0 ], [ 110.775615409000096, -8.19580683399991, 0.0 ], [ 110.775570794000046, -8.1958455, 0.0 ], [ 110.77552268900007, -8.19591310299991, 0.0 ], [ 110.775469151000081, -8.195988055999983, 0.0 ], [ 110.775419104000022, -8.196038830999921, 0.0 ], [ 110.775401258000059, -8.196077497000012, 0.0 ], [ 110.775392335000021, -8.196104266, 0.0 ], [ 110.775383412000082, -8.196116162999925, 0.0 ], [ 110.775377463000041, -8.19613698399996, 0.0 ], [ 110.775353900000042, -8.19618182999994, 0.0 ], [ 110.775322814000049, -8.196212914999936, 0.0 ], [ 110.775311984000041, -8.196226839999934, 0.0 ], [ 110.775264439000097, -8.196267853999952, 0.0 ], [ 110.775231721000068, -8.196315442999982, 0.0 ], [ 110.775193055000059, -8.196333288999949, 0.0 ], [ 110.775121671000107, -8.196386826999937, 0.0 ], [ 110.775100851000076, -8.196410621999952, 0.0 ], [ 110.775044338000015, -8.196455236999913, 0.0 ], [ 110.774992500916227, -8.196471186562473, 0.0 ] ], [ [ 110.770395355960858, -8.195729665215303, 0.0 ], [ 110.770392492000056, -8.195714628999919, 0.0 ], [ 110.770353826000047, -8.195690834999905, 0.0 ], [ 110.770315160000052, -8.195684885999945, 0.0 ], [ 110.770285970000117, -8.195696561999934, 0.0 ], [ 110.770263008000086, -8.195714978999948, 0.0 ], [ 110.770246750000069, -8.195741397999914, 0.0 ], [ 110.770234853000062, -8.195774115999956, 0.0 ], [ 110.77019916100005, -8.19585442299994, 0.0 ], [ 110.770169418000066, -8.195904985999949, 0.0 ], [ 110.77013372600004, -8.195952575999979, 0.0 ], [ 110.770101008000012, -8.195979343999973, 0.0 ], [ 110.770032959000062, -8.196000478999945, 0.0 ] ], [ [ 110.779214470026105, -8.195882249245159, 0.0 ], [ 110.779155609000014, -8.195852427999952, 0.0 ], [ 110.778926636000065, -8.195766123999917, 0.0 ], [ 110.778809915000096, -8.19572036699995, 0.0 ], [ 110.778745669000017, -8.195706089999923, 0.0 ], [ 110.77865219600001, -8.195687859999925, 0.0 ], [ 110.778643044000049, -8.195686029999951, 0.0 ], [ 110.778573377000058, -8.195689346999959, 0.0 ], [ 110.77853917200008, -8.195699757999932, 0.0 ], [ 110.778512403000079, -8.195720577999968, 0.0 ], [ 110.778476711000053, -8.195750320999942, 0.0 ], [ 110.778464814000046, -8.195783038999895, 0.0 ], [ 110.778467788000029, -8.195830627999925, 0.0 ], [ 110.77847373700007, -8.195881191999934, 0.0 ], [ 110.778476349073571, -8.195933438739935, 0.0 ] ], [ [ 110.780920145705025, -8.195825404735348, 0.0 ], [ 110.78092824600013, -8.195806166999944, 0.0 ], [ 110.780922535000101, -8.195783323999919, 0.0 ], [ 110.780899692000077, -8.195754770999955, 0.0 ], [ 110.780880657000097, -8.195743348999898, 0.0 ], [ 110.780873804000066, -8.195741064999975, 0.0 ], [ 110.780841634000069, -8.195722409999942, 0.0 ], [ 110.780831164000091, -8.195710988999974, 0.0 ], [ 110.780796900000013, -8.195695759999957, 0.0 ], [ 110.780770250000018, -8.195693856999977, 0.0 ], [ 110.780761058094654, -8.195693856999977, 0.0 ] ], [ [ 110.780599003119349, -8.195699815051718, 0.0 ], [ 110.780589390000074, -8.195699373999989, 0.0 ], [ 110.78040813700008, -8.195718793, 0.0 ], [ 110.780291050000073, -8.19571165499994, 0.0 ], [ 110.780219666000022, -8.19571165499994, 0.0 ], [ 110.780109616000075, -8.195741397999914, 0.0 ], [ 110.780022639000066, -8.195774793999924, 0.0 ], [ 110.779902718000102, -8.195796271999924, 0.0 ], [ 110.779824176, -8.195810338999934, 0.0 ], [ 110.779765910000052, -8.195834128999948, 0.0 ], [ 110.779743774000082, -8.19585144799996, 0.0 ], [ 110.779702133000015, -8.195890114999962, 0.0 ], [ 110.779648595000111, -8.195928780999964, 0.0 ], [ 110.779580186000061, -8.195961498, 0.0 ], [ 110.779535571000096, -8.196000164999919, 0.0 ], [ 110.779495941405372, -8.19601148774133, 0.0 ] ], [ [ 110.781734636539355, -8.195834022942474, 0.0 ], [ 110.781745501000074, -8.19581446599992, 0.0 ], [ 110.781751212000103, -8.195791622999895, 0.0 ], [ 110.781748357000126, -8.195774490999987, 0.0 ], [ 110.781719803000072, -8.195777345999957, 0.0 ], [ 110.781706954000072, -8.195785911999955, 0.0 ], [ 110.781685887176053, -8.195829450430772, 0.0 ] ], [ [ 110.767813457, -8.195930281, 0.0 ], [ 110.767683321000078, -8.195870781999961, 0.0 ], [ 110.767604799000054, -8.195842227999908, 0.0 ], [ 110.767544123, -8.195817243999972, 0.0 ], [ 110.767479877000113, -8.195799398, 0.0 ], [ 110.767408493000062, -8.19578869, 0.0 ], [ 110.767358525000105, -8.19578869, 0.0 ], [ 110.767315694000033, -8.195810105, 0.0 ], [ 110.767233603000079, -8.195838658999968, 0.0 ], [ 110.767197911000054, -8.195849365999965, 0.0 ], [ 110.767071713000092, -8.195887731999942, 0.0 ] ], [ [ 110.777232746502065, -8.196164141140496, 0.0 ], [ 110.777206262, -8.196126460999977, 0.0 ], [ 110.777169697, -8.196101764999977, 0.0 ], [ 110.777087522000045, -8.196033050999976, 0.0 ], [ 110.776946036000055, -8.19588328899993, 0.0 ], [ 110.776937848082611, -8.195876606269206, 0.0 ] ], [ [ 110.770916194924098, -8.195900286111382, 0.0 ], [ 110.770889205000032, -8.195893088999942, 0.0 ], [ 110.77084161500008, -8.195893088999942, 0.0 ], [ 110.770758334000035, -8.195899037999901, 0.0 ], [ 110.770636387000067, -8.195913908999977, 0.0 ], [ 110.770556080000091, -8.195943652999951, 0.0 ], [ 110.77052109069983, -8.195963429583255, 0.0 ] ], [ [ 110.778011010557051, -8.195994038517131, 0.0 ], [ 110.77775192700004, -8.195989790999949, 0.0 ], [ 110.777743276285577, -8.195990238451536, 0.0 ] ], [ [ 110.777485083489466, -8.196003593277226, 0.0 ], [ 110.777406905000092, -8.196007637, 0.0 ], [ 110.777282801936977, -8.196184633212624, 0.0 ] ], [ [ 110.769805442106019, -8.196066572232343, 0.0 ], [ 110.769720603000053, -8.196097735, 0.0 ], [ 110.769515740000074, -8.196127254999954, 0.0 ], [ 110.769365834000013, -8.19614866999995, 0.0 ], [ 110.769273035000069, -8.196155807999919, 0.0 ], [ 110.769132413000065, -8.196181300999985, 0.0 ], [ 110.76901819900003, -8.196213423999978, 0.0 ], [ 110.76895395300005, -8.196241976999943, 0.0 ], [ 110.768843308000044, -8.196316929999927, 0.0 ], [ 110.768779063000053, -8.196359760999918, 0.0 ], [ 110.768610803000072, -8.196482346999936, 0.0 ], [ 110.768507647000064, -8.196520059999948, 0.0 ], [ 110.768425550000103, -8.196523047999928, 0.0 ], [ 110.768354082861151, -8.196496360206531, 0.0 ] ], [ [ 110.774828209232865, -8.196456437261759, 0.0 ], [ 110.774788546000082, -8.196452262000022, 0.0 ], [ 110.774765976960111, -8.196455083307832, 0.0 ] ], [ [ 110.774761024502638, -8.196455702403984, 0.0 ], [ 110.774740957000049, -8.196458210999893, 0.0 ], [ 110.774681471000093, -8.196508774999902, 0.0 ], [ 110.774665514280144, -8.196533596166891, 0.0 ] ], [ [ 110.773500863499265, -8.196510612841248, 0.0 ], [ 110.773497689000024, -8.196508774999902, 0.0 ], [ 110.773438202000079, -8.196505799999922, 0.0 ], [ 110.773430251453462, -8.196508185190634, 0.0 ] ], [ [ 110.77428472349547, -8.196654777932846, 0.0 ], [ 110.77425614200007, -8.196621798999928, 0.0 ], [ 110.774157989000031, -8.196595029999934, 0.0 ], [ 110.774101477000073, -8.196586107, 0.0 ], [ 110.774039016000046, -8.196586107, 0.0 ], [ 110.773961684000056, -8.196603952999961, 0.0 ], [ 110.773928966000099, -8.196630721999956, 0.0 ], [ 110.773887326000107, -8.196669387999957, 0.0 ], [ 110.773852691914641, -8.196689590893005, 0.0 ] ], [ [ 110.774623129393888, -8.19659251151327, 0.0 ], [ 110.77461901000008, -8.196598003999913, 0.0 ], [ 110.774595215000062, -8.196624772999908, 0.0 ], [ 110.774562498000108, -8.196672361999937, 0.0 ], [ 110.774541677000073, -8.19670507999998, 0.0 ], [ 110.774508960000034, -8.196743745999981, 0.0 ], [ 110.774505175799078, -8.19674686240516, 0.0 ] ], [ [ 110.773744596452644, -8.196662272791713, 0.0 ], [ 110.773726712000055, -8.196651541999902, 0.0 ], [ 110.773681771900684, -8.19663103738101, 0.0 ] ] ] } },
{ "type": "Feature", "properties": { "FID_Garis_": 2673, "OBJECTID": 32901, "NAMOBJ": "Garis Pantai", "FCODE": "DB02080140", "REMARK": null, "METADATA": null, "SRS_ID": "4326", "DTMVER": 2, "ELEVAS": 0.0, "KARGPN": 3, "TIPGPN": 4, "KODGPN": null, "THNSBDATA": "2025", "SBDATA": 6, "SKL": 6, "THNPBL": "2025", "KET": null, "SHAPE_Leng": 0.03749910972, "FID_Batas_": 7395, "OBJECTID_1": 9109.0, "NAMOBJ_1": "Tileng", "FCODE_1": "BA03070040", "REMARK_1": null, "METADATA_1": "TASWIL1000020221227_DATA_BATAS_DESAKELURAHAN", "SRS_ID_1": "4326", "KDBBPS": null, "KDCBPS": null, "KDCPUM": "34.03.16", "KDEBPS": null, "KDEPUM": "34.03.16.2006", "KDPBPS": null, "KDPKAB": "34.03", "KDPPUM": "34", "LUASWH": 0.0, "TIPADM": 1.0, "WADMKC": "Girisubo", "WADMKD": "Tileng", "WADMKK": "Gunungkidul", "WADMPR": "Daerah Istimewa Yogyakarta", "WIADKC": null, "WIADKK": null, "WIADPR": null, "WIADKD": null, "UUPP": "Data dari Pemerintah Daerah", "LUAS": 16.81625767 }, "geometry": { "type": "MultiLineString", "coordinates": [ [ [ 110.763890406667414, -8.195365667979306, 0.0 ], [ 110.763888535000063, -8.19536219199998, 0.0 ], [ 110.763861766000062, -8.195305678999922, 0.0 ], [ 110.763826074000036, -8.195237269999947, 0.0 ], [ 110.763781459000086, -8.195180757999978, 0.0 ], [ 110.763730896000069, -8.195142090999976, 0.0 ], [ 110.763695204000044, -8.195106399999954, 0.0 ], [ 110.763662486000015, -8.195082604999939, 0.0 ], [ 110.763611923, -8.195067732999952, 0.0 ], [ 110.76355519, -8.195054116999891, 0.0 ], [ 110.763501652000031, -8.19506006599994, 0.0 ], [ 110.763445360000077, -8.195049886999897, 0.0 ], [ 110.76340372, -8.195061785, 0.0 ], [ 110.763362079000018, -8.19507963099996, 0.0 ], [ 110.763332336000047, -8.195103424999974, 0.0 ], [ 110.763284747000014, -8.195142090999976, 0.0 ], [ 110.763237157000077, -8.195180757999978, 0.0 ], [ 110.763204440000038, -8.195195628999965, 0.0 ], [ 110.763174697000068, -8.195201577999924, 0.0 ], [ 110.763124133000048, -8.195228346999919, 0.0 ], [ 110.763088441000036, -8.195258089999982, 0.0 ], [ 110.763035254000073, -8.195303778999943, 0.0 ], [ 110.762990288000083, -8.195350293999972, 0.0 ], [ 110.762983313282746, -8.195355659333661, 0.0 ] ], [ [ 110.762401895000067, -8.195148626891715, 0.0 ], [ 110.762401895000067, -8.195119287999955, 0.0 ], [ 110.762354306000034, -8.195085975999952, 0.0 ], [ 110.762263887000103, -8.195076457999964, 0.0 ], [ 110.76221153800013, -8.195085975999952, 0.0 ], [ 110.762130637000013, -8.195114529, 0.0 ], [ 110.762012359000082, -8.195161055999947, 0.0 ], [ 110.761905305000099, -8.195194937999908, 0.0 ], [ 110.761821301000083, -8.195209821999985, 0.0 ], [ 110.761706349000065, -8.195209971999908, 0.0 ], [ 110.761554807000053, -8.19523826099994, 0.0 ], [ 110.761450111000016, -8.195266815, 0.0 ], [ 110.761373968000015, -8.195285850999969, 0.0 ], [ 110.761326379000081, -8.195309644999984, 0.0 ], [ 110.761288308000033, -8.195342957999987, 0.0 ], [ 110.761274031000099, -8.195376269999901, 0.0 ], [ 110.760929259069172, -8.195508874874537, 0.0 ] ], [ [ 110.760885002779972, -8.195508848159907, 0.0 ], [ 110.760869522000021, -8.195500001999925, 0.0 ], [ 110.760831451000072, -8.195500001999925, 0.0 ], [ 110.760782644000116, -8.195498075999943, 0.0 ], [ 110.76072268300004, -8.195547045, 0.0 ] ], [ [ 110.765093930902353, -8.195923128856766, 0.0 ], [ 110.765083054000044, -8.195912976999988, 0.0 ], [ 110.765047362000104, -8.195883233999925, 0.0 ], [ 110.764978953000039, -8.195841592999944, 0.0 ], [ 110.764871877000061, -8.195808875999901, 0.0 ], [ 110.764824288000028, -8.195788055999955, 0.0 ], [ 110.764764801000084, -8.195752363999933, 0.0 ], [ 110.764699366000087, -8.195716671999911, 0.0 ], [ 110.764610136000073, -8.195675030999929, 0.0 ], [ 110.764520906000072, -8.195648261999935, 0.0 ], [ 110.764461420000117, -8.19562149299994, 0.0 ], [ 110.764413831000098, -8.195597698999926, 0.0 ], [ 110.764366241000062, -8.195585800999918, 0.0 ], [ 110.764333524000023, -8.195579852999959, 0.0 ], [ 110.764288909000058, -8.195567954999952, 0.0 ], [ 110.764259166000087, -8.195559031999924, 0.0 ], [ 110.764144230000085, -8.195550973999968, 0.0 ], [ 110.76410171879823, -8.195545363973835, 0.0 ] ], [ [ 110.760511279000042, -8.195579466999927, 0.0 ], [ 110.760423833, -8.19559473224988, 0.0 ] ], [ [ 110.759855952000095, -8.19563651599994, 0.0 ], [ 110.759751430000051, -8.195634981999902, 0.0 ], [ 110.759670274000086, -8.195657045999951, 0.0 ], [ 110.759622685000068, -8.195680840999966, 0.0 ], [ 110.759546542000066, -8.195718911999919, 0.0 ], [ 110.759468466, -8.195756058999972, 0.0 ], [ 110.759359447000037, -8.195836862, 0.0 ], [ 110.75931856000004, -8.19588098, 0.0 ], [ 110.759261453000107, -8.195955932999901, 0.0 ], [ 110.759203900000045, -8.196018724999945, 0.0 ], [ 110.759122254000047, -8.196059439999939, 0.0 ], [ 110.758989748, -8.196161491999945, 0.0 ], [ 110.75895215536265, -8.196187807399049, 0.0 ] ], [ [ 110.766898353994804, -8.195929873898979, 0.0 ], [ 110.766844561000127, -8.195917180999981, 0.0 ], [ 110.766801731000044, -8.195917180999981, 0.0 ], [ 110.766762470000089, -8.19592075000001, 0.0 ], [ 110.766748193000055, -8.195935026999948, 0.0 ], [ 110.766726778000063, -8.195956441999943, 0.0 ], [ 110.766705363000071, -8.19597071899997, 0.0 ], [ 110.76669822400001, -8.195995702999905, 0.0 ], [ 110.76667823300005, -8.196063008999968, 0.0 ], [ 110.766464081, -8.196073716999965, 0.0 ], [ 110.766428389000069, -8.196077285999905, 0.0 ], [ 110.766392697000043, -8.19605587099991, 0.0 ], [ 110.766342729000087, -8.196077285999905, 0.0 ], [ 110.76630980900002, -8.196105141, 0.0 ], [ 110.766296329000056, -8.196141530999981, 0.0 ], [ 110.766296329000056, -8.196166515999916, 0.0 ], [ 110.766293716000021, -8.196212233999969, 0.0 ], [ 110.766307993000055, -8.196216992999918, 0.0 ], [ 110.766324649000097, -8.196231269999945, 0.0 ], [ 110.766341305000054, -8.196240787999933, 0.0 ], [ 110.76636057500005, -8.196259314999956, 0.0 ], [ 110.766357961000011, -8.19630027399997, 0.0 ], [ 110.766341305000054, -8.196312171999978, 0.0 ], [ 110.76631751100004, -8.196324068999985, 0.0 ], [ 110.766307993000055, -8.196347863, 0.0 ], [ 110.766299899, -8.196391374999958, 0.0 ], [ 110.766300166986795, -8.196395662961056, 0.0 ] ], [ [ 110.757045266922162, -8.195996694603238, 0.0 ], [ 110.757024313000016, -8.195985411999942, 0.0 ], [ 110.756981483000018, -8.195974703999944, 0.0 ], [ 110.756917238000128, -8.195978273999973, 0.0 ], [ 110.756885115000046, -8.195974703999944, 0.0 ], [ 110.756852992000049, -8.195967565999975, 0.0 ], [ 110.75679945400006, -8.195963996999946, 0.0 ], [ 110.756745173000098, -8.195955932999901, 0.0 ], [ 110.756472624629822, -8.195981032458324, 0.0 ] ], [ [ 110.76553251828814, -8.196188849393362, 0.0 ], [ 110.765418308000065, -8.196112978000016, 0.0 ], [ 110.765377512000072, -8.19607954, 0.0 ], [ 110.765347769000101, -8.196064667999927, 0.0 ], [ 110.765303154000037, -8.19604979599994, 0.0 ], [ 110.765252591000035, -8.196028976, 0.0 ], [ 110.765206923007185, -8.196013753579336, 0.0 ] ], [ [ 110.766099491869554, -8.19643771065687, 0.0 ], [ 110.766070047000085, -8.196426385999924, 0.0 ], [ 110.766048631000089, -8.196424006, 0.0 ], [ 110.766027216000083, -8.196428764999943, 0.0 ], [ 110.766015319000076, -8.196433523999893, 0.0 ], [ 110.765982240000099, -8.196469896999972, 0.0 ], [ 110.765917995000024, -8.196498450999936, 0.0 ], [ 110.765867792000051, -8.196497769999969, 0.0 ], [ 110.765864490388168, -8.196497769999969, 0.0 ] ] ] } },
{ "type": "Feature", "properties": { "FID_Garis_": 2674, "OBJECTID": 32902, "NAMOBJ": "Garis Pantai", "FCODE": "DB02080140", "REMARK": null, "METADATA": null, "SRS_ID": "4326", "DTMVER": 2, "ELEVAS": 0.0, "KARGPN": 6, "TIPGPN": 4, "KODGPN": null, "THNSBDATA": "2025", "SBDATA": 6, "SKL": 6, "THNPBL": "2025", "KET": null, "SHAPE_Leng": 0.00519751377, "FID_Batas_": 7369, "OBJECTID_1": 9083.0, "NAMOBJ_1": "Jepitu", "FCODE_1": "BA03070040", "REMARK_1": null, "METADATA_1": "TASWIL1000020221227_DATA_BATAS_DESAKELURAHAN", "SRS_ID_1": "4326", "KDBBPS": null, "KDCBPS": null, "KDCPUM": "34.03.16", "KDEBPS": null, "KDEPUM": "34.03.16.2002", "KDPBPS": null, "KDPKAB": "34.03", "KDPPUM": "34", "LUASWH": 0.0, "TIPADM": 1.0, "WADMKC": "Girisubo", "WADMKD": "Jepitu", "WADMKK": "Gunungkidul", "WADMPR": "Daerah Istimewa Yogyakarta", "WIADKC": null, "WIADKK": null, "WIADPR": null, "WIADKD": null, "UUPP": "Data dari Pemerintah Daerah", "LUAS": 16.22999637 }, "geometry": { "type": "MultiLineString", "coordinates": [ [ [ 110.718688577077415, -8.199731904072163, 0.0 ], [ 110.71872223700008, -8.199708275999953, 0.0 ], [ 110.718736514000028, -8.199698757999965, 0.0 ], [ 110.718757095831634, -8.199683151298167, 0.0 ] ], [ [ 110.718997104533614, -8.199726453892211, 0.0 ], [ 110.719005264167293, -8.199732367574821, 0.0 ] ], [ [ 110.71865224491826, -8.199776185958854, 0.0 ], [ 110.718671999881352, -8.19974966588898, 0.0 ] ], [ [ 110.718596117789815, -8.199881075920636, 0.0 ], [ 110.718608179629072, -8.199856221844151, 0.0 ] ], [ [ 110.719295342266619, -8.200670398796674, 0.0 ], [ 110.719301180000031, -8.200691504999948, 0.0 ], [ 110.719314267000044, -8.20073314599993, 0.0 ], [ 110.719324975000035, -8.200764078999914, 0.0 ], [ 110.719338062000048, -8.200791441999957, 0.0 ], [ 110.719358287000034, -8.200829514, 0.0 ], [ 110.719380892000046, -8.200865205999932, 0.0 ], [ 110.719402847000083, -8.200913333999917, 0.0 ], [ 110.71948237, -8.201035881999932, 0.0 ], [ 110.719516521000074, -8.20106389099994, 0.0 ], [ 110.719526039000073, -8.201074597999938, 0.0 ], [ 110.719536747000063, -8.201090064999974, 0.0 ], [ 110.719542695000115, -8.201099582999962, 0.0 ], [ 110.719552213000014, -8.201117428000018, 0.0 ], [ 110.719560541000078, -8.201132894999965, 0.0 ], [ 110.71956887000006, -8.201149550999922, 0.0 ], [ 110.719577198000124, -8.201166206999968, 0.0 ], [ 110.719584336000096, -8.201181673999915, 0.0 ], [ 110.719596233000104, -8.201204279, 0.0 ], [ 110.719598613000031, -8.201223313999986, 0.0 ], [ 110.719599803000037, -8.201238780999933, 0.0 ], [ 110.719598613000031, -8.201256626999989, 0.0 ], [ 110.719593854000081, -8.201276851999975, 0.0 ], [ 110.719592664000075, -8.201289938999903, 0.0 ], [ 110.719596233000104, -8.201305405999939, 0.0 ], [ 110.719606941, -8.201322061999985, 0.0 ], [ 110.719614079000067, -8.201335148999913, 0.0 ], [ 110.719623597000052, -8.201352994999969, 0.0 ], [ 110.719630736000028, -8.201363702999966, 0.0 ], [ 110.719636684000079, -8.201377979, 0.0 ], [ 110.719643823000041, -8.201397014999969, 0.0 ], [ 110.719649771, -8.201418429999965, 0.0 ], [ 110.71965215100002, -8.201437465999941, 0.0 ], [ 110.719656910000054, -8.201460070999946, 0.0 ], [ 110.719661669000089, -8.201476726999903, 0.0 ], [ 110.719665238000033, -8.20148981399992, 0.0 ], [ 110.719671186000085, -8.201504090999947, 0.0 ], [ 110.71967170379034, -8.201504756703706, 0.0 ] ] ] } },
{ "type": "Feature", "properties": { "FID_Garis_": 2675, "OBJECTID": 32903, "NAMOBJ": "Garis Pantai", "FCODE": "DB02080140", "REMARK": null, "METADATA": null, "SRS_ID": "4326", "DTMVER": 2, "ELEVAS": 0.0, "KARGPN": 6, "TIPGPN": 4, "KODGPN": null, "THNSBDATA": "2025", "SBDATA": 6, "SKL": 6, "THNPBL": "2025", "KET": null, "SHAPE_Leng": 0.00173989303, "FID_Batas_": 7369, "OBJECTID_1": 9083.0, "NAMOBJ_1": "Jepitu", "FCODE_1": "BA03070040", "REMARK_1": null, "METADATA_1": "TASWIL1000020221227_DATA_BATAS_DESAKELURAHAN", "SRS_ID_1": "4326", "KDBBPS": null, "KDCBPS": null, "KDCPUM": "34.03.16", "KDEBPS": null, "KDEPUM": "34.03.16.2002", "KDPBPS": null, "KDPKAB": "34.03", "KDPPUM": "34", "LUASWH": 0.0, "TIPADM": 1.0, "WADMKC": "Girisubo", "WADMKD": "Jepitu", "WADMKK": "Gunungkidul", "WADMPR": "Daerah Istimewa Yogyakarta", "WIADKC": null, "WIADKK": null, "WIADPR": null, "WIADKD": null, "UUPP": "Data dari Pemerintah Daerah", "LUAS": 16.22999637 }, "geometry": { "type": "MultiLineString", "coordinates": [ [ [ 110.712176679979066, -8.19917931158999, 0.0 ], [ 110.712186041000081, -8.199176847999947, 0.0 ], [ 110.712191164831751, -8.199176546542244, 0.0 ] ], [ [ 110.712226543922441, -8.199181651067402, 0.0 ], [ 110.712229824000076, -8.199184461999955, 0.0 ], [ 110.712235534000101, -8.199192076999964, 0.0 ], [ 110.712239341000057, -8.199197786999903, 0.0 ], [ 110.712252889000112, -8.19920852, 0.0 ], [ 110.712273409000034, -8.199217811999961, 0.0 ], [ 110.712283528000071, -8.199222392999985, 0.0 ], [ 110.712302201000014, -8.199233599999936, 0.0 ], [ 110.712325002000043, -8.199244424999943, 0.0 ], [ 110.712341182000046, -8.199253941999931, 0.0 ], [ 110.712354507000086, -8.199261556999939, 0.0 ], [ 110.71236402500007, -8.199268218999958, 0.0 ], [ 110.712370688000092, -8.199279641000015, 0.0 ], [ 110.712371645000076, -8.199293407, 0.0 ], [ 110.712378879000056, -8.199305793999958, 0.0 ], [ 110.712377350000025, -8.199317711999967, 0.0 ], [ 110.712387032000024, -8.199319755999959, 0.0 ], [ 110.712395434000086, -8.199320566999937, 0.0 ], [ 110.712406855000069, -8.199318663999957, 0.0 ], [ 110.71241922900002, -8.199318663999957, 0.0 ], [ 110.712436361000101, -8.199324374999986, 0.0 ], [ 110.712447782000069, -8.199329132999935, 0.0 ], [ 110.712452504969647, -8.199330707323096, 0.0 ] ], [ [ 110.712632137201496, -8.199518115000028, 0.0 ], [ 110.712632428000077, -8.199520441999955, 0.0 ], [ 110.712632428000077, -8.199532814999912, 0.0 ], [ 110.712627669000128, -8.199553754999958, 0.0 ], [ 110.712622911, -8.199566127999915, 0.0 ], [ 110.712616248000074, -8.199583259999912, 0.0 ], [ 110.712610537000046, -8.199603246999967, 0.0 ], [ 110.712605778000096, -8.199620378999963, 0.0 ], [ 110.712601019000047, -8.199634655999901, 0.0 ], [ 110.712599116000064, -8.199661305999975, 0.0 ], [ 110.712598164000084, -8.199668919999983, 0.0 ], [ 110.712596261000016, -8.199674630999922, 0.0 ], [ 110.712591502000066, -8.199679389999961, 0.0 ], [ 110.712581032000088, -8.199681293999941, 0.0 ], [ 110.712568659000041, -8.199692715, 0.0 ], [ 110.712561996000019, -8.199706991999935, 0.0 ], [ 110.712561045000115, -8.199716510000012, 0.0 ], [ 110.71255247800012, -8.19973268999993, 0.0 ], [ 110.712541057000067, -8.199737448999969, 0.0 ], [ 110.712531539000082, -8.199736496999979, 0.0 ], [ 110.712517262000048, -8.199725075999922, 0.0 ], [ 110.712509648000037, -8.199711750999974, 0.0 ], [ 110.712502986000018, -8.199685100999901, 0.0 ], [ 110.712494420000027, -8.199671775999953, 0.0 ], [ 110.712485854000107, -8.19963846299995, 0.0 ], [ 110.712476336000037, -8.199625137999913, 0.0 ], [ 110.712465866000059, -8.199613716999945, 0.0 ], [ 110.71245158900004, -8.199598487999928, 0.0 ], [ 110.712443023000034, -8.19958801899995, 0.0 ], [ 110.712434457000128, -8.199579452999952, 0.0 ], [ 110.712423036000075, -8.199569934999964, 0.0 ], [ 110.71240971100012, -8.199562320999956, 0.0 ], [ 110.712399241000057, -8.199559464999897, 0.0 ], [ 110.712383061000054, -8.199556609999927, 0.0 ], [ 110.712373543000055, -8.199550898999988, 0.0 ], [ 110.712361170000094, -8.199542332999989, 0.0 ], [ 110.71235070000003, -8.199534718999892, 0.0 ], [ 110.712341182000046, -8.199528055999963, 0.0 ], [ 110.712331664000061, -8.199518538999975, 0.0 ], [ 110.712314254000034, -8.19950345599997, 0.0 ], [ 110.712265234000071, -8.199458206999957, 0.0 ], [ 110.712242232000023, -8.199441320999981, 0.0 ], [ 110.712221257000067, -8.199430973999924, 0.0 ], [ 110.712195559000079, -8.199414793999917, 0.0 ], [ 110.712182234000039, -8.199403372999949, 0.0 ], [ 110.712170813000071, -8.199387191999943, 0.0 ], [ 110.712156536000037, -8.199363397999928, 0.0 ], [ 110.712149874000033, -8.19935578299992, 0.0 ], [ 110.712145115000084, -8.199348169, 0.0 ], [ 110.712139404000055, -8.199340554999903, 0.0 ], [ 110.712136549000078, -8.199333891999974, 0.0 ], [ 110.712134645, -8.199325325999975, 0.0 ], [ 110.712131790000043, -8.199318663999957, 0.0 ], [ 110.712134645, -8.19930771799994, 0.0 ], [ 110.712142259000103, -8.199296772999922, 0.0 ], [ 110.712147970000046, -8.199289158999914, 0.0 ], [ 110.712143533979344, -8.199278069336415, 0.0 ] ] ] } },
{ "type": "Feature", "properties": { "FID_Garis_": 2677, "OBJECTID": 32905, "NAMOBJ": "Garis Pantai", "FCODE": "DB02080140", "REMARK": null, "METADATA": null, "SRS_ID": "4326", "DTMVER": 2, "ELEVAS": 0.0, "KARGPN": 5, "TIPGPN": 4, "KODGPN": null, "THNSBDATA": "2025", "SBDATA": 6, "SKL": 6, "THNPBL": "2025", "KET": null, "SHAPE_Leng": 0.000467247, "FID_Batas_": 7369, "OBJECTID_1": 9083.0, "NAMOBJ_1": "Jepitu", "FCODE_1": "BA03070040", "REMARK_1": null, "METADATA_1": "TASWIL1000020221227_DATA_BATAS_DESAKELURAHAN", "SRS_ID_1": "4326", "KDBBPS": null, "KDCBPS": null, "KDCPUM": "34.03.16", "KDEBPS": null, "KDEPUM": "34.03.16.2002", "KDPBPS": null, "KDPKAB": "34.03", "KDPPUM": "34", "LUASWH": 0.0, "TIPADM": 1.0, "WADMKC": "Girisubo", "WADMKD": "Jepitu", "WADMKK": "Gunungkidul", "WADMPR": "Daerah Istimewa Yogyakarta", "WIADKC": null, "WIADKK": null, "WIADPR": null, "WIADKD": null, "UUPP": "Data dari Pemerintah Daerah", "LUAS": 16.22999637 }, "geometry": { "type": "MultiLineString", "coordinates": [ [ [ 110.722606484000039, -8.196955739999936, 0.0 ], [ 110.722605965000085, -8.19692931699997, 0.0 ], [ 110.722595050000066, -8.196901957999927, 0.0 ], [ 110.72259075455473, -8.19689265039937, 0.0 ] ] ] } },
{ "type": "Feature", "properties": { "FID_Garis_": 2678, "OBJECTID": 32906, "NAMOBJ": "Garis Pantai", "FCODE": "DB02080140", "REMARK": null, "METADATA": null, "SRS_ID": "4326", "DTMVER": 2, "ELEVAS": 0.0, "KARGPN": 3, "TIPGPN": 4, "KODGPN": null, "THNSBDATA": "2025", "SBDATA": 6, "SKL": 6, "THNPBL": "2025", "KET": null, "SHAPE_Leng": 0.00352776316, "FID_Batas_": 7369, "OBJECTID_1": 9083.0, "NAMOBJ_1": "Jepitu", "FCODE_1": "BA03070040", "REMARK_1": null, "METADATA_1": "TASWIL1000020221227_DATA_BATAS_DESAKELURAHAN", "SRS_ID_1": "4326", "KDBBPS": null, "KDCBPS": null, "KDCPUM": "34.03.16", "KDEBPS": null, "KDEPUM": "34.03.16.2002", "KDPBPS": null, "KDPKAB": "34.03", "KDPPUM": "34", "LUASWH": 0.0, "TIPADM": 1.0, "WADMKC": "Girisubo", "WADMKD": "Jepitu", "WADMKK": "Gunungkidul", "WADMPR": "Daerah Istimewa Yogyakarta", "WIADKC": null, "WIADKK": null, "WIADPR": null, "WIADKD": null, "UUPP": "Data dari Pemerintah Daerah", "LUAS": 16.22999637 }, "geometry": { "type": "MultiLineString", "coordinates": [ [ [ 110.721113090826464, -8.198315865641206, 0.0 ], [ 110.721115620000049, -8.198309963999986, 0.0 ], [ 110.72112751800006, -8.198288548999901, 0.0 ], [ 110.72114655300004, -8.198274271999964, 0.0 ], [ 110.721160830000059, -8.198257616, 0.0 ], [ 110.721163210000071, -8.19824571799991, 0.0 ], [ 110.721163210000071, -8.198229061999953, 0.0 ], [ 110.721167968000117, -8.198212405999907, 0.0 ], [ 110.721175107000079, -8.198198128999969, 0.0 ], [ 110.721187004000086, -8.198188610999981, 0.0 ], [ 110.721194143000062, -8.198186231999962, 0.0 ], [ 110.721215558000054, -8.198183851999943, 0.0 ], [ 110.721222696000027, -8.198179094, 0.0 ], [ 110.721227455000061, -8.198169575999916, 0.0 ], [ 110.721229834000084, -8.198157678, 0.0 ], [ 110.721229834000084, -8.198143401999971, 0.0 ], [ 110.721229834000084, -8.198131503999964, 0.0 ], [ 110.721237638000019, -8.198107067999985, 0.0 ], [ 110.72124584400008, -8.198091099, 0.0 ], [ 110.721259734000071, -8.198064105999983, 0.0 ] ] ] } },
{ "type": "Feature", "properties": { "FID_Garis_": 2679, "OBJECTID": 32907, "NAMOBJ": "Garis Pantai", "FCODE": "DB02080140", "REMARK": null, "METADATA": null, "SRS_ID": "4326", "DTMVER": 2, "ELEVAS": 0.0, "KARGPN": 5, "TIPGPN": 4, "KODGPN": null, "THNSBDATA": "2025", "SBDATA": 6, "SKL": 6, "THNPBL": "2025", "KET": null, "SHAPE_Leng": 0.00127982438, "FID_Batas_": 7369, "OBJECTID_1": 9083.0, "NAMOBJ_1": "Jepitu", "FCODE_1": "BA03070040", "REMARK_1": null, "METADATA_1": "TASWIL1000020221227_DATA_BATAS_DESAKELURAHAN", "SRS_ID_1": "4326", "KDBBPS": null, "KDCBPS": null, "KDCPUM": "34.03.16", "KDEBPS": null, "KDEPUM": "34.03.16.2002", "KDPBPS": null, "KDPKAB": "34.03", "KDPPUM": "34", "LUASWH": 0.0, "TIPADM": 1.0, "WADMKC": "Girisubo", "WADMKD": "Jepitu", "WADMKK": "Gunungkidul", "WADMPR": "Daerah Istimewa Yogyakarta", "WIADKC": null, "WIADKK": null, "WIADPR": null, "WIADKD": null, "UUPP": "Data dari Pemerintah Daerah", "LUAS": 16.22999637 }, "geometry": { "type": "MultiLineString", "coordinates": [ [ [ 110.721259734000071, -8.198064105999983, 0.0 ], [ 110.721266398000097, -8.197960842999965, 0.0 ], [ 110.721260770594, -8.197908802903022, 0.0 ] ] ] } },
{ "type": "Feature", "properties": { "FID_Garis_": 2680, "OBJECTID": 32908, "NAMOBJ": "Garis Pantai", "FCODE": "DB02080140", "REMARK": null, "METADATA": null, "SRS_ID": "4326", "DTMVER": 2, "ELEVAS": 0.0, "KARGPN": 3, "TIPGPN": 4, "KODGPN": null, "THNSBDATA": "2025", "SBDATA": 6, "SKL": 6, "THNPBL": "2025", "KET": null, "SHAPE_Leng": 0.00780375945, "FID_Batas_": 7369, "OBJECTID_1": 9083.0, "NAMOBJ_1": "Jepitu", "FCODE_1": "BA03070040", "REMARK_1": null, "METADATA_1": "TASWIL1000020221227_DATA_BATAS_DESAKELURAHAN", "SRS_ID_1": "4326", "KDBBPS": null, "KDCBPS": null, "KDCPUM": "34.03.16", "KDEBPS": null, "KDEPUM": "34.03.16.2002", "KDPBPS": null, "KDPKAB": "34.03", "KDPPUM": "34", "LUASWH": 0.0, "TIPADM": 1.0, "WADMKC": "Girisubo", "WADMKD": "Jepitu", "WADMKK": "Gunungkidul", "WADMPR": "Daerah Istimewa Yogyakarta", "WIADKC": null, "WIADKK": null, "WIADPR": null, "WIADKD": null, "UUPP": "Data dari Pemerintah Daerah", "LUAS": 16.22999637 }, "geometry": { "type": "MultiLineString", "coordinates": [ [ [ 110.718331597787284, -8.198722935913363, 0.0 ], [ 110.718356487000023, -8.198671913999913, 0.0 ], [ 110.718373352000086, -8.198640741, 0.0 ], [ 110.718401739000029, -8.198611102999944, 0.0 ], [ 110.718412447000034, -8.198594445999987, 0.0 ], [ 110.7184219640001, -8.198577789999941, 0.0 ], [ 110.718429103000076, -8.198561133999895, 0.0 ], [ 110.718435051000128, -8.198545666999948, 0.0 ], [ 110.718440240000021, -8.198531716999948, 0.0 ], [ 110.718451952000095, -8.198513643999963, 0.0 ], [ 110.718460465000092, -8.198504171999978, 0.0 ], [ 110.718484111000095, -8.198477863999933, 0.0 ], [ 110.718490969000044, -8.198458816999956, 0.0 ], [ 110.718498107000102, -8.198449298999968, 0.0 ], [ 110.718504056000057, -8.198439780999891, 0.0 ], [ 110.718515953000065, -8.198414796999955, 0.0 ], [ 110.718534989000048, -8.19839457199997, 0.0 ], [ 110.718549266000068, -8.198379104999933, 0.0 ], [ 110.718558783000063, -8.198369586999945, 0.0 ], [ 110.718571870000076, -8.198360068999957, 0.0 ], [ 110.718586147000011, -8.198351740999978, 0.0 ], [ 110.718613973000089, -8.198333378999969, 0.0 ], [ 110.71868410600004, -8.198300241999981, 0.0 ], [ 110.718711206000052, -8.198290477999972, 0.0 ], [ 110.718917270000048, -8.198243584999911, 0.0 ] ], [ [ 110.720654725826734, -8.198722289295937, 0.0 ], [ 110.720653418, -8.198723783999942, 0.0 ], [ 110.720653418, -8.198730922, 0.0 ], [ 110.720655160761225, -8.198734213846173, 0.0 ] ], [ [ 110.719825538797295, -8.198762251999927, 0.0 ], [ 110.719824493000061, -8.198762251999927, 0.0 ], [ 110.719801650000051, -8.198765106999897, 0.0 ], [ 110.719799037530777, -8.19876837275805, 0.0 ] ], [ [ 110.71994585474792, -8.198854590246398, 0.0 ], [ 110.719935852000049, -8.19883791899997, 0.0 ], [ 110.719928713000073, -8.198819358999945, 0.0 ], [ 110.71992585800011, -8.198805082, 0.0 ], [ 110.719921575000015, -8.19879366099995, 0.0 ], [ 110.719911581000076, -8.198779384000012, 0.0 ], [ 110.719893022000051, -8.198770817999925, 0.0 ], [ 110.719870179000026, -8.198765106999897, 0.0 ], [ 110.71985211758917, -8.19876310041078, 0.0 ] ], [ [ 110.719740263680023, -8.198783776586573, 0.0 ], [ 110.719723128000027, -8.198785094999952, 0.0 ], [ 110.719707349923681, -8.198794444698301, 0.0 ] ], [ [ 110.719991989093685, -8.198916158193938, 0.0 ], [ 110.719991531000034, -8.198915012999954, 0.0 ], [ 110.719990939500121, -8.198914470803267, 0.0 ] ], [ [ 110.718237803062053, -8.199599066155763, 0.0 ], [ 110.718199961000039, -8.199603694999915, 0.0 ], [ 110.718185684, -8.199610832999973, 0.0 ], [ 110.718173911000093, -8.199624476999947, 0.0 ] ] ] } },
{ "type": "Feature", "properties": { "FID_Garis_": 2681, "OBJECTID": 32909, "NAMOBJ": "Garis Pantai", "FCODE": "DB02080140", "REMARK": null, "METADATA": null, "SRS_ID": "4326", "DTMVER": 2, "ELEVAS": 0.0, "KARGPN": 5, "TIPGPN": 4, "KODGPN": null, "THNSBDATA": "2025", "SBDATA": 6, "SKL": 6, "THNPBL": "2025", "KET": null, "SHAPE_Leng": 0.00100905632, "FID_Batas_": 7369, "OBJECTID_1": 9083.0, "NAMOBJ_1": "Jepitu", "FCODE_1": "BA03070040", "REMARK_1": null, "METADATA_1": "TASWIL1000020221227_DATA_BATAS_DESAKELURAHAN", "SRS_ID_1": "4326", "KDBBPS": null, "KDCBPS": null, "KDCPUM": "34.03.16", "KDEBPS": null, "KDEPUM": "34.03.16.2002", "KDPBPS": null, "KDPKAB": "34.03", "KDPPUM": "34", "LUASWH": 0.0, "TIPADM": 1.0, "WADMKC": "Girisubo", "WADMKD": "Jepitu", "WADMKK": "Gunungkidul", "WADMPR": "Daerah Istimewa Yogyakarta", "WIADKC": null, "WIADKK": null, "WIADPR": null, "WIADKD": null, "UUPP": "Data dari Pemerintah Daerah", "LUAS": 16.22999637 }, "geometry": { "type": "MultiLineString", "coordinates": [ [ [ 110.718791407098081, -8.197756663637481, 0.0 ], [ 110.718791008, -8.197756592999941, 0.0 ], [ 110.718754197000067, -8.197756478999931, 0.0 ], [ 110.718733971000077, -8.19776123799997, 0.0 ], [ 110.718705586000041, -8.197774083999967, 0.0 ], [ 110.718661032707331, -8.19778200213527, 0.0 ] ], [ [ 110.718917270000048, -8.198243584999911, 0.0 ], [ 110.718927577000017, -8.198241497999916, 0.0 ], [ 110.718959405851848, -8.198230565430489, 0.0 ] ] ] } },
{ "type": "Feature", "properties": { "FID_Garis_": 2682, "OBJECTID": 32910, "NAMOBJ": "Garis Pantai", "FCODE": "DB02080140", "REMARK": null, "METADATA": null, "SRS_ID": "4326", "DTMVER": 2, "ELEVAS": 0.0, "KARGPN": 3, "TIPGPN": 4, "KODGPN": null, "THNSBDATA": "2025", "SBDATA": 6, "SKL": 6, "THNPBL": "2025", "KET": null, "SHAPE_Leng": 0.01051214432, "FID_Batas_": 7369, "OBJECTID_1": 9083.0, "NAMOBJ_1": "Jepitu", "FCODE_1": "BA03070040", "REMARK_1": null, "METADATA_1": "TASWIL1000020221227_DATA_BATAS_DESAKELURAHAN", "SRS_ID_1": "4326", "KDBBPS": null, "KDCBPS": null, "KDCPUM": "34.03.16", "KDEBPS": null, "KDEPUM": "34.03.16.2002", "KDPBPS": null, "KDPKAB": "34.03", "KDPPUM": "34", "LUASWH": 0.0, "TIPADM": 1.0, "WADMKC": "Girisubo", "WADMKD": "Jepitu", "WADMKK": "Gunungkidul", "WADMPR": "Daerah Istimewa Yogyakarta", "WIADKC": null, "WIADKK": null, "WIADPR": null, "WIADKD": null, "UUPP": "Data dari Pemerintah Daerah", "LUAS": 16.22999637 }, "geometry": { "type": "MultiLineString", "coordinates": [ [ [ 110.715196110764197, -8.197129059802624, 0.0 ], [ 110.715184252000086, -8.197093481999964, 0.0 ], [ 110.71517996900009, -8.197083488999937, 0.0 ], [ 110.715169975000066, -8.197069212, 0.0 ], [ 110.715162836, -8.197059217999971, 0.0 ], [ 110.71515801433037, -8.197055200129491, 0.0 ] ], [ [ 110.715400912323105, -8.197438596548992, 0.0 ], [ 110.71539983100007, -8.197436124999982, 0.0 ], [ 110.715379843000022, -8.197406142999988, 0.0 ], [ 110.715357, -8.197380445, 0.0 ], [ 110.715341296000119, -8.197360457999938, 0.0 ], [ 110.715325592000056, -8.197334759999944, 0.0 ], [ 110.715314170000099, -8.197317627999947, 0.0 ], [ 110.715284189000016, -8.197280507999984, 0.0 ], [ 110.715269912000082, -8.19725481, 0.0 ], [ 110.715259918000044, -8.197233395, 0.0 ], [ 110.715251352000053, -8.197216261999909, 0.0 ], [ 110.715239931000085, -8.197201985999882, 0.0 ], [ 110.715233182766198, -8.197192783667475, 0.0 ] ], [ [ 110.713316067716647, -8.197631673892616, 0.0 ], [ 110.713325298000115, -8.19761369199993, 0.0 ], [ 110.713338385000043, -8.197604173999942, 0.0 ] ], [ [ 110.717499465408281, -8.198011444913291, 0.0 ], [ 110.717498515000088, -8.197991490999925, 0.0 ], [ 110.717495660000026, -8.197971502999959, 0.0 ], [ 110.71749137700003, -8.197955798999903, 0.0 ], [ 110.717484239000058, -8.197941521999965, 0.0 ], [ 110.717481383000091, -8.197924389999969, 0.0 ], [ 110.717481383000091, -8.197912969, 0.0 ], [ 110.71748281100011, -8.197894408999975, 0.0 ], [ 110.717477100000082, -8.19787442099992, 0.0 ], [ 110.717472817, -8.197865855000011, 0.0 ], [ 110.717471390000057, -8.197845867999956, 0.0 ], [ 110.717471390000057, -8.197828735999959, 0.0 ], [ 110.717474245000034, -8.197804464999905, 0.0 ], [ 110.717482351000086, -8.197776675999915, 0.0 ], [ 110.717477845000062, -8.197741011999895, 0.0 ], [ 110.717464251000095, -8.197721659999981, 0.0 ], [ 110.717449974000061, -8.197708810999895, 0.0 ], [ 110.717431303000026, -8.197696385999933, 0.0 ], [ 110.71740999900004, -8.19768453999993, 0.0 ], [ 110.717404538927468, -8.197684085206305, 0.0 ] ], [ [ 110.718438862996535, -8.197823516689642, 0.0 ], [ 110.718416313, -8.197826673999966, 0.0 ], [ 110.718377052000037, -8.197832621999925, 0.0 ], [ 110.718352068000101, -8.197839760999983, 0.0 ], [ 110.718342550000017, -8.197843329999923, 0.0 ], [ 110.718324704000054, -8.19785641699994, 0.0 ], [ 110.718309237000113, -8.197875452999916, 0.0 ], [ 110.718298530000112, -8.197892108999962, 0.0 ], [ 110.718295175299318, -8.197894792610185, 0.0 ] ], [ [ 110.716446235198219, -8.198090904752888, 0.0 ], [ 110.716434896000095, -8.198084289999965, 0.0 ], [ 110.716419192000046, -8.198084289999965, 0.0 ], [ 110.716418902171085, -8.198084434914445, 0.0 ] ], [ [ 110.716702828472307, -8.198184602249139, 0.0 ], [ 110.71670044400004, -8.198175660999976, 0.0 ], [ 110.716699016000106, -8.19815424599998, 0.0 ], [ 110.716696161000044, -8.198142824999923, 0.0 ], [ 110.716687595000053, -8.198127119999956, 0.0 ], [ 110.716671891, -8.198119981999987, 0.0 ], [ 110.716663325000084, -8.198119981999987, 0.0 ], [ 110.716648392418961, -8.198131180782156, 0.0 ] ], [ [ 110.717061713740208, -8.198306786675804, 0.0 ], [ 110.717043087000064, -8.198318428999887, 0.0 ], [ 110.717028810000031, -8.198328423, 0.0 ], [ 110.717011678000034, -8.198331277999973, 0.0 ], [ 110.71698312400008, -8.198326994999974, 0.0 ], [ 110.716957426000079, -8.198318428999887, 0.0 ], [ 110.716937438000031, -8.198315572999917, 0.0 ], [ 110.716914596, -8.198318428999887, 0.0 ], [ 110.716890325000037, -8.198325566999944, 0.0 ], [ 110.716871765000093, -8.198336988999912, 0.0 ], [ 110.716857489000063, -8.198339843999971, 0.0 ], [ 110.716846067000105, -8.198335560999972, 0.0 ], [ 110.716836073000081, -8.198317000999946, 0.0 ], [ 110.716820369000018, -8.198292730999981, 0.0 ], [ 110.71681037500008, -8.198277026000014, 0.0 ], [ 110.716794671000031, -8.198261321999958, 0.0 ], [ 110.716778966000049, -8.198245616999902, 0.0 ], [ 110.71675897900009, -8.198234195999934, 0.0 ], [ 110.716741847, -8.198228485, 0.0 ], [ 110.716740241975273, -8.198227497339019, 0.0 ] ], [ [ 110.713953632651453, -8.198318378266602, 0.0 ], [ 110.713940339000018, -8.198308548999957, 0.0 ], [ 110.713921948000092, -8.198315037999961, 0.0 ], [ 110.713904815, -8.19832360399996, 0.0 ], [ 110.713893394000053, -8.198332169999958, 0.0 ], [ 110.713888746890945, -8.198340690061592, 0.0 ] ] ] } },
{ "type": "Feature", "properties": { "FID_Garis_": 2683, "OBJECTID": 32911, "NAMOBJ": "Garis Pantai", "FCODE": "DB02080140", "REMARK": null, "METADATA": null, "SRS_ID": "4326", "DTMVER": 2, "ELEVAS": 0.0, "KARGPN": 5, "TIPGPN": 4, "KODGPN": null, "THNSBDATA": "2025", "SBDATA": 6, "SKL": 6, "THNPBL": "2025", "KET": null, "SHAPE_Leng": 0.00251176405, "FID_Batas_": 7369, "OBJECTID_1": 9083.0, "NAMOBJ_1": "Jepitu", "FCODE_1": "BA03070040", "REMARK_1": null, "METADATA_1": "TASWIL1000020221227_DATA_BATAS_DESAKELURAHAN", "SRS_ID_1": "4326", "KDBBPS": null, "KDCBPS": null, "KDCPUM": "34.03.16", "KDEBPS": null, "KDEPUM": "34.03.16.2002", "KDPBPS": null, "KDPKAB": "34.03", "KDPPUM": "34", "LUASWH": 0.0, "TIPADM": 1.0, "WADMKC": "Girisubo", "WADMKD": "Jepitu", "WADMKK": "Gunungkidul", "WADMPR": "Daerah Istimewa Yogyakarta", "WIADKC": null, "WIADKK": null, "WIADPR": null, "WIADKD": null, "UUPP": "Data dari Pemerintah Daerah", "LUAS": 16.22999637 }, "geometry": { "type": "MultiLineString", "coordinates": [ [ [ 110.713338385000043, -8.197604173999942, 0.0 ], [ 110.713297934000067, -8.197588708, 0.0 ], [ 110.713250345000034, -8.197578, 0.0 ], [ 110.713203945000117, -8.197570861999939, 0.0 ], [ 110.713165874000069, -8.1975661029999, 0.0 ], [ 110.713106387000039, -8.1975661029999, 0.0 ], [ 110.713074265000046, -8.197568481999919, 0.0 ], [ 110.713014778000087, -8.197572050999948, 0.0 ], [ 110.712981466000087, -8.197579189999917, 0.0 ], [ 110.712898412613967, -8.197583616116813, 0.0 ] ], [ [ 110.7127564239359, -8.197587724234214, 0.0 ], [ 110.712697627000054, -8.197589254999951, 0.0 ], [ 110.712627447000017, -8.197591082000013, 0.0 ] ] ] } },
{ "type": "Feature", "properties": { "FID_Garis_": 2684, "OBJECTID": 32912, "NAMOBJ": "Garis Pantai", "FCODE": "DB02080140", "REMARK": null, "METADATA": null, "SRS_ID": "4326", "DTMVER": 2, "ELEVAS": 0.0, "KARGPN": 3, "TIPGPN": 4, "KODGPN": null, "THNSBDATA": "2025", "SBDATA": 6, "SKL": 6, "THNPBL": "2025", "KET": null, "SHAPE_Leng": 0.01916602862, "FID_Batas_": 7369, "OBJECTID_1": 9083.0, "NAMOBJ_1": "Jepitu", "FCODE_1": "BA03070040", "REMARK_1": null, "METADATA_1": "TASWIL1000020221227_DATA_BATAS_DESAKELURAHAN", "SRS_ID_1": "4326", "KDBBPS": null, "KDCBPS": null, "KDCPUM": "34.03.16", "KDEBPS": null, "KDEPUM": "34.03.16.2002", "KDPBPS": null, "KDPKAB": "34.03", "KDPPUM": "34", "LUASWH": 0.0, "TIPADM": 1.0, "WADMKC": "Girisubo", "WADMKD": "Jepitu", "WADMKK": "Gunungkidul", "WADMPR": "Daerah Istimewa Yogyakarta", "WIADKC": null, "WIADKK": null, "WIADPR": null, "WIADKD": null, "UUPP": "Data dari Pemerintah Daerah", "LUAS": 16.22999637 }, "geometry": { "type": "MultiLineString", "coordinates": [ [ [ 110.707806741000027, -8.193873286999978, 0.0 ], [ 110.707833416000113, -8.193867722999961, 0.0 ], [ 110.707887303000035, -8.193842279999988, 0.0 ], [ 110.707906339, -8.193820865, 0.0 ], [ 110.707920616000038, -8.19379945, 0.0 ], [ 110.707922995000061, -8.193754239999986, 0.0 ], [ 110.707922995000061, -8.193718547999964, 0.0 ], [ 110.707913477000062, -8.193701892, 0.0 ], [ 110.707899201000131, -8.193670958999935, 0.0 ], [ 110.70789206200007, -8.193630507999963, 0.0 ], [ 110.70789206200007, -8.193587677999972, 0.0 ], [ 110.70789206200007, -8.193544846999981, 0.0 ], [ 110.707899201000131, -8.193513913999908, 0.0 ], [ 110.707927754000096, -8.193471083999917, 0.0 ], [ 110.707980102000079, -8.193430632999945, 0.0 ], [ 110.70804193900004, -8.193393802999918, 0.0 ], [ 110.708062462000044, -8.193374171999981, 0.0 ], [ 110.708085623000017, -8.19334398899997, 0.0 ], [ 110.708090123000034, -8.193325988, 0.0 ], [ 110.708082419000021, -8.193297382999933, 0.0 ], [ 110.708051486000031, -8.193254552999942, 0.0 ], [ 110.708037209000096, -8.193245034999954, 0.0 ], [ 110.708022933000066, -8.193233137999947, 0.0 ], [ 110.70802055300004, -8.19321410199997, 0.0 ], [ 110.708027691000012, -8.193195067, 0.0 ], [ 110.708044348000058, -8.193183168999987, 0.0 ], [ 110.708056245000066, -8.193176030999929, 0.0 ], [ 110.708104230000046, -8.193160955999925, 0.0 ], [ 110.708134767000075, -8.193130820999919, 0.0 ], [ 110.708160941000116, -8.193118924, 0.0 ], [ 110.708177598000077, -8.193111784999942, 0.0 ], [ 110.708218408000079, -8.193099349999979, 0.0 ], [ 110.708318915410644, -8.193040179654822, 0.0 ] ], [ [ 110.70904798701018, -8.193042216805893, 0.0 ], [ 110.70935844635099, -8.193142152747992, 0.0 ] ], [ [ 110.707424864225558, -8.194031021350536, 0.0 ], [ 110.707442379000085, -8.19403409099996, 0.0 ], [ 110.707493463000048, -8.194032875999948, 0.0 ], [ 110.707535143000115, -8.194025497999959, 0.0 ], [ 110.707549420000049, -8.194008842, 0.0 ], [ 110.70757559400009, -8.193985047999988, 0.0 ], [ 110.707579309337376, -8.193982261334334, 0.0 ] ], [ [ 110.707406807513522, -8.194260598459415, 0.0 ], [ 110.707411411000095, -8.194246787999973, 0.0 ], [ 110.707411411000095, -8.194225372999977, 0.0 ], [ 110.707411411000095, -8.194201578999962, 0.0 ], [ 110.707411411000095, -8.194182542999986, 0.0 ], [ 110.707408448730462, -8.194175630760938, 0.0 ] ], [ [ 110.707383470254641, -8.194297131176533, 0.0 ], [ 110.707401893000025, -8.194275341999937, 0.0 ], [ 110.707404950293366, -8.19426617011997, 0.0 ] ], [ [ 110.707014655936263, -8.195577704907056, 0.0 ], [ 110.707016421, -8.195574527999963, 0.0 ], [ 110.707028318000113, -8.195536455999921, 0.0 ], [ 110.707030697000036, -8.195503143999918, 0.0 ], [ 110.707037836000012, -8.195465071999966, 0.0 ], [ 110.707049733000105, -8.195438897999932, 0.0 ], [ 110.707059251000089, -8.19539606799994, 0.0 ], [ 110.707068769000074, -8.195360375999918, 0.0 ], [ 110.707068769000074, -8.195331822999954, 0.0 ], [ 110.707071148000097, -8.195303268999989, 0.0 ], [ 110.707059251000089, -8.195281854, 0.0 ], [ 110.707049733000105, -8.195258058999979, 0.0 ], [ 110.707054492000054, -8.195219987999938, 0.0 ], [ 110.707087804000054, -8.195177157999947, 0.0 ], [ 110.707113978000081, -8.195150983999913, 0.0 ], [ 110.707133014000064, -8.195115291999979, 0.0 ], [ 110.707147291000098, -8.195086737999926, 0.0 ], [ 110.707163947000055, -8.195043907999935, 0.0 ], [ 110.70716870600009, -8.195017734, 0.0 ], [ 110.70716870600009, -8.194977282999929, 0.0 ], [ 110.70716870600009, -8.194946349999945, 0.0 ], [ 110.707173465000039, -8.194905898999973, 0.0 ], [ 110.707180603000012, -8.194872586999971, 0.0 ], [ 110.707194880000117, -8.194824996999941, 0.0 ], [ 110.707194880000117, -8.194801202999926, 0.0 ], [ 110.707209157000051, -8.194777407999911, 0.0 ], [ 110.707232952000069, -8.194755992999916, 0.0 ], [ 110.707249608000026, -8.19473695699994, 0.0 ], [ 110.707256746, -8.194708403999886, 0.0 ], [ 110.707259126000025, -8.194679849999922, 0.0 ], [ 110.707247228000099, -8.194658434999926, 0.0 ], [ 110.707237710000115, -8.194629881999962, 0.0 ], [ 110.707235331000092, -8.194603707999928, 0.0 ], [ 110.707244849000077, -8.194560876999937, 0.0 ], [ 110.707251987000049, -8.19454184199996, 0.0 ], [ 110.707263884000056, -8.194522805999984, 0.0 ], [ 110.707271023000033, -8.194501390999989, 0.0 ], [ 110.707271023000033, -8.194482271440187, 0.0 ] ], [ [ 110.706724016753597, -8.196152752844057, 0.0 ], [ 110.706761297000043, -8.19612912400002, 0.0 ], [ 110.706817564000076, -8.19609941499996, 0.0 ], [ 110.706823905000064, -8.19609738999997, 0.0 ], [ 110.706883282, -8.196067393999975, 0.0 ], [ 110.706933139000043, -8.19606469699993, 0.0 ], [ 110.706954555000038, -8.196055178999941, 0.0 ], [ 110.706964072000034, -8.196043280999934, 0.0 ], [ 110.706973590000104, -8.196019486999919, 0.0 ], [ 110.706971211000081, -8.195998071999924, 0.0 ], [ 110.706968831000069, -8.195983794999986, 0.0 ], [ 110.706964072000034, -8.195957620999952, 0.0 ], [ 110.706952950000087, -8.195930538999932, 0.0 ], [ 110.70695212314115, -8.19592888898212, 0.0 ] ], [ [ 110.706134676034083, -8.197024574858904, 0.0 ], [ 110.706145062000033, -8.196974720999908, 0.0 ], [ 110.706149821000068, -8.196936649999955, 0.0 ], [ 110.706168857000051, -8.196889061000014, 0.0 ], [ 110.706199790000113, -8.196843850999915, 0.0 ], [ 110.706221205000119, -8.196805779999963, 0.0 ], [ 110.706249758000084, -8.196727256999949, 0.0 ], [ 110.706254517000033, -8.196689186, 0.0 ], [ 110.706257598673702, -8.196662992097838, 0.0 ] ], [ [ 110.706137988344153, -8.197065593435884, 0.0 ], [ 110.706133787792425, -8.19703618780844, 0.0 ] ], [ [ 110.70662648786525, -8.19773141229895, 0.0 ], [ 110.706626576000076, -8.19773118899997, 0.0 ], [ 110.706668119000057, -8.197668469999932, 0.0 ], [ 110.706707403000024, -8.19763169899991, 0.0 ], [ 110.706730261000047, -8.197619725999985, 0.0 ], [ 110.70677844500004, -8.197607232999928, 0.0 ], [ 110.706827967000052, -8.19757672499998, 0.0 ], [ 110.706854141000079, -8.197543412999977, 0.0 ], [ 110.706868418000028, -8.197519617999962, 0.0 ], [ 110.70687079800004, -8.197488684999978, 0.0 ], [ 110.70687079800004, -8.197457751999906, 0.0 ], [ 110.70687079800004, -8.197426818999922, 0.0 ], [ 110.70687079800004, -8.197393506999919, 0.0 ], [ 110.706875556000085, -8.197362573999936, 0.0 ], [ 110.706875556000085, -8.197334019999971, 0.0 ], [ 110.706873177000062, -8.197298327999949, 0.0 ], [ 110.706854141000079, -8.197255497999958, 0.0 ], [ 110.706825588000029, -8.197205529, 0.0 ], [ 110.706816070000045, -8.197179354999964, 0.0 ], [ 110.706792275000026, -8.197143662999942, 0.0 ], [ 110.706775619000069, -8.197122247999946, 0.0 ], [ 110.706751824000051, -8.197105591999989, 0.0 ], [ 110.706732789000085, -8.197096073999912, 0.0 ], [ 110.706711374000079, -8.197086555999924, 0.0 ], [ 110.706687579000061, -8.197072278999897, 0.0 ], [ 110.706654267000062, -8.197062760999909, 0.0 ], [ 110.706632851000066, -8.19705562299994, 0.0 ], [ 110.706592401000094, -8.197050864, 0.0 ], [ 110.706578686000029, -8.197044478999906, 0.0 ], [ 110.706547485000016, -8.197046360999973, 0.0 ], [ 110.706529999000082, -8.197054628999947, 0.0 ], [ 110.706494694000099, -8.197073638999921, 0.0 ], [ 110.706452012000028, -8.19710321199997, 0.0 ], [ 110.706423459000064, -8.197119868999927, 0.0 ], [ 110.706402044000072, -8.197127006999985, 0.0 ], [ 110.706378249000053, -8.197129386, 0.0 ], [ 110.706352075000012, -8.197131765999934, 0.0 ], [ 110.706335419000055, -8.197119868999927, 0.0 ], [ 110.706333039000043, -8.197098452999931, 0.0 ], [ 110.706335419000055, -8.197086555999924, 0.0 ], [ 110.706335419000055, -8.197072278999897, 0.0 ], [ 110.706323522000048, -8.197065140999928, 0.0 ], [ 110.706299727000044, -8.197065140999928, 0.0 ], [ 110.706266414000126, -8.197081796999974, 0.0 ], [ 110.70623548100005, -8.197093693999893, 0.0 ], [ 110.706199790000113, -8.197093693999893, 0.0 ], [ 110.706168857000051, -8.197093693999893, 0.0 ], [ 110.706145436085421, -8.197083935695684, 0.0 ] ], [ [ 110.70669020478482, -8.198274612443193, 0.0 ], [ 110.706705277000111, -8.198219349999949, 0.0 ], [ 110.706720917000069, -8.198174951999917, 0.0 ], [ 110.706716133000029, -8.198138277999902, 0.0 ], [ 110.706711374000079, -8.198121621999945, 0.0 ], [ 110.706706164040597, -8.198117714439093, 0.0 ] ], [ [ 110.706690485807314, -8.198959681286535, 0.0 ], [ 110.706705405000037, -8.198961670999907, 0.0 ], [ 110.706747284000031, -8.198957862999947, 0.0 ], [ 110.706802487000076, -8.198946441999979, 0.0 ], [ 110.706823426000113, -8.198933116999942, 0.0 ], [ 110.706857669000016, -8.198914041999963, 0.0 ], [ 110.706888148000047, -8.198866491999937, 0.0 ], [ 110.706897666000131, -8.19885126299992, 0.0 ], [ 110.70691402100006, -8.198830697999906, 0.0 ], [ 110.706939735000063, -8.198810627999933, 0.0 ], [ 110.706945255000079, -8.198763698999958, 0.0 ], [ 110.706947158000048, -8.19874276, 0.0 ], [ 110.706943351000092, -8.198731338999945, 0.0 ], [ 110.706933833000022, -8.198714206999949, 0.0 ], [ 110.706918605000084, -8.198687556999964, 0.0 ], [ 110.706872919000034, -8.198653291999971, 0.0 ], [ 110.706862576661408, -8.198645535500617, 0.0 ] ], [ [ 110.706190043302897, -8.199090607697137, 0.0 ], [ 110.7062123810001, -8.199068269999934, 0.0 ], [ 110.706252356000022, -8.199049234999958, 0.0 ], [ 110.706284716000042, -8.199041619999949, 0.0 ], [ 110.706307559000066, -8.199041619999949, 0.0 ], [ 110.706318981000038, -8.199051137999938, 0.0 ], [ 110.706332306000064, -8.19906256, 0.0 ], [ 110.706358956000059, -8.199068269999934, 0.0 ], [ 110.70638560600004, -8.199066366999954, 0.0 ], [ 110.706397027, -8.199060656000015, 0.0 ], [ 110.706416063000077, -8.199047330999978, 0.0 ], [ 110.706444900951738, -8.199023106975147, 0.0 ] ], [ [ 110.711471495262217, -8.199026248735066, 0.0 ], [ 110.711471168000088, -8.199049428999974, 0.0 ], [ 110.711474643000116, -8.199067204999935, 0.0 ], [ 110.71147743700007, -8.199081493999962, 0.0 ], [ 110.711475416, -8.199101700999947, 0.0 ], [ 110.711470825000063, -8.199118604000013, 0.0 ], [ 110.711455543000042, -8.199129582999944, 0.0 ], [ 110.71145178900008, -8.199150964999937, 0.0 ], [ 110.711449886000111, -8.199163337999984, 0.0 ], [ 110.71144132000002, -8.199177614999922, 0.0 ], [ 110.711430670859784, -8.199191813107767, 0.0 ] ], [ [ 110.71088337797579, -8.199418821278073, 0.0 ], [ 110.710879767, -8.199414609, 0.0 ], [ 110.710871201000103, -8.199404138999924, 0.0 ], [ 110.710866918000107, -8.199397951999945, 0.0 ], [ 110.710858263, -8.199395096999975, 0.0 ], [ 110.71085231400005, -8.199394501999926, 0.0 ], [ 110.710841982, -8.199394357999914, 0.0 ], [ 110.710834468000087, -8.199391527999946, 0.0 ], [ 110.710826735000069, -8.199383199999968, 0.0 ], [ 110.71081781200003, -8.199368327999892, 0.0 ], [ 110.710808889000091, -8.199362379999933, 0.0 ], [ 110.71079699100008, -8.19936, 0.0 ], [ 110.710772364, -8.199358572999884, 0.0 ], [ 110.710766653000064, -8.199350005999975, 0.0 ], [ 110.710756660000044, -8.199341439999976, 0.0 ], [ 110.710748094000039, -8.199335729999948, 0.0 ], [ 110.710735244000034, -8.199337156999977, 0.0 ], [ 110.710729534, -8.199354289999974, 0.0 ], [ 110.71072382300008, -8.19937427699994, 0.0 ], [ 110.710713829000042, -8.199388553999967, 0.0 ], [ 110.710708065510445, -8.199389994746156, 0.0 ] ], [ [ 110.710672235334115, -8.199383057000578, 0.0 ], [ 110.710656722000024, -8.19937142199997, 0.0 ], [ 110.710638162000095, -8.19936, 0.0 ], [ 110.710621030000098, -8.199354289999974, 0.0 ], [ 110.710598188000063, -8.199352861999945, 0.0 ], [ 110.710575345000052, -8.199361427999943, 0.0 ], [ 110.710552502000013, -8.199379987999968, 0.0 ], [ 110.710539653000112, -8.199392836999966, 0.0 ], [ 110.710539194309774, -8.199393688840342, 0.0 ] ], [ [ 110.711100617424535, -8.199398752123024, 0.0 ], [ 110.711091063000083, -8.199392717999956, 0.0 ], [ 110.711079642000115, -8.199392717999956, 0.0 ], [ 110.711067269000068, -8.199398428999896, 0.0 ], [ 110.711049185, -8.199406994999983, 0.0 ], [ 110.711035860000038, -8.199406994999983, 0.0 ], [ 110.711021825914415, -8.199413598765428, 0.0 ] ], [ [ 110.706598890923985, -8.199636180337002, 0.0 ], [ 110.706598306000046, -8.199635925999917, 0.0 ], [ 110.706566183000064, -8.199610941999893, 0.0 ], [ 110.706530491000038, -8.199590717, 0.0 ], [ 110.706511455000054, -8.199580008999909, 0.0 ], [ 110.706497179000038, -8.199571680999931, 0.0 ], [ 110.70648766100004, -8.199566921999981, 0.0 ], [ 110.706475455000103, -8.19955213, 0.0 ], [ 110.706451969000028, -8.199544316999976, 0.0 ], [ 110.706438882000015, -8.199541937999957, 0.0 ], [ 110.706421036000037, -8.199550265999935, 0.0 ], [ 110.706405569000097, -8.199564542999962, 0.0 ], [ 110.706398431000125, -8.19957524999996, 0.0 ], [ 110.706386803000044, -8.199607882, 0.0 ], [ 110.706377016000033, -8.199635925999917, 0.0 ], [ 110.706377016000033, -8.199653771999973, 0.0 ], [ 110.706373447, -8.199663289999961, 0.0 ], [ 110.706362739000014, -8.199668049, 0.0 ], [ 110.706355601000041, -8.199672807999949, 0.0 ], [ 110.70635114459688, -8.199678935437262, 0.0 ] ], [ [ 110.707212598809122, -8.199717696725575, 0.0 ], [ 110.707193409000084, -8.199698505999944, 0.0 ], [ 110.707176277000087, -8.199687084999976, 0.0 ], [ 110.707159145, -8.199673759999939, 0.0 ], [ 110.707122887000111, -8.199664686999899, 0.0 ], [ 110.707021888000014, -8.199630569999918, 0.0 ], [ 110.706979127000039, -8.199616125999967, 0.0 ], [ 110.706943545000016, -8.199613368, 0.0 ], [ 110.706888285000062, -8.199632066999953, 0.0 ], [ 110.706861023335492, -8.199632854174457, 0.0 ] ], [ [ 110.70685084298276, -8.199630694987849, 0.0 ], [ 110.706840556000117, -8.19962749099993, 0.0 ], [ 110.70683581684473, -8.199627508041765, 0.0 ] ], [ [ 110.707707803567743, -8.200035153478993, 0.0 ], [ 110.70770718200005, -8.200012423999983, 0.0 ], [ 110.707701879000055, -8.199974860999895, 0.0 ], [ 110.707692377000072, -8.199938134999964, 0.0 ], [ 110.707678798000103, -8.199902712999965, 0.0 ], [ 110.707654682000054, -8.199861177999903, 0.0 ], [ 110.707642842000055, -8.19984087099991, 0.0 ], [ 110.707627762000058, -8.199822839000017, 0.0 ], [ 110.707609871000088, -8.19980759299991, 0.0 ], [ 110.707589674000104, -8.199795565999981, 0.0 ], [ 110.707567745000063, -8.199787097999902, 0.0 ], [ 110.70754470700011, -8.19978243099996, 0.0 ], [ 110.707521212000032, -8.199781695999988, 0.0 ], [ 110.707497927000063, -8.199784913999988, 0.0 ], [ 110.707475512000073, -8.199791993999952, 0.0 ], [ 110.707468785612448, -8.199794191934142, 0.0 ] ], [ [ 110.710205325083564, -8.20000805664808, 0.0 ], [ 110.71019655700006, -8.200009441999914, 0.0 ], [ 110.710180366000046, -8.200014513999978, 0.0 ], [ 110.710150611000074, -8.200016016999925, 0.0 ], [ 110.710137048000021, -8.200012447999896, 0.0 ], [ 110.71011135000002, -8.200001026999928, 0.0 ], [ 110.71009279, -8.199995315999988, 0.0 ], [ 110.710082796000052, -8.199985322999961, 0.0 ], [ 110.710069329000106, -8.199964228999903, 0.0 ], [ 110.710056530000102, -8.199957001999927, 0.0 ], [ 110.71004282100003, -8.199961051999907, 0.0 ], [ 110.710035683000072, -8.199972472999963, 0.0 ], [ 110.710022834000071, -8.19998960599996, 0.0 ], [ 110.710017123000043, -8.199998171999958, 0.0 ], [ 110.710002846000108, -8.200022442000012, 0.0 ], [ 110.709993007, -8.20003910499997, 0.0 ], [ 110.709980421285309, -8.200069769827092, 0.0 ] ], [ [ 110.707884139654624, -8.200167283263795, 0.0 ], [ 110.707883410000065, -8.200165842999976, 0.0 ], [ 110.707878161000082, -8.200158549, 0.0 ], [ 110.707871850000089, -8.200152151999909, 0.0 ], [ 110.707864627000021, -8.200146805, 0.0 ], [ 110.707856666000083, -8.200142636999921, 0.0 ], [ 110.707848157000086, -8.200139745999948, 0.0 ], [ 110.707839305000064, -8.200138201999909, 0.0 ], [ 110.70783374475846, -8.200141240636096, 0.0 ] ], [ [ 110.708209033621287, -8.200348767494638, 0.0 ], [ 110.708151322000035, -8.200328139, 0.0 ], [ 110.708084526, -8.200318043999957, 0.0 ] ], [ [ 110.708946643544294, -8.200474185388043, 0.0 ], [ 110.708929662000031, -8.200454777999902, 0.0 ], [ 110.708878266000056, -8.200420514, 0.0 ], [ 110.708855423000017, -8.200410995999921, 0.0 ], [ 110.708826869000063, -8.200397670999973, 0.0 ], [ 110.70877928000003, -8.200384345999936, 0.0 ], [ 110.708741209000081, -8.200380538999976, 0.0 ], [ 110.708705041000101, -8.200374827999948, 0.0 ], [ 110.708676487000048, -8.200372924999968, 0.0 ], [ 110.708640319000082, -8.200376731999928, 0.0 ], [ 110.70863848948008, -8.200376862675043, 0.0 ] ], [ [ 110.709387438543914, -8.200628923543754, 0.0 ], [ 110.70937890400009, -8.200620388999926, 0.0 ], [ 110.709374955188849, -8.20061863402394, 0.0 ] ] ] } },
{ "type": "Feature", "properties": { "FID_Garis_": 2685, "OBJECTID": 32913, "NAMOBJ": "Garis Pantai", "FCODE": "DB02080140", "REMARK": null, "METADATA": null, "SRS_ID": "4326", "DTMVER": 2, "ELEVAS": 0.0, "KARGPN": 3, "TIPGPN": 4, "KODGPN": null, "THNSBDATA": "2025", "SBDATA": 6, "SKL": 6, "THNPBL": "2025", "KET": null, "SHAPE_Leng": 0.00803309708, "FID_Batas_": 7369, "OBJECTID_1": 9083.0, "NAMOBJ_1": "Jepitu", "FCODE_1": "BA03070040", "REMARK_1": null, "METADATA_1": "TASWIL1000020221227_DATA_BATAS_DESAKELURAHAN", "SRS_ID_1": "4326", "KDBBPS": null, "KDCBPS": null, "KDCPUM": "34.03.16", "KDEBPS": null, "KDEPUM": "34.03.16.2002", "KDPBPS": null, "KDPKAB": "34.03", "KDPPUM": "34", "LUASWH": 0.0, "TIPADM": 1.0, "WADMKC": "Girisubo", "WADMKD": "Jepitu", "WADMKK": "Gunungkidul", "WADMPR": "Daerah Istimewa Yogyakarta", "WIADKC": null, "WIADKK": null, "WIADPR": null, "WIADKD": null, "UUPP": "Data dari Pemerintah Daerah", "LUAS": 16.22999637 }, "geometry": { "type": "MultiLineString", "coordinates": [ [ [ 110.70987492648068, -8.1859298087155, 0.0 ], [ 110.709874986, -8.185899995999915, 0.0 ] ], [ [ 110.710256955763384, -8.186843203326024, 0.0 ], [ 110.710273427000018, -8.186828104999968, 0.0 ], [ 110.710285324000026, -8.186804309999953, 0.0 ], [ 110.71027937500007, -8.186789438999966, 0.0 ], [ 110.710267478000063, -8.186789438999966, 0.0 ], [ 110.710246658000116, -8.186783489999918, 0.0 ], [ 110.710177461000072, -8.186748837999982, 0.0 ] ], [ [ 110.710378568675836, -8.187713442393409, 0.0 ], [ 110.71040429700011, -8.187654967999904, 0.0 ], [ 110.710410246000066, -8.187592506999977, 0.0 ], [ 110.710432033000089, -8.187488360999975, 0.0 ], [ 110.710431739000057, -8.187422926999979, 0.0 ], [ 110.710421761000035, -8.18732823399996, 0.0 ], [ 110.710398402000067, -8.187222011999964, 0.0 ], [ 110.710371797000079, -8.187164530999915, 0.0 ], [ 110.710326618000067, -8.187110067999939, 0.0 ], [ 110.710281524067568, -8.187047178127429, 0.0 ] ], [ [ 110.710387691904145, -8.187994880964347, 0.0 ], [ 110.710389426000035, -8.187991065999913, 0.0 ], [ 110.710389426000035, -8.187964296999919, 0.0 ], [ 110.710384686393098, -8.187951658402106, 0.0 ] ], [ [ 110.71037885880375, -8.188814755880038, 0.0 ], [ 110.71038978200005, -8.188794728999973, 0.0 ], [ 110.710396921000026, -8.18876141699997, 0.0 ], [ 110.710427036000027, -8.188674551999977, 0.0 ], [ 110.710441020000033, -8.188599366999973, 0.0 ], [ 110.710449660000037, -8.188452480999988, 0.0 ], [ 110.710439989000037, -8.188318241999983, 0.0 ], [ 110.710439989000037, -8.188249832999919, 0.0 ], [ 110.710434040000081, -8.188208191999937, 0.0 ], [ 110.710422143000073, -8.188163576999976, 0.0 ], [ 110.710413220000049, -8.188133833999913, 0.0 ], [ 110.710395732761185, -8.188110517354854, 0.0 ] ], [ [ 110.710057874000128, -8.192676367999976, 0.0 ], [ 110.710089434000082, -8.19261392099996, 0.0 ], [ 110.710130644000017, -8.192496497000015, 0.0 ], [ 110.710162101000051, -8.192317293999931, 0.0 ], [ 110.710235270000055, -8.191969297999915, 0.0 ], [ 110.710251300000053, -8.191912389, 0.0 ], [ 110.710252177000129, -8.191844674, 0.0 ], [ 110.710223505000073, -8.191647822999961, 0.0 ], [ 110.710197730000061, -8.191571729999971, 0.0 ], [ 110.710178100000036, -8.191537823, 0.0 ], [ 110.710148862000011, -8.191472812999958, 0.0 ], [ 110.710142913000055, -8.191428197999908, 0.0 ], [ 110.710148862000011, -8.191395479999954, 0.0 ], [ 110.710169682000057, -8.19136573699998, 0.0 ], [ 110.710190503, -8.191330044999958, 0.0 ], [ 110.710249484000087, -8.191209457999928, 0.0 ], [ 110.710299452000044, -8.191052413, 0.0 ], [ 110.710370836, -8.190827553999949, 0.0 ], [ 110.710413577000068, -8.190717333999977, 0.0 ], [ 110.710452243000077, -8.190634052999926, 0.0 ], [ 110.710476038000081, -8.190568617999929, 0.0 ], [ 110.710499832000011, -8.190497233999974, 0.0 ], [ 110.710511730000022, -8.19041990099997, 0.0 ], [ 110.710517678000073, -8.190372311999941, 0.0 ], [ 110.710524312000089, -8.1902065149999, 0.0 ], [ 110.71049136000002, -8.189786747999985, 0.0 ], [ 110.710482640000095, -8.189737056999959, 0.0 ], [ 110.710459931000088, -8.18940165799992, 0.0 ], [ 110.71046006600001, -8.189196433999903, 0.0 ], [ 110.710454944000034, -8.189136681000022, 0.0 ], [ 110.710430233000025, -8.189056469999958, 0.0 ], [ 110.710418336000117, -8.189027917, 0.0 ], [ 110.71040643900001, -8.189008880999928, 0.0 ], [ 110.71038978200005, -8.188989844999952, 0.0 ], [ 110.710382327909201, -8.188984875489993, 0.0 ] ] ] } },
{ "type": "Feature", "properties": { "FID_Garis_": 2686, "OBJECTID": 32914, "NAMOBJ": "Garis Pantai", "FCODE": "DB02080140", "REMARK": null, "METADATA": null, "SRS_ID": "4326", "DTMVER": 2, "ELEVAS": 0.0, "KARGPN": 5, "TIPGPN": 4, "KODGPN": null, "THNSBDATA": "2025", "SBDATA": 6, "SKL": 6, "THNPBL": "2025", "KET": null, "SHAPE_Leng": 0.00526866699, "FID_Batas_": 7361, "OBJECTID_1": 9075.0, "NAMOBJ_1": "Balong", "FCODE_1": "BA03070040", "REMARK_1": null, "METADATA_1": "TASWIL1000020221227_DATA_BATAS_DESAKELURAHAN", "SRS_ID_1": "4326", "KDBBPS": null, "KDCBPS": null, "KDCPUM": "34.03.16", "KDEBPS": null, "KDEPUM": "34.03.16.2001", "KDPBPS": null, "KDPKAB": "34.03", "KDPPUM": "34", "LUASWH": 0.0, "TIPADM": 1.0, "WADMKC": "Girisubo", "WADMKD": "Balong", "WADMKK": "Gunungkidul", "WADMPR": "Daerah Istimewa Yogyakarta", "WIADKC": null, "WIADKK": null, "WIADPR": null, "WIADKD": null, "UUPP": "Data dari Pemerintah Daerah", "LUAS": 10.55027149 }, "geometry": { "type": "MultiLineString", "coordinates": [ [ [ 110.706156686699188, -8.18335881365039, 0.0 ], [ 110.706149236000016, -8.18336253899993, 0.0 ], [ 110.706124490000022, -8.183387285000023, 0.0 ], [ 110.70609974300001, -8.183398707, 0.0 ], [ 110.706088322000042, -8.183400609999971, 0.0 ], [ 110.706069286000073, -8.183415838999988, 0.0 ], [ 110.706061672000061, -8.183427259999956, 0.0 ], [ 110.706052154000076, -8.183438682000013, 0.0 ], [ 110.706038829000036, -8.183446295999932, 0.0 ], [ 110.706009284000075, -8.183460742999973, 0.0 ] ], [ [ 110.708349251394054, -8.18401220536046, 0.0 ], [ 110.708271340000096, -8.183921509, 0.0 ] ] ] } },
{ "type": "Feature", "properties": { "FID_Garis_": 2686, "OBJECTID": 32914, "NAMOBJ": "Garis Pantai", "FCODE": "DB02080140", "REMARK": null, "METADATA": null, "SRS_ID": "4326", "DTMVER": 2, "ELEVAS": 0.0, "KARGPN": 5, "TIPGPN": 4, "KODGPN": null, "THNSBDATA": "2025", "SBDATA": 6, "SKL": 6, "THNPBL": "2025", "KET": null, "SHAPE_Leng": 0.00526866699, "FID_Batas_": 7369, "OBJECTID_1": 9083.0, "NAMOBJ_1": "Jepitu", "FCODE_1": "BA03070040", "REMARK_1": null, "METADATA_1": "TASWIL1000020221227_DATA_BATAS_DESAKELURAHAN", "SRS_ID_1": "4326", "KDBBPS": null, "KDCBPS": null, "KDCPUM": "34.03.16", "KDEBPS": null, "KDEPUM": "34.03.16.2002", "KDPBPS": null, "KDPKAB": "34.03", "KDPPUM": "34", "LUASWH": 0.0, "TIPADM": 1.0, "WADMKC": "Girisubo", "WADMKD": "Jepitu", "WADMKK": "Gunungkidul", "WADMPR": "Daerah Istimewa Yogyakarta", "WIADKC": null, "WIADKK": null, "WIADPR": null, "WIADKD": null, "UUPP": "Data dari Pemerintah Daerah", "LUAS": 16.22999637 }, "geometry": { "type": "MultiLineString", "coordinates": [ [ [ 110.709874986, -8.185899995999915, 0.0 ], [ 110.70985651800008, -8.185828411999942, 0.0 ], [ 110.709840722000109, -8.185737240999948, 0.0 ], [ 110.70982216200008, -8.185697266000016, 0.0 ], [ 110.709792181000083, -8.185653008, 0.0 ], [ 110.70977219300002, -8.18562731, 0.0 ], [ 110.709741744000084, -8.185597811999958, 0.0 ], [ 110.709704873000049, -8.185578348999947, 0.0 ], [ 110.709695336384996, -8.185576275817343, 0.0 ] ] ] } },
{ "type": "Feature", "properties": { "FID_Garis_": 2687, "OBJECTID": 32915, "NAMOBJ": "Garis Pantai", "FCODE": "DB02080140", "REMARK": null, "METADATA": null, "SRS_ID": "4326", "DTMVER": 2, "ELEVAS": 0.0, "KARGPN": 3, "TIPGPN": 4, "KODGPN": null, "THNSBDATA": "2025", "SBDATA": 6, "SKL": 6, "THNPBL": "2025", "KET": null, "SHAPE_Leng": 0.04376047283, "FID_Batas_": 7361, "OBJECTID_1": 9075.0, "NAMOBJ_1": "Balong", "FCODE_1": "BA03070040", "REMARK_1": null, "METADATA_1": "TASWIL1000020221227_DATA_BATAS_DESAKELURAHAN", "SRS_ID_1": "4326", "KDBBPS": null, "KDCBPS": null, "KDCPUM": "34.03.16", "KDEBPS": null, "KDEPUM": "34.03.16.2001", "KDPBPS": null, "KDPKAB": "34.03", "KDPPUM": "34", "LUASWH": 0.0, "TIPADM": 1.0, "WADMKC": "Girisubo", "WADMKD": "Balong", "WADMKK": "Gunungkidul", "WADMPR": "Daerah Istimewa Yogyakarta", "WIADKC": null, "WIADKK": null, "WIADPR": null, "WIADKD": null, "UUPP": "Data dari Pemerintah Daerah", "LUAS": 10.55027149 }, "geometry": { "type": "MultiLineString", "coordinates": [ [ [ 110.706009284000075, -8.183460742999973, 0.0 ], [ 110.706027408000068, -8.183495788999942, 0.0 ], [ 110.706027042824445, -8.183501630466896, 0.0 ] ], [ [ 110.70588113902997, -8.18370190609933, 0.0 ], [ 110.705842761000071, -8.183714698999935, 0.0 ], [ 110.705818015000062, -8.183722312999944, 0.0 ], [ 110.705795172000037, -8.18373754199996, 0.0 ], [ 110.705768522000056, -8.183762287999965, 0.0 ], [ 110.705746334000082, -8.183806575999899, 0.0 ], [ 110.705709512000055, -8.1838860199999, 0.0 ], [ 110.705704691433169, -8.183904497855057, 0.0 ] ], [ [ 110.705584778000031, -8.184118678999965, 0.0 ], [ 110.705556111000064, -8.18414127599997, 0.0 ], [ 110.705541036000056, -8.184156577, 0.0 ], [ 110.705531074000035, -8.184199453999987, 0.0 ], [ 110.705524803775248, -8.184239940806251, 0.0 ] ], [ [ 110.702715970486182, -8.184454579547786, 0.0 ], [ 110.702714008000015, -8.18442907299989, 0.0 ], [ 110.702711629000078, -8.184402898999945, 0.0 ], [ 110.702709249000065, -8.184376724999911, 0.0 ], [ 110.702716388000027, -8.184343412, 0.0 ], [ 110.702718687000043, -8.184311100999899, 0.0 ], [ 110.702699731000067, -8.184272027999953, 0.0 ], [ 110.702678316000075, -8.184262509999964, 0.0 ], [ 110.70265452200006, -8.184260130999945, 0.0 ], [ 110.702628347000115, -8.184252992999976, 0.0 ], [ 110.70259503500003, -8.18423633599993, 0.0 ], [ 110.702564102000039, -8.184233956999911, 0.0 ], [ 110.702523651000064, -8.184245853999919, 0.0 ], [ 110.702497477000037, -8.184257751999926, 0.0 ], [ 110.702464165000038, -8.184264889999984, 0.0 ], [ 110.702445129000054, -8.184272027999953, 0.0 ], [ 110.702413970957068, -8.184285660411064, 0.0 ] ], [ [ 110.701781161689951, -8.184419001255474, 0.0 ], [ 110.701783639000041, -8.184402898999945, 0.0 ], [ 110.701790777, -8.18437910399993, 0.0 ], [ 110.701790777, -8.184345791999927, 0.0 ], [ 110.70178601800005, -8.184331514999901, 0.0 ], [ 110.701778880000091, -8.184321996999913, 0.0 ], [ 110.701769807000048, -8.18429370199997, 0.0 ], [ 110.701743188000066, -8.184272027999953, 0.0 ], [ 110.701714421405086, -8.184263808726069, 0.0 ] ], [ [ 110.705440206994652, -8.184317429190404, 0.0 ], [ 110.705414662000081, -8.18432781299995, 0.0 ], [ 110.705399230000054, -8.184344779999932, 0.0 ], [ 110.705384518172295, -8.18438189215799, 0.0 ] ], [ [ 110.703347408528302, -8.184569533674981, 0.0 ], [ 110.703335047000053, -8.184562323, 0.0 ], [ 110.703313632000061, -8.184538527999976, 0.0 ], [ 110.703287458000034, -8.184519491999911, 0.0 ], [ 110.703258905000069, -8.184514732999961, 0.0 ], [ 110.703242248, -8.18452187199993, 0.0 ], [ 110.703220833000017, -8.184524250999949, 0.0 ], [ 110.703192280000053, -8.184524250999949, 0.0 ], [ 110.703154208000015, -8.184529009999988, 0.0 ], [ 110.703139030681683, -8.184538766912599, 0.0 ] ], [ [ 110.703565195621906, -8.184611895856388, 0.0 ], [ 110.703553958000043, -8.184605152999982, 0.0 ], [ 110.703513507000082, -8.184595634999905, 0.0 ], [ 110.703451641000115, -8.184583737999986, 0.0 ], [ 110.703427846000096, -8.184581357999967, 0.0 ], [ 110.70339729485022, -8.184581357999967, 0.0 ] ], [ [ 110.703756656312237, -8.184643791928483, 0.0 ], [ 110.7037423740001, -8.184639200999957, 0.0 ], [ 110.703727658000034, -8.184638464999985, 0.0 ], [ 110.703723587099262, -8.184638464999985, 0.0 ] ], [ [ 110.701069998290478, -8.184755412956903, 0.0 ], [ 110.701065042, -8.184755058999951, 0.0 ], [ 110.701029350000056, -8.184752678999931, 0.0 ], [ 110.700996037000067, -8.184745540999963, 0.0 ], [ 110.700965104000076, -8.184743161999943, 0.0 ], [ 110.700912756, -8.18475743799997, 0.0 ], [ 110.700881823000117, -8.184788370999954, 0.0 ], [ 110.700872305000033, -8.184816924999918, 0.0 ], [ 110.700872305000033, -8.184840719999933, 0.0 ], [ 110.700867546, -8.184874031999936, 0.0 ], [ 110.700855649000076, -8.184919241999946, 0.0 ], [ 110.700850890000041, -8.184931138999954, 0.0 ], [ 110.700834879000041, -8.184963108999934, 0.0 ], [ 110.700776006000069, -8.18501053099995, 0.0 ], [ 110.700748923425834, -8.185050688008513, 0.0 ] ], [ [ 110.705061309554651, -8.185031358870312, 0.0 ], [ 110.705048973000117, -8.185039582999956, 0.0 ], [ 110.705028034000065, -8.185051003999924, 0.0 ], [ 110.7049918660001, -8.18506623299994, 0.0 ], [ 110.704963313000036, -8.185077653999908, 0.0 ], [ 110.70492714500007, -8.185083364999937, 0.0 ], [ 110.704879556000037, -8.185079557999888, 0.0 ], [ 110.704858616000081, -8.185077653999908, 0.0 ], [ 110.704826256000075, -8.185071943999969, 0.0 ], [ 110.704805316000034, -8.185073846999948, 0.0 ], [ 110.704772956000014, -8.185081460999957, 0.0 ], [ 110.704734884000061, -8.185087171999985, 0.0 ], [ 110.704698716000081, -8.185085268999917, 0.0 ], [ 110.704658742000063, -8.185085268999917, 0.0 ], [ 110.704641610000067, -8.185085268999917, 0.0 ], [ 110.704606393000091, -8.185090978999945, 0.0 ], [ 110.704588309000101, -8.185096689999973, 0.0 ], [ 110.704559756000052, -8.185100496999933, 0.0 ], [ 110.704533106000071, -8.185108110999941, 0.0 ], [ 110.704491452982325, -8.185127044280218, 0.0 ] ], [ [ 110.699576059319284, -8.185247700004474, 0.0 ], [ 110.699568024000115, -8.185242342999945, 0.0 ], [ 110.699527573000069, -8.185230444999938, 0.0 ], [ 110.699487122000093, -8.185218547999931, 0.0 ], [ 110.699456170834722, -8.185211916071946, 0.0 ] ], [ [ 110.698596548018685, -8.185709856823333, 0.0 ], [ 110.69855675300002, -8.185718234999975, 0.0 ], [ 110.698509163, -8.18573489100002, 0.0 ], [ 110.698465135221241, -8.185762565573587, 0.0 ] ], [ [ 110.693375858247265, -8.185943667084707, 0.0 ], [ 110.693362984000089, -8.185941427999968, 0.0 ], [ 110.693331575000059, -8.185941427999968, 0.0 ], [ 110.693304449000038, -8.185945710999967, 0.0 ], [ 110.693277323000103, -8.185952849999936, 0.0 ], [ 110.693250198000072, -8.185952849999936, 0.0 ], [ 110.69323449300002, -8.185949993999966, 0.0 ], [ 110.69319737400005, -8.185940000999938, 0.0 ], [ 110.693165013000041, -8.185940476999978, 0.0 ], [ 110.693136459000073, -8.185940476999978, 0.0 ], [ 110.693107906000108, -8.185942855999908, 0.0 ], [ 110.693079352000069, -8.185940476999978, 0.0 ], [ 110.693036522000071, -8.18592857899997, 0.0 ], [ 110.692974656000018, -8.185907163999975, 0.0 ], [ 110.692917549000086, -8.185890507999929, 0.0 ], [ 110.692872339000075, -8.18588812799991, 0.0 ], [ 110.692822371000034, -8.185892886999948, 0.0 ], [ 110.69277240200006, -8.185897645999987, 0.0 ], [ 110.692720054000091, -8.185904784999956, 0.0 ], [ 110.692662947000073, -8.185904784999956, 0.0 ], [ 110.692620116000086, -8.185895266999967, 0.0 ], [ 110.69258442400006, -8.185885748999979, 0.0 ], [ 110.692560630000045, -8.185878610999922, 0.0 ], [ 110.692546353000097, -8.185875040999981, 0.0 ], [ 110.692513992, -8.185863382, 0.0 ], [ 110.692503523000113, -8.185862429999915, 0.0 ], [ 110.692486391000031, -8.185862429999915, 0.0 ], [ 110.692473066000076, -8.185866236999964, 0.0 ], [ 110.6924549820001, -8.185876706999942, 0.0 ], [ 110.692449271000072, -8.18588336999996, 0.0 ], [ 110.692448319000079, -8.185891935999958, 0.0 ], [ 110.692448319000079, -8.185900501999956, 0.0 ], [ 110.692450223000051, -8.185910019999945, 0.0 ], [ 110.692456520269332, -8.185933109497281, 0.0 ] ], [ [ 110.693627696159027, -8.185944352995413, 0.0 ], [ 110.693624249000024, -8.185937144999968, 0.0 ], [ 110.693608544000057, -8.185918585999943, 0.0 ], [ 110.693584274, -8.185910019999945, 0.0 ], [ 110.693558576000015, -8.185910019999945, 0.0 ], [ 110.693525739000052, -8.185918585999943, 0.0 ], [ 110.693524533071709, -8.18591900805167, 0.0 ] ], [ [ 110.697853877007958, -8.18594066832409, 0.0 ], [ 110.697829841000015, -8.185930216000017, 0.0 ], [ 110.697788187000029, -8.185920488999923, 0.0 ], [ 110.697762013000087, -8.185918109999903, 0.0 ], [ 110.697745356000041, -8.185930007, 0.0 ], [ 110.697717091000101, -8.185959362999942, 0.0 ], [ 110.697712304352663, -8.185962912626135, 0.0 ] ], [ [ 110.691150779106053, -8.186435493726432, 0.0 ], [ 110.691152980000098, -8.186432191999895, 0.0 ], [ 110.691154884000085, -8.186419818999937, 0.0 ], [ 110.691151077000114, -8.186408397999969, 0.0 ], [ 110.691134896000023, -8.186401734999951, 0.0 ], [ 110.691123829005505, -8.186402144984353, 0.0 ] ], [ [ 110.696938297330192, -8.186597271426113, 0.0 ], [ 110.696929201000017, -8.1865986359999, 0.0 ], [ 110.696893509000077, -8.186603393999938, 0.0 ], [ 110.696893021086908, -8.186603475326439, 0.0 ] ], [ [ 110.696847336698539, -8.186610254406581, 0.0 ], [ 110.696822126000114, -8.186608152999977, 0.0 ], [ 110.696779950000092, -8.186612934000017, 0.0 ], [ 110.696780914000087, -8.18662739799997, 0.0 ], [ 110.69680309000006, -8.18664384499991, 0.0 ], [ 110.696829264000087, -8.186653362999987, 0.0 ], [ 110.69684830000007, -8.186667639999925, 0.0 ], [ 110.696856208333884, -8.186678185183585, 0.0 ] ] ] } },
{ "type": "Feature", "properties": { "FID_Garis_": 2687, "OBJECTID": 32915, "NAMOBJ": "Garis Pantai", "FCODE": "DB02080140", "REMARK": null, "METADATA": null, "SRS_ID": "4326", "DTMVER": 2, "ELEVAS": 0.0, "KARGPN": 3, "TIPGPN": 4, "KODGPN": null, "THNSBDATA": "2025", "SBDATA": 6, "SKL": 6, "THNPBL": "2025", "KET": null, "SHAPE_Leng": 0.04376047283, "FID_Batas_": 17064, "OBJECTID_1": 18664.0, "NAMOBJ_1": "Purwodadi", "FCODE_1": "BA03070040", "REMARK_1": null, "METADATA_1": "TASWIL1000020221227_DATA_BATAS_DESAKELURAHAN", "SRS_ID_1": "4326", "KDBBPS": null, "KDCBPS": null, "KDCPUM": "34.03.07", "KDEBPS": null, "KDEPUM": "34.03.07.2005", "KDPBPS": null, "KDPKAB": "34.03", "KDPPUM": "34", "LUASWH": 0.0, "TIPADM": 1.0, "WADMKC": "Tepus", "WADMKD": "Purwodadi", "WADMKK": "Gunungkidul", "WADMPR": "Daerah Istimewa Yogyakarta", "WIADKC": null, "WIADKK": null, "WIADPR": null, "WIADKD": null, "UUPP": "Data dari Pemerintah Daerah", "LUAS": 21.90660263 }, "geometry": { "type": "MultiLineString", "coordinates": [ [ [ 110.686571816303527, -8.184512169335481, 0.0 ], [ 110.686568354000116, -8.18449658799997, 0.0 ], [ 110.686571923000045, -8.184468034, 0.0 ], [ 110.686571923000045, -8.184443049999981, 0.0 ], [ 110.686568354000116, -8.18440378899993, 0.0 ], [ 110.686557646000026, -8.18435381999997, 0.0 ], [ 110.68654337, -8.184321697999977, 0.0 ], [ 110.686518385000056, -8.184278866999897, 0.0 ], [ 110.686514816000027, -8.184246744999903, 0.0 ], [ 110.686518385000056, -8.184203914, 0.0 ], [ 110.686529093000061, -8.184153945999952, 0.0 ], [ 110.686561215000054, -8.184100407999964, 0.0 ], [ 110.686579061000103, -8.18406828499997, 0.0 ], [ 110.68658263100005, -8.184032592999948, 0.0 ], [ 110.686568354000116, -8.183996900999926, 0.0 ], [ 110.68653266200009, -8.183961209, 0.0 ], [ 110.686486262000074, -8.183939794, 0.0 ], [ 110.686429155000042, -8.183918379, 0.0 ], [ 110.686375618000056, -8.183893394999888, 0.0 ], [ 110.686325649000096, -8.183854133999926, 0.0 ], [ 110.686289957000071, -8.183811302999935, 0.0 ], [ 110.68625069600003, -8.183768472999944, 0.0 ], [ 110.686239988000025, -8.183754195999917, 0.0 ], [ 110.686200776000078, -8.183698508999928, 0.0 ], [ 110.686182881, -8.183636412999942, 0.0 ], [ 110.686165035000045, -8.183618566999975, 0.0 ], [ 110.686143620000053, -8.183618566999975, 0.0 ], [ 110.686125774000089, -8.183629273999973, 0.0 ], [ 110.686122205000061, -8.183657827999937, 0.0 ], [ 110.686100790000054, -8.183689950999931, 0.0 ], [ 110.686079375000062, -8.183732780999922, 0.0 ], [ 110.686051093955172, -8.183765980015547, 0.0 ] ], [ [ 110.68446029088679, -8.183953089091336, 0.0 ], [ 110.684470998000037, -8.183940799, 0.0 ], [ 110.684475405000043, -8.183905543, 0.0 ], [ 110.684466259, -8.183851039999936, 0.0 ], [ 110.684457693000084, -8.18383248, 0.0 ], [ 110.684439133000069, -8.183799643999947, 0.0 ], [ 110.684423428000088, -8.183779655999981, 0.0 ], [ 110.684418748421422, -8.183776536332878, 0.0 ] ], [ [ 110.685147068449169, -8.183999940488231, 0.0 ], [ 110.685146626000062, -8.183951690999915, 0.0 ], [ 110.685132349000042, -8.183932655999939, 0.0 ], [ 110.685102310000048, -8.183930275, 0.0 ], [ 110.685101938239114, -8.183930370947969, 0.0 ] ], [ [ 110.685473515031646, -8.184067177296885, 0.0 ], [ 110.685482130000111, -8.184061147, 0.0 ], [ 110.685479750000098, -8.184032592999948, 0.0 ], [ 110.685467853, -8.184015937, 0.0 ], [ 110.685439300000041, -8.183994522, 0.0 ], [ 110.685394090000031, -8.183982623999988, 0.0 ], [ 110.685370295000013, -8.183982623999988, 0.0 ], [ 110.685339362000036, -8.183987382999938, 0.0 ], [ 110.685287014000053, -8.183982623999988, 0.0 ], [ 110.685277496000054, -8.183982623999988, 0.0 ], [ 110.68525370200004, -8.183994522, 0.0 ], [ 110.685244504336353, -8.18402824612269, 0.0 ] ], [ [ 110.687059352379038, -8.184855815155014, 0.0 ], [ 110.686816488000034, -8.184781947999955, 0.0 ], [ 110.686771111000013, -8.184752323999902, 0.0 ], [ 110.686655507776749, -8.184645314130758, 0.0 ] ], [ [ 110.688899987524223, -8.1847534593558, 0.0 ], [ 110.688894396000094, -8.184753164999972, 0.0 ], [ 110.6888696500001, -8.184749358000012, 0.0 ], [ 110.688841096000033, -8.184749358000012, 0.0 ], [ 110.688812543000068, -8.184749358000012, 0.0 ], [ 110.688791603000112, -8.184751262, 0.0 ], [ 110.688751628, -8.184751262, 0.0 ], [ 110.688715460000125, -8.184743646999983, 0.0 ], [ 110.688686907000076, -8.184741743999915, 0.0 ], [ 110.688646932000054, -8.184741743999915, 0.0 ], [ 110.688608861, -8.184756971999931, 0.0 ], [ 110.688570789000053, -8.184770296999968, 0.0 ], [ 110.688534621000088, -8.184774105000017, 0.0 ], [ 110.688490839000011, -8.184772200999948, 0.0 ], [ 110.688454672000034, -8.184768393999988, 0.0 ], [ 110.688329034857219, -8.184806442841221, 0.0 ] ] ] } },
{ "type": "Feature", "properties": { "FID_Garis_": 2688, "OBJECTID": 32916, "NAMOBJ": "Garis Pantai", "FCODE": "DB02080140", "REMARK": null, "METADATA": null, "SRS_ID": "4326", "DTMVER": 2, "ELEVAS": 0.0, "KARGPN": 6, "TIPGPN": 4, "KODGPN": null, "THNSBDATA": "2025", "SBDATA": 6, "SKL": 6, "THNPBL": "2025", "KET": null, "SHAPE_Leng": 0.00097935698, "FID_Batas_": 17064, "OBJECTID_1": 18664.0, "NAMOBJ_1": "Purwodadi", "FCODE_1": "BA03070040", "REMARK_1": null, "METADATA_1": "TASWIL1000020221227_DATA_BATAS_DESAKELURAHAN", "SRS_ID_1": "4326", "KDBBPS": null, "KDCBPS": null, "KDCPUM": "34.03.07", "KDEBPS": null, "KDEPUM": "34.03.07.2005", "KDPBPS": null, "KDPKAB": "34.03", "KDPPUM": "34", "LUASWH": 0.0, "TIPADM": 1.0, "WADMKC": "Tepus", "WADMKD": "Purwodadi", "WADMKK": "Gunungkidul", "WADMPR": "Daerah Istimewa Yogyakarta", "WIADKC": null, "WIADKK": null, "WIADPR": null, "WIADKD": null, "UUPP": "Data dari Pemerintah Daerah", "LUAS": 21.90660263 }, "geometry": { "type": "MultiLineString", "coordinates": [ [ [ 110.688136190736813, -8.185396729664465, 0.0 ], [ 110.688137103000059, -8.185388126999928, 0.0 ], [ 110.688128210000031, -8.185366875999947, 0.0 ], [ 110.688128210000031, -8.18535355099991, 0.0 ], [ 110.688135824000128, -8.185339273999972, 0.0 ], [ 110.688143438000054, -8.185329755999895, 0.0 ], [ 110.688149149000083, -8.185323093999965, 0.0 ], [ 110.688155811000087, -8.185319287, 0.0 ], [ 110.688167233000058, -8.185317382999937, 0.0 ], [ 110.68817484700007, -8.185317382999937, 0.0 ], [ 110.688188254000025, -8.185322913999951, 0.0 ], [ 110.688208092000067, -8.185337083999968, 0.0 ], [ 110.688218676000048, -8.185352321999986, 0.0 ], [ 110.688236512000017, -8.185401372999959, 0.0 ], [ 110.688234814000054, -8.185432496999958, 0.0 ], [ 110.688243375000056, -8.18544492199992, 0.0 ], [ 110.688257452000073, -8.185456778999924, 0.0 ], [ 110.688300145000042, -8.185471720999917, 0.0 ], [ 110.68831666300008, -8.185467764999945, 0.0 ], [ 110.688326181000065, -8.185464909999975, 0.0 ], [ 110.688341409000088, -8.185463957999985, 0.0 ], [ 110.688357590000095, -8.185465860999965, 0.0 ], [ 110.688374804, -8.185475198999939, 0.0 ], [ 110.688385191000066, -8.185480137999903, 0.0 ], [ 110.688385191000066, -8.18548680100001, 0.0 ], [ 110.68838138400011, -8.18549155999996, 0.0 ], [ 110.688376625000075, -8.185498221999978, 0.0 ], [ 110.688366156000086, -8.185508691999956, 0.0 ], [ 110.688369963000042, -8.185512499, 0.0 ], [ 110.688379481000126, -8.185513451, 0.0 ], [ 110.688388585000084, -8.18550898099998, 0.0 ], [ 110.688399435000093, -8.185512597999924, 0.0 ], [ 110.688410889000068, -8.185508691999956, 0.0 ], [ 110.688419456000062, -8.185508691999956, 0.0 ], [ 110.688425166000087, -8.185512499, 0.0 ], [ 110.688428973000043, -8.185519160999934, 0.0 ], [ 110.688428973000043, -8.185524871999963, 0.0 ], [ 110.688418708000086, -8.185532844999912, 0.0 ], [ 110.688390032000115, -8.185555148999981, 0.0 ], [ 110.688372900000019, -8.185579895999986, 0.0 ], [ 110.688362348000041, -8.185594351999939, 0.0 ], [ 110.688350927000073, -8.185599110999888, 0.0 ], [ 110.68833950600002, -8.185603869999927, 0.0 ], [ 110.688329036000127, -8.185605774, 0.0 ], [ 110.68831666300008, -8.185606725999985, 0.0 ], [ 110.688302386000061, -8.185605774, 0.0 ], [ 110.688290013000099, -8.185606725999985, 0.0 ], [ 110.688278591000127, -8.185604821999917, 0.0 ], [ 110.688271929000024, -8.185596255999918, 0.0 ], [ 110.688269074000047, -8.18558578599994, 0.0 ], [ 110.688268122000068, -8.185578171999932, 0.0 ], [ 110.688262411000039, -8.185568653999944, 0.0 ], [ 110.688261686000061, -8.185555349, 0.0 ], [ 110.688239719000109, -8.185531471999976, 0.0 ], [ 110.68822637100007, -8.185513408, 0.0 ], [ 110.688218711000061, -8.185490427999955, 0.0 ], [ 110.688195868000037, -8.185459970999922, 0.0 ], [ 110.68817492900007, -8.185433320999937, 0.0 ], [ 110.688162556000037, -8.185423802999949, 0.0 ], [ 110.688150987237009, -8.185422576624326, 0.0 ] ] ] } },
{ "type": "Feature", "properties": { "FID_Garis_": 2689, "OBJECTID": 32917, "NAMOBJ": "Garis Pantai", "FCODE": "DB02080140", "REMARK": null, "METADATA": null, "SRS_ID": "4326", "DTMVER": 2, "ELEVAS": 0.0, "KARGPN": 3, "TIPGPN": 4, "KODGPN": null, "THNSBDATA": "2025", "SBDATA": 6, "SKL": 6, "THNPBL": "2025", "KET": null, "SHAPE_Leng": 0.03045925954, "FID_Batas_": 17064, "OBJECTID_1": 18664.0, "NAMOBJ_1": "Purwodadi", "FCODE_1": "BA03070040", "REMARK_1": null, "METADATA_1": "TASWIL1000020221227_DATA_BATAS_DESAKELURAHAN", "SRS_ID_1": "4326", "KDBBPS": null, "KDCBPS": null, "KDCPUM": "34.03.07", "KDEBPS": null, "KDEPUM": "34.03.07.2005", "KDPBPS": null, "KDPKAB": "34.03", "KDPPUM": "34", "LUASWH": 0.0, "TIPADM": 1.0, "WADMKC": "Tepus", "WADMKD": "Purwodadi", "WADMKK": "Gunungkidul", "WADMPR": "Daerah Istimewa Yogyakarta", "WIADKC": null, "WIADKK": null, "WIADPR": null, "WIADKD": null, "UUPP": "Data dari Pemerintah Daerah", "LUAS": 21.90660263 }, "geometry": { "type": "MultiLineString", "coordinates": [ [ [ 110.663993294000079, -8.176128294932852, 0.0 ], [ 110.663993294000079, -8.176097756999958, 0.0 ], [ 110.663997101000035, -8.176073009999953, 0.0 ], [ 110.664000908000091, -8.176040649999941, 0.0 ], [ 110.663985680000067, -8.175994963999891, 0.0 ], [ 110.663964740000026, -8.175968313999906, 0.0 ], [ 110.663949847864231, -8.175955407447457, 0.0 ] ], [ [ 110.664021847000043, -8.176312100353158, 0.0 ], [ 110.664021847000043, -8.176310956999924, 0.0 ], [ 110.664018040000087, -8.176272884999971, 0.0 ], [ 110.664006619000119, -8.17623100699997, 0.0 ], [ 110.663999005000022, -8.176187224999989, 0.0 ], [ 110.663997101000035, -8.176162477999984, 0.0 ], [ 110.663994005594063, -8.176136166642447, 0.0 ] ], [ [ 110.668974874380012, -8.176884516296958, 0.0 ], [ 110.6689776300001, -8.176874412999915, 0.0 ], [ 110.668979534000087, -8.17684776299993, 0.0 ], [ 110.668979534000087, -8.176824919999905, 0.0 ], [ 110.668962402, -8.176800173999901, 0.0 ], [ 110.668939559000066, -8.176777330999965, 0.0 ], [ 110.668920523000082, -8.176743066999972, 0.0 ], [ 110.668912909000085, -8.176708801999979, 0.0 ], [ 110.668911005000012, -8.176689767, 0.0 ], [ 110.668893873000101, -8.176647887999913, 0.0 ], [ 110.668891970000033, -8.176623141999908, 0.0 ], [ 110.668893873000101, -8.176604105999932, 0.0 ], [ 110.668893873000101, -8.176579359999927, 0.0 ], [ 110.668884675000044, -8.176542648999909, 0.0 ], [ 110.668867223000035, -8.176505120999913, 0.0 ], [ 110.668832959000042, -8.176478470999928, 0.0 ], [ 110.668819634000087, -8.17646895299994, 0.0 ], [ 110.668800599000022, -8.176457530999883, 0.0 ], [ 110.668760624000086, -8.176441350999966, 0.0 ], [ 110.668739684000045, -8.176436591999927, 0.0 ], [ 110.66869780600004, -8.176428977999919, 0.0 ], [ 110.668654023000059, -8.176409941999943, 0.0 ], [ 110.668470295000049, -8.176258146, 0.0 ], [ 110.668237142000038, -8.176248138999966, 0.0 ], [ 110.667943992000019, -8.176175803000021, 0.0 ], [ 110.66789259600003, -8.176173899999952, 0.0 ], [ 110.667854525000081, -8.176173899999952, 0.0 ], [ 110.667801225000019, -8.176175803000021, 0.0 ], [ 110.667740310000042, -8.176179609999981, 0.0 ], [ 110.667694625000081, -8.176175803000021, 0.0 ], [ 110.667675589000027, -8.176170092, 0.0 ], [ 110.667639421000047, -8.176160574999916, 0.0 ], [ 110.667618482000094, -8.176158670999936, 0.0 ], [ 110.66758992900013, -8.176160574999916, 0.0 ], [ 110.667546146000063, -8.176171995999972, 0.0 ], [ 110.667469333000014, -8.17618890199995, 0.0 ], [ 110.667391957000092, -8.176221488999982, 0.0 ], [ 110.667353886000043, -8.17622720000001, 0.0 ], [ 110.667313911000022, -8.17622720000001, 0.0 ], [ 110.667266322000089, -8.176229103, 0.0 ], [ 110.667214711000071, -8.176217685999934, 0.0 ], [ 110.667157818000078, -8.176206259999965, 0.0 ], [ 110.667127361000041, -8.176208163999945, 0.0 ], [ 110.667074061000079, -8.176221488999982, 0.0 ], [ 110.667047411000084, -8.17623290999995, 0.0 ], [ 110.666969486000127, -8.176267733999989, 0.0 ], [ 110.666887322000079, -8.176315790999968, 0.0 ], [ 110.666828501000097, -8.176371871, 0.0 ], [ 110.666809465000114, -8.176389002999898, 0.0 ], [ 110.666790430000049, -8.176408038999963, 0.0 ], [ 110.666771394000079, -8.176427073999939, 0.0 ], [ 110.666756420952481, -8.176444542446184, 0.0 ] ], [ [ 110.666613185415542, -8.176569051477802, 0.0 ], [ 110.66657913300007, -8.176586973999935, 0.0 ], [ 110.666556291000049, -8.176602202999952, 0.0 ], [ 110.666479702000103, -8.176651169, 0.0 ], [ 110.666432485969821, -8.176691177530273, 0.0 ] ], [ [ 110.665590711913225, -8.176910519276461, 0.0 ], [ 110.665518846000097, -8.176901062999988, 0.0 ], [ 110.665478871000076, -8.17689915899992, 0.0 ], [ 110.665431282000043, -8.17689915899992, 0.0 ], [ 110.665402728000075, -8.17689915899992, 0.0 ], [ 110.665362753000053, -8.17689915899992, 0.0 ], [ 110.665318971000076, -8.176901062999988, 0.0 ], [ 110.665286610000067, -8.176901062999988, 0.0 ], [ 110.665250442000087, -8.176891544999911, 0.0 ], [ 110.665202853000068, -8.176885833999972, 0.0 ], [ 110.665149553000091, -8.176872508999935, 0.0 ], [ 110.665092446000074, -8.176851569999979, 0.0 ], [ 110.665067700000066, -8.176840148999922, 0.0 ], [ 110.665044857000041, -8.176832534, 0.0 ], [ 110.665012496000116, -8.176821112999946, 0.0 ], [ 110.664993461000051, -8.176809691999978, 0.0 ], [ 110.664974425000082, -8.176792558999981, 0.0 ], [ 110.664957293000086, -8.176781137999924, 0.0 ], [ 110.664923029000093, -8.17676591, 0.0 ], [ 110.664884957000055, -8.176750680999891, 0.0 ], [ 110.664866509000035, -8.176742026999975, 0.0 ], [ 110.664796600000017, -8.176727837999955, 0.0 ], [ 110.664651929000044, -8.176693573999962, 0.0 ], [ 110.664562461000102, -8.176674537999897, 0.0 ], [ 110.664480608000076, -8.176666923999978, 0.0 ], [ 110.664408272000045, -8.176657406, 0.0 ], [ 110.664373932534815, -8.176656179958588, 0.0 ] ], [ [ 110.666349527323817, -8.17676563593345, 0.0 ], [ 110.666331670000019, -8.176786848999953, 0.0 ], [ 110.666324055000103, -8.176796366999941, 0.0 ], [ 110.666320377564944, -8.176818431610791, 0.0 ] ], [ [ 110.666123100942173, -8.176824870500656, 0.0 ], [ 110.66611714400004, -8.176821431999972, 0.0 ], [ 110.666091820000076, -8.176796366999941, 0.0 ], [ 110.666076591000063, -8.176794462999961, 0.0 ], [ 110.666068977000052, -8.176794462999961, 0.0 ], [ 110.666050694709966, -8.1768056682645, 0.0 ] ], [ [ 110.670756248867761, -8.177906874475518, 0.0 ], [ 110.670746046000048, -8.177902339999967, 0.0 ], [ 110.670704167000054, -8.177894725999959, 0.0 ], [ 110.670671806000129, -8.177894725999959, 0.0 ], [ 110.670624217000096, -8.177894725999959, 0.0 ], [ 110.670582339000092, -8.177894725999959, 0.0 ], [ 110.670557592000094, -8.177896628999939, 0.0 ], [ 110.670494775000037, -8.177911857999955, 0.0 ], [ 110.670447185000015, -8.177921375999944, 0.0 ], [ 110.670401500000054, -8.17794041099992, 0.0 ], [ 110.670300611000059, -8.177974676, 0.0 ], [ 110.670253021000022, -8.17798609699997, 0.0 ], [ 110.670209239000044, -8.177989903999929, 0.0 ], [ 110.670157843000055, -8.177997518999938, 0.0 ], [ 110.670127386000019, -8.178001325999986, 0.0 ], [ 110.670079797000085, -8.178012746999954, 0.0 ], [ 110.670049339000045, -8.178012746999954, 0.0 ], [ 110.670036014000104, -8.178012746999954, 0.0 ], [ 110.670005557000067, -8.178027975999971, 0.0 ], [ 110.669990329000058, -8.178047010999947, 0.0 ], [ 110.669988884789788, -8.178048455210298, 0.0 ] ], [ [ 110.671526555250523, -8.178682546912199, 0.0 ], [ 110.671516694000047, -8.178661030999947, 0.0 ], [ 110.67150098900008, -8.178629621999924, 0.0 ], [ 110.671485285000102, -8.178608206999929, 0.0 ], [ 110.671459586000111, -8.178578225999935, 0.0 ], [ 110.671439599000053, -8.17855538299991, 0.0 ], [ 110.671418184000061, -8.178532539999974, 0.0 ], [ 110.671395341000036, -8.17850826999992, 0.0 ], [ 110.671379637000072, -8.178481143999896, 0.0 ], [ 110.671369643000048, -8.178468294999988, 0.0 ], [ 110.671362530783185, -8.17846227682292, 0.0 ] ], [ [ 110.67276395570623, -8.178815667863084, 0.0 ], [ 110.672742116000094, -8.178786547999941, 0.0 ], [ 110.672740019583273, -8.178786750057156, 0.0 ] ], [ [ 110.672562728510613, -8.178803837758455, 0.0 ], [ 110.672544621000014, -8.178805582999917, 0.0 ], [ 110.672518447000058, -8.178819859999944, 0.0 ], [ 110.672489893, -8.17883889599992, 0.0 ], [ 110.672468478000013, -8.178848414, 0.0 ], [ 110.672449442000044, -8.178860310999916, 0.0 ], [ 110.672432786000087, -8.178869829, 0.0 ], [ 110.67241613000003, -8.178881725999911, 0.0 ], [ 110.672399474000073, -8.178898381999957, 0.0 ], [ 110.672359023000098, -8.17893169499996, 0.0 ], [ 110.672318015000087, -8.178962206999909, 0.0 ], [ 110.672300789000076, -8.178984989999929, 0.0 ], [ 110.672262757000041, -8.179025447, 0.0 ], [ 110.672091695000105, -8.17915591799995, 0.0 ], [ 110.672049439000062, -8.179195589999946, 0.0 ], [ 110.671999797000041, -8.179251637999965, 0.0 ], [ 110.671960701000017, -8.179322046000017, 0.0 ], [ 110.671952135000097, -8.179340604999954, 0.0 ], [ 110.671939286000011, -8.179363447999979, 0.0 ], [ 110.671919298000049, -8.179386290999915, 0.0 ], [ 110.671902166000052, -8.179404850999941, 0.0 ], [ 110.671892596108506, -8.179412948283229, 0.0 ] ], [ [ 110.672946438546447, -8.179051735243927, 0.0 ], [ 110.672937232000066, -8.179036390999919, 0.0 ], [ 110.672920576000109, -8.179007837999954, 0.0 ], [ 110.672884884000013, -8.178960247999925, 0.0 ], [ 110.672851571000095, -8.178926935999922, 0.0 ], [ 110.672825397000054, -8.178893623999919, 0.0 ], [ 110.67282228162108, -8.178889789625323, 0.0 ] ], [ [ 110.673331892120387, -8.179474958294843, 0.0 ], [ 110.673337678000081, -8.179347096999958, 0.0 ], [ 110.673321598000086, -8.179228310999989, 0.0 ], [ 110.673296530000044, -8.17916964099993, 0.0 ], [ 110.673282254000114, -8.179145845999916, 0.0 ], [ 110.67327273600003, -8.179112533999913, 0.0 ], [ 110.673265597000068, -8.179091119, 0.0 ], [ 110.673248941000026, -8.179076841999979, 0.0 ], [ 110.673232285000068, -8.179067324, 0.0 ], [ 110.673202834000023, -8.179058048999934, 0.0 ], [ 110.673132348000053, -8.17907922199991, 0.0 ], [ 110.673089517000065, -8.179086359999967, 0.0 ], [ 110.673049066, -8.179088738999987, 0.0 ], [ 110.673027651000012, -8.179088738999987, 0.0 ], [ 110.672984821000014, -8.179083979999948, 0.0 ], [ 110.672979196317243, -8.179079962417681, 0.0 ] ], [ [ 110.673310531197586, -8.179593514634789, 0.0 ], [ 110.67331318700009, -8.179578907999954, 0.0 ], [ 110.673316995654204, -8.179560668009191, 0.0 ] ], [ [ 110.673552419000089, -8.17973140899996, 0.0 ], [ 110.673512234000043, -8.179727209999967, 0.0 ], [ 110.6734877007964, -8.179731356908562, 0.0 ] ], [ [ 110.676633411501911, -8.180206167606521, 0.0 ], [ 110.676633908000042, -8.180203684999956, 0.0 ], [ 110.676635336000075, -8.18018655299996, 0.0 ], [ 110.67662676900008, -8.180172276999933, 0.0 ], [ 110.676619631000023, -8.180163709999935, 0.0 ], [ 110.676592505000087, -8.180136585, 0.0 ], [ 110.676486857000043, -8.180146577999938, 0.0 ], [ 110.676462587000088, -8.180187980999989, 0.0 ], [ 110.676446882000022, -8.180210824000014, 0.0 ], [ 110.676438316000116, -8.180229383999951, 0.0 ], [ 110.676428322000092, -8.18023223899992, 0.0 ], [ 110.676398341, -8.180243659999977, 0.0 ], [ 110.676371215000074, -8.180255081999945, 0.0 ], [ 110.676358366000073, -8.180273641999971, 0.0 ], [ 110.676349800000082, -8.180292200999908, 0.0 ], [ 110.676348699419123, -8.180293411662145, 0.0 ] ], [ [ 110.676313022585447, -8.180312417390336, 0.0 ], [ 110.676299832000026, -8.180313616, 0.0 ], [ 110.676285555000092, -8.180306477999935, 0.0 ], [ 110.6762641400001, -8.180302194999935, 0.0 ], [ 110.676241297000075, -8.180307905999964, 0.0 ], [ 110.676221309000113, -8.180313616, 0.0 ], [ 110.676197039000044, -8.180326465999901, 0.0 ], [ 110.676177051000082, -8.180339314999987, 0.0 ], [ 110.676159919, -8.180349307999926, 0.0 ], [ 110.676147070000098, -8.180357874000013, 0.0 ], [ 110.676132793000065, -8.180367867999951, 0.0 ], [ 110.676121372000097, -8.180382144999978, 0.0 ], [ 110.676090722000055, -8.180413412999901, 0.0 ], [ 110.676081927567395, -8.180450624713878, 0.0 ] ], [ [ 110.674144790452232, -8.1804331715602, 0.0 ], [ 110.674151887000036, -8.180428315999979, 0.0 ], [ 110.67417974300011, -8.18041532599997, 0.0 ], [ 110.674194553000092, -8.180398664999924, 0.0 ], [ 110.674203762000062, -8.180388304999955, 0.0 ], [ 110.674206139, -8.180369781999932, 0.0 ], [ 110.67419329000009, -8.180359788, 0.0 ], [ 110.67416188100006, -8.180355505, 0.0 ], [ 110.674144749000064, -8.180355505, 0.0 ], [ 110.674138412481199, -8.180351703088586, 0.0 ] ], [ [ 110.674974425721786, -8.180434340010514, 0.0 ], [ 110.674973074000036, -8.180430863999923, 0.0 ], [ 110.67496593500006, -8.180421584999955, 0.0 ], [ 110.674955942000039, -8.180410162999987, 0.0 ], [ 110.674945234000035, -8.180404451999959, 0.0 ], [ 110.674928816, -8.180392316999932, 0.0 ], [ 110.674915253000052, -8.180380895999964, 0.0 ], [ 110.674912398000075, -8.180373043999936, 0.0 ], [ 110.674905676000051, -8.180363049999908, 0.0 ], [ 110.674882579000013, -8.180365438999928, 0.0 ], [ 110.674869984000026, -8.180377326999935, 0.0 ], [ 110.674858086000114, -8.180390413999952, 0.0 ], [ 110.674850948000056, -8.18039993099994, 0.0 ], [ 110.674827922904356, -8.180407606031839, 0.0 ] ], [ [ 110.674815648578971, -8.180409448999928, 0.0 ], [ 110.674811687, -8.180409448999928, 0.0 ], [ 110.674796220000047, -8.180404689999889, 0.0 ], [ 110.674786703000066, -8.180402310999959, 0.0 ], [ 110.674773615000049, -8.180395173, 0.0 ], [ 110.674752200000057, -8.180384465, 0.0 ], [ 110.674722457000087, -8.180376136999925, 0.0 ], [ 110.674704611000024, -8.180378515999944, 0.0 ], [ 110.67469033400009, -8.180385654999913, 0.0 ], [ 110.674679627000089, -8.180392792999971, 0.0 ], [ 110.674668919000084, -8.18039993099994, 0.0 ], [ 110.674664160000049, -8.180405879999988, 0.0 ], [ 110.674658832000063, -8.180413898999941, 0.0 ], [ 110.674650218000053, -8.180435862999982, 0.0 ], [ 110.674628369000018, -8.180528559000013, 0.0 ], [ 110.674606840000109, -8.180572035999969, 0.0 ], [ 110.674603985000047, -8.180584884999966, 0.0 ], [ 110.674602081000074, -8.180604871999932, 0.0 ], [ 110.674600178000091, -8.180612486999941, 0.0 ], [ 110.674594073000023, -8.180632452999905, 0.0 ], [ 110.674578431000072, -8.180657816999961, 0.0 ], [ 110.674571624000038, -8.180690533, 0.0 ], [ 110.674574479000086, -8.18071337599994, 0.0 ], [ 110.674572576000031, -8.180729555999946, 0.0 ], [ 110.67456870661664, -8.180742712228941, 0.0 ] ], [ [ 110.675474069000103, -8.180504731872897, 0.0 ], [ 110.675474069000103, -8.180498797999949, 0.0 ], [ 110.675455510000063, -8.180458823000016, 0.0 ], [ 110.675442660000073, -8.18044740199996, 0.0 ], [ 110.675425528000076, -8.180438835999961, 0.0 ], [ 110.675415535000042, -8.180438835999961, 0.0 ], [ 110.675405541000117, -8.180440263, 0.0 ], [ 110.675381270000059, -8.180454539999928, 0.0 ], [ 110.675364138000063, -8.180474527999895, 0.0 ], [ 110.675357720252038, -8.18049121432475, 0.0 ] ], [ [ 110.675112404131553, -8.18050271488028, 0.0 ], [ 110.67511044900003, -8.18049785899996, 0.0 ], [ 110.675102763000012, -8.18049428199993, 0.0 ], [ 110.675089734583452, -8.180493855537865, 0.0 ] ], [ [ 110.675293571734954, -8.180519913803277, 0.0 ], [ 110.675289572000025, -8.180518501999892, 0.0 ], [ 110.675279310000064, -8.180508672999967, 0.0 ], [ 110.675270744000059, -8.180508672999967, 0.0 ], [ 110.675263606, -8.180510813999966, 0.0 ], [ 110.675259323, -8.180513669999936, 0.0 ], [ 110.675254207000108, -8.180520212999944, 0.0 ], [ 110.675241358000022, -8.180528778999943, 0.0 ], [ 110.675230894936988, -8.180530872052341, 0.0 ] ], [ [ 110.675211859946074, -8.180531398695159, 0.0 ], [ 110.675207094000115, -8.180530206999972, 0.0 ], [ 110.675194959000095, -8.180530206999972, 0.0 ], [ 110.6751885340001, -8.180531635, 0.0 ], [ 110.675187126170158, -8.180531916526537, 0.0 ] ], [ [ 110.674533404243249, -8.180789617329189, 0.0 ], [ 110.674530697000108, -8.180791422, 0.0 ], [ 110.67451451700002, -8.180797132999942, 0.0 ], [ 110.674501192000065, -8.18080379499996, 0.0 ], [ 110.674484060000069, -8.180810457999979, 0.0 ], [ 110.674459388000074, -8.180820625999932, 0.0 ], [ 110.674448784000077, -8.180828048999924, 0.0 ], [ 110.674429626000091, -8.180843588999966, 0.0 ], [ 110.674417435000066, -8.180868516999986, 0.0 ], [ 110.674406965000088, -8.180896117999961, 0.0 ], [ 110.674396020000074, -8.180920864999965, 0.0 ], [ 110.674383171000073, -8.180930858999904, 0.0 ], [ 110.674367466000021, -8.180939425, 0.0 ], [ 110.674360328000049, -8.180943708, 0.0 ], [ 110.674350334000025, -8.180953700999929, 0.0 ], [ 110.674338913000057, -8.180969405999985, 0.0 ], [ 110.674326064000056, -8.18099510399998, 0.0 ], [ 110.674316070000117, -8.181010807999947, 0.0 ], [ 110.674303221000031, -8.181025084999973, 0.0 ], [ 110.674291799000059, -8.181035079, 0.0 ], [ 110.674280378, -8.18104507299994, 0.0 ], [ 110.674276261301202, -8.181050104413981, 0.0 ] ], [ [ 110.674229658454195, -8.181095994285261, 0.0 ], [ 110.674223556000101, -8.181101315999975, 0.0 ], [ 110.674187768040568, -8.181136652044554, 0.0 ] ], [ [ 110.67757093076743, -8.181858164765057, 0.0 ], [ 110.677567608000032, -8.18184265799994, 0.0 ], [ 110.677566181000088, -8.181826953999973, 0.0 ], [ 110.677566181000088, -8.181804110999948, 0.0 ], [ 110.677572260000062, -8.181773402999983, 0.0 ], [ 110.677566436000021, -8.18176369699998, 0.0 ], [ 110.677541910000031, -8.1817541419999, 0.0 ], [ 110.677526206000067, -8.1817541419999, 0.0 ], [ 110.677496225000084, -8.181755569999929, 0.0 ], [ 110.677479092000084, -8.181747003999931, 0.0 ], [ 110.677464816000054, -8.181725588999935, 0.0 ], [ 110.677448585000036, -8.181692390999942, 0.0 ], [ 110.67742119800009, -8.181678586999954, 0.0 ], [ 110.677394403000093, -8.181665081, 0.0 ], [ 110.677357918, -8.18164668999998, 0.0 ], [ 110.677342535000065, -8.18163893699996, 0.0 ], [ 110.67732204800005, -8.181637072999894, 0.0 ], [ 110.677277790000034, -8.181632789999984, 0.0 ], [ 110.677271535871526, -8.181632422034237, 0.0 ] ], [ [ 110.678953255705679, -8.181856155190594, 0.0 ], [ 110.678952784000074, -8.181855939999974, 0.0 ], [ 110.678914750000033, -8.181840662999953, 0.0 ], [ 110.678881071, -8.18184551299991, 0.0 ], [ 110.678845379000066, -8.181848368999969, 0.0 ], [ 110.678802549000068, -8.181858362999908, 0.0 ], [ 110.678768284000085, -8.181876921999933, 0.0 ], [ 110.678742586000084, -8.181896909999988, 0.0 ], [ 110.678709750000024, -8.181924035999923, 0.0 ], [ 110.678685479000066, -8.181945450999919, 0.0 ], [ 110.6786810676534, -8.181950201516432, 0.0 ] ], [ [ 110.678677847440326, -8.181953669318034, 0.0 ], [ 110.678666919000037, -8.181965437999974, 0.0 ], [ 110.678651215000073, -8.181989708999939, 0.0 ], [ 110.678634083000077, -8.182012551999964, 0.0 ], [ 110.678621234000076, -8.182031111, 0.0 ], [ 110.678598391000051, -8.182046815999957, 0.0 ], [ 110.678575548000111, -8.182055381999955, 0.0 ], [ 110.678559844000063, -8.182065375999983, 0.0 ], [ 110.678555561000067, -8.182076796999951, 0.0 ], [ 110.678554133000034, -8.182099639999976, 0.0 ], [ 110.678553017307522, -8.18210326585417, 0.0 ] ], [ [ 110.677722695083389, -8.182037657927701, 0.0 ], [ 110.67773036300008, -8.182018261999904, 0.0 ], [ 110.677726080000085, -8.182002557999937, 0.0 ], [ 110.677707521000059, -8.181989708999939, 0.0 ], [ 110.677688007839549, -8.181989708999939, 0.0 ] ], [ [ 110.682365591261487, -8.18203876252749, 0.0 ], [ 110.682361758000042, -8.182042246999934, 0.0 ], [ 110.682337488000073, -8.182056523999961, 0.0 ], [ 110.682310362000052, -8.182073655999957, 0.0 ], [ 110.682294657000085, -8.182089360999925, 0.0 ], [ 110.682283236000032, -8.182112202999949, 0.0 ], [ 110.682280381000055, -8.182136473999915, 0.0 ], [ 110.68229037400009, -8.182160743999969, 0.0 ], [ 110.68230322400008, -8.182177876999965, 0.0 ], [ 110.682310362000052, -8.182196436, 0.0 ], [ 110.682309900680707, -8.182201970862515, 0.0 ] ], [ [ 110.678477543094502, -8.182141890503782, 0.0 ], [ 110.678471328000029, -8.182141042999937, 0.0 ], [ 110.678449912000119, -8.182131049, 0.0 ], [ 110.678432780000037, -8.182121054999882, 0.0 ], [ 110.678407082000035, -8.182113917, 0.0 ], [ 110.678387095000062, -8.182108205999974, 0.0 ], [ 110.678372818000042, -8.182099639999976, 0.0 ], [ 110.67834854700007, -8.182098211999946, 0.0 ], [ 110.678325705000049, -8.182109634, 0.0 ], [ 110.678297151, -8.182132475999939, 0.0 ], [ 110.67828683921995, -8.182138028582422, 0.0 ] ], [ [ 110.677954461775272, -8.182179910049072, 0.0 ], [ 110.677935949000045, -8.182171023999931, 0.0 ], [ 110.677911678000072, -8.182163884999962, 0.0 ], [ 110.677878842000027, -8.182165312999903, 0.0 ], [ 110.677841966892174, -8.182171957048769, 0.0 ] ], [ [ 110.682295305174051, -8.182229106646357, 0.0 ], [ 110.682287519000027, -8.182233555999954, 0.0 ], [ 110.682283095631689, -8.182240097600992, 0.0 ] ], [ [ 110.682150697079038, -8.182321288519692, 0.0 ], [ 110.682119755000087, -8.182313553, 0.0 ], [ 110.682088822000111, -8.182325450999919, 0.0 ], [ 110.682053130000085, -8.182344485999984, 0.0 ], [ 110.682041220912851, -8.182349944531477, 0.0 ] ], [ [ 110.681800834402779, -8.182385820675311, 0.0 ], [ 110.681774733000054, -8.182382557999937, 0.0 ], [ 110.681739041000029, -8.182387316999975, 0.0 ], [ 110.681725544336871, -8.18240081366314, 0.0 ] ], [ [ 110.681632185560247, -8.182420688885408, 0.0 ], [ 110.681631966000054, -8.182420628999978, 0.0 ], [ 110.681603412000086, -8.182411111, 0.0 ], [ 110.681574859000037, -8.182408731999971, 0.0 ], [ 110.681551064000104, -8.182411111, 0.0 ], [ 110.681503475000085, -8.182408731999971, 0.0 ], [ 110.681479680000066, -8.182401593999913, 0.0 ], [ 110.681441609000018, -8.182396834999963, 0.0 ], [ 110.681403537000079, -8.182403972999932, 0.0 ], [ 110.681383353911002, -8.182436266451312, 0.0 ] ], [ [ 110.681287873226225, -8.182434682930442, 0.0 ], [ 110.681279805000045, -8.182427767999947, 0.0 ], [ 110.681241734000096, -8.182418249999959, 0.0 ], [ 110.681198904000013, -8.182418249999959, 0.0 ], [ 110.681148935000053, -8.182432526999985, 0.0 ], [ 110.681115623000053, -8.182434906, 0.0 ], [ 110.681087069000085, -8.182425387999928, 0.0 ], [ 110.681032579000117, -8.182409445999941, 0.0 ], [ 110.681012592000059, -8.18241372899994, 0.0 ], [ 110.680989749000034, -8.18242515, 0.0 ], [ 110.680969762000061, -8.182429433, 0.0 ], [ 110.680935497000064, -8.182436571999965, 0.0 ], [ 110.680879818000079, -8.182452275999932, 0.0 ], [ 110.680846982000034, -8.182466552999959, 0.0 ], [ 110.680822711000062, -8.182476546999986, 0.0 ], [ 110.680794157, -8.182496533999952, 0.0 ], [ 110.680765604000044, -8.182513665999949, 0.0 ], [ 110.680719918000079, -8.182516521, 0.0 ], [ 110.680704214000031, -8.182525088, 0.0 ], [ 110.680698503000087, -8.182543646999942, 0.0 ], [ 110.680689521496731, -8.182572225498532, 0.0 ] ], [ [ 110.680108751371137, -8.182610292861217, 0.0 ], [ 110.680108873000066, -8.182609319999958, 0.0 ], [ 110.68010459000007, -8.182602181999901, 0.0 ], [ 110.680087346000064, -8.182587901999963, 0.0 ], [ 110.680076036000102, -8.182566489999967, 0.0 ], [ 110.680071753000021, -8.18254222, 0.0 ], [ 110.680070325000074, -8.182523659999976, 0.0 ], [ 110.680060332000039, -8.182499388999922, 0.0 ], [ 110.680050338000015, -8.182489395999895, 0.0 ], [ 110.680040344000076, -8.182477973999926, 0.0 ], [ 110.680024640000028, -8.182472263999987, 0.0 ], [ 110.67999608600006, -8.182486539999925, 0.0 ], [ 110.679984665000092, -8.182512237999919, 0.0 ], [ 110.679968960000039, -8.182527942999975, 0.0 ], [ 110.679934696000132, -8.18254222, 0.0 ], [ 110.67991328100004, -8.182543646999942, 0.0 ], [ 110.679893294000081, -8.182532225999974, 0.0 ], [ 110.679881872000024, -8.182525088, 0.0 ], [ 110.679863312000094, -8.182520805, 0.0 ], [ 110.679829048, -8.182523659999976, 0.0 ], [ 110.67978907300008, -8.182535080999944, 0.0 ], [ 110.679761947000046, -8.182540791999973, 0.0 ], [ 110.679727683000053, -8.18255506899991, 0.0 ], [ 110.679703413000084, -8.182569345999937, 0.0 ], [ 110.679687708000031, -8.182582194999934, 0.0 ], [ 110.679683425000036, -8.182593616, 0.0 ], [ 110.679684853000069, -8.1826064649999, 0.0 ], [ 110.679697702000055, -8.182622169999956, 0.0 ], [ 110.679707696, -8.182639301999952, 0.0 ], [ 110.679716262000085, -8.182680703999914, 0.0 ], [ 110.679720545000094, -8.182700691999969, 0.0 ], [ 110.679720545000094, -8.182710685999908, 0.0 ], [ 110.679719245998655, -8.182712958968033, 0.0 ] ], [ [ 110.680562372451746, -8.182616263977884, 0.0 ], [ 110.68056287400006, -8.182610747999988, 0.0 ], [ 110.680575723000061, -8.182586477999934, 0.0 ], [ 110.680592855000057, -8.182565061999938, 0.0 ], [ 110.680601421000048, -8.18255506899991, 0.0 ], [ 110.680599993000016, -8.182547929999942, 0.0 ], [ 110.68059, -8.18254222, 0.0 ], [ 110.680572868000084, -8.182543646999942, 0.0 ], [ 110.680561446000027, -8.182539363999943, 0.0 ], [ 110.680550025000059, -8.182529370999916, 0.0 ], [ 110.680540031000035, -8.182520805, 0.0 ], [ 110.680510050000038, -8.182522231999947, 0.0 ], [ 110.680490062000075, -8.182530797999945, 0.0 ], [ 110.680471503000049, -8.182549357999971, 0.0 ], [ 110.680455798000082, -8.182576484, 0.0 ], [ 110.680444377000114, -8.182599326999931, 0.0 ], [ 110.680432955000057, -8.182613602999957, 0.0 ], [ 110.680415823000061, -8.182630735999954, 0.0 ], [ 110.680414851016948, -8.182632355896082, 0.0 ] ], [ [ 110.680311678293336, -8.182630297430862, 0.0 ], [ 110.68032445200005, -8.182616459000016, 0.0 ], [ 110.680338729000084, -8.182599326999931, 0.0 ], [ 110.68034301200008, -8.182590760999933, 0.0 ], [ 110.680344439000109, -8.182575055999965, 0.0 ], [ 110.680340648000055, -8.182566342999955, 0.0 ], [ 110.680325880000083, -8.182557923999969, 0.0 ], [ 110.680317313000074, -8.182560778999939, 0.0 ], [ 110.680312231000102, -8.182579200999953, 0.0 ], [ 110.680287332, -8.182613602999957, 0.0 ], [ 110.680276936295698, -8.18262872456609, 0.0 ] ] ] } },
{ "type": "Feature", "properties": { "FID_Garis_": 2691, "OBJECTID": 32919, "NAMOBJ": "Garis Pantai", "FCODE": "DB02080140", "REMARK": null, "METADATA": null, "SRS_ID": "4326", "DTMVER": 2, "ELEVAS": 0.0, "KARGPN": 3, "TIPGPN": 4, "KODGPN": null, "THNSBDATA": "2025", "SBDATA": 6, "SKL": 6, "THNPBL": "2025", "KET": null, "SHAPE_Leng": 0.01476979924, "FID_Batas_": 17064, "OBJECTID_1": 18664.0, "NAMOBJ_1": "Purwodadi", "FCODE_1": "BA03070040", "REMARK_1": null, "METADATA_1": "TASWIL1000020221227_DATA_BATAS_DESAKELURAHAN", "SRS_ID_1": "4326", "KDBBPS": null, "KDCBPS": null, "KDCPUM": "34.03.07", "KDEBPS": null, "KDEPUM": "34.03.07.2005", "KDPBPS": null, "KDPKAB": "34.03", "KDPPUM": "34", "LUASWH": 0.0, "TIPADM": 1.0, "WADMKC": "Tepus", "WADMKD": "Purwodadi", "WADMKK": "Gunungkidul", "WADMPR": "Daerah Istimewa Yogyakarta", "WIADKC": null, "WIADKK": null, "WIADPR": null, "WIADKD": null, "UUPP": "Data dari Pemerintah Daerah", "LUAS": 21.90660263 }, "geometry": { "type": "MultiLineString", "coordinates": [ [ [ 110.659405142730151, -8.172859651628563, 0.0 ], [ 110.659400253000101, -8.172841312999903, 0.0 ], [ 110.659390259000077, -8.172821325999937, 0.0 ], [ 110.659375982000043, -8.17280847699994, 0.0 ], [ 110.659361705000023, -8.172804193999941, 0.0 ], [ 110.65934171800005, -8.17280562099997, 0.0 ], [ 110.659327441000116, -8.17280562099997, 0.0 ], [ 110.659293177000038, -8.172802766, 0.0 ], [ 110.659271762000031, -8.172794199999913, 0.0 ], [ 110.659249680000073, -8.172772752999915, 0.0 ], [ 110.659230459000085, -8.172769361, 0.0 ], [ 110.659210372000103, -8.172781351, 0.0 ], [ 110.659191812000088, -8.172794199999913, 0.0 ], [ 110.659167541000031, -8.172797054999972, 0.0 ], [ 110.659150409000034, -8.172798482999912, 0.0 ], [ 110.659117929000018, -8.172792890999983, 0.0 ], [ 110.65910270100008, -8.172781469999926, 0.0 ], [ 110.659091280000027, -8.172766241, 0.0 ], [ 110.659081762000127, -8.172751012999981, 0.0 ], [ 110.659062726000059, -8.172731976999916, 0.0 ], [ 110.659037980000051, -8.172724362999908, 0.0 ], [ 110.659005619000041, -8.172718651999968, 0.0 ], [ 110.658977065000073, -8.172707230999912, 0.0 ], [ 110.658937090000052, -8.172688194999935, 0.0 ], [ 110.658908537000087, -8.172657737999902, 0.0 ], [ 110.658878080000065, -8.172625376999978, 0.0 ], [ 110.658853333000053, -8.172598727, 0.0 ], [ 110.658824780000089, -8.172575883999968, 0.0 ], [ 110.658794323000052, -8.172553041999944, 0.0 ], [ 110.658782901000095, -8.172528294999939, 0.0 ], [ 110.658775287000083, -8.17247118800001, 0.0 ], [ 110.658756251000014, -8.172454055999925, 0.0 ], [ 110.65872769800005, -8.172461669999933, 0.0 ], [ 110.658706759000012, -8.17247499499997, 0.0 ], [ 110.658674580000095, -8.17250183299997, 0.0 ], [ 110.658621098000111, -8.172520681000019, 0.0 ], [ 110.658575412000062, -8.172530198999919, 0.0 ], [ 110.65853543700004, -8.172534005999967, 0.0 ], [ 110.658489752, -8.172530198999919, 0.0 ], [ 110.658459295000057, -8.172516873999971, 0.0 ], [ 110.658430741000089, -8.172492126999966, 0.0 ], [ 110.658409802000037, -8.172480705999909, 0.0 ], [ 110.658377441000113, -8.17247689899995, 0.0 ], [ 110.658346984000076, -8.172467380999962, 0.0 ], [ 110.658321230000084, -8.17245186400001, 0.0 ], [ 110.658295588, -8.17242930999992, 0.0 ], [ 110.658287973000085, -8.172400755999956, 0.0 ], [ 110.658282263000061, -8.172372203, 0.0 ], [ 110.658259420000036, -8.172345552999918, 0.0 ], [ 110.658234674000113, -8.172320806, 0.0 ], [ 110.65820612000006, -8.172301770999937, 0.0 ], [ 110.658175663000037, -8.172292252999949, 0.0 ], [ 110.658126170000017, -8.172299866999957, 0.0 ], [ 110.658090002000051, -8.172305577999985, 0.0 ], [ 110.658057642000031, -8.172301770999937, 0.0 ], [ 110.658019570000079, -8.172296059999908, 0.0 ], [ 110.657964367000048, -8.172297962999977, 0.0 ], [ 110.65792248800004, -8.172311287999925, 0.0 ], [ 110.657897742000046, -8.172328419999921, 0.0 ], [ 110.657786136000041, -8.172386648999943, 0.0 ], [ 110.657746042135898, -8.172496570541945, 0.0 ] ], [ [ 110.655424437179974, -8.172912274509816, 0.0 ], [ 110.655357231000067, -8.172829495, 0.0 ], [ 110.655347237000043, -8.172840916999959, 0.0 ], [ 110.655330105000047, -8.172849482999958, 0.0 ], [ 110.655312973000051, -8.172846626999988, 0.0 ], [ 110.655301552000083, -8.17283948899993, 0.0 ], [ 110.655290130000111, -8.172830922999932, 0.0 ], [ 110.655285847000115, -8.172820929, 0.0 ], [ 110.65528156400002, -8.172812362999906, 0.0 ], [ 110.655275853, -8.172803797, 0.0 ], [ 110.655250156000093, -8.172777027999913, 0.0 ], [ 110.655234451000041, -8.172770246999974, 0.0 ], [ 110.65521874600006, -8.172769532999915, 0.0 ], [ 110.655195904000038, -8.172775243999943, 0.0 ], [ 110.655167350000085, -8.172786664999911, 0.0 ], [ 110.655128803000082, -8.172800941999938, 0.0 ], [ 110.655105675000044, -8.172808651999954, 0.0 ], [ 110.655089542000042, -8.172816645999905, 0.0 ], [ 110.65508026200007, -8.172822356999934, 0.0 ], [ 110.655058847000078, -8.172835205999931, 0.0 ], [ 110.654993785000016, -8.172884538999927, 0.0 ], [ 110.654909993246918, -8.172971528496245, 0.0 ] ], [ [ 110.65752806072733, -8.172853954170503, 0.0 ], [ 110.6575227390001, -8.17285761299992, 0.0 ], [ 110.657484667000062, -8.172874744999916, 0.0 ], [ 110.657459921000054, -8.172889972999933, 0.0 ], [ 110.657435175000046, -8.172903297999969, 0.0 ], [ 110.657410428000048, -8.172914719999937, 0.0 ], [ 110.657395200000025, -8.172924237999926, 0.0 ], [ 110.657372357, -8.172937561999962, 0.0 ], [ 110.657355225000089, -8.172954694999959, 0.0 ], [ 110.657339996000076, -8.172973729999935, 0.0 ], [ 110.657328575000108, -8.17299466999998, 0.0 ], [ 110.657326561234683, -8.173002406561594, 0.0 ] ], [ [ 110.660056156962185, -8.17320077429379, 0.0 ], [ 110.660060717000036, -8.173155148999935, 0.0 ], [ 110.660055857000074, -8.173083610999967, 0.0 ], [ 110.66003271300012, -8.173034049999952, 0.0 ], [ 110.660017009000057, -8.173012633999956, 0.0 ], [ 110.659998449000028, -8.17299550199996, 0.0 ], [ 110.659977034000036, -8.172978369999964, 0.0 ], [ 110.659921355000051, -8.172949817, 0.0 ], [ 110.659894229000116, -8.172934111999943, 0.0 ], [ 110.659858537, -8.172921262999946, 0.0 ], [ 110.65978572500002, -8.172908413999949, 0.0 ], [ 110.659740040000059, -8.172905558999979, 0.0 ], [ 110.659705775000063, -8.172905558999979, 0.0 ], [ 110.659665800000042, -8.172908413999949, 0.0 ], [ 110.659640102000054, -8.172915551999917, 0.0 ], [ 110.659617259000115, -8.172918407999887, 0.0 ], [ 110.659587278000032, -8.172918407999887, 0.0 ], [ 110.659554442000072, -8.172912696999948, 0.0 ], [ 110.659531599000047, -8.172905558999979, 0.0 ], [ 110.659507328000075, -8.17290413099995, 0.0 ], [ 110.659487341000016, -8.172908413999949, 0.0 ], [ 110.659463070000058, -8.172911268999918, 0.0 ], [ 110.659458205665075, -8.172910296235116, 0.0 ] ], [ [ 110.656972407550796, -8.173206154750492, 0.0 ], [ 110.656959424000036, -8.173212016000022, 0.0 ], [ 110.656904361, -8.173236873999947, 0.0 ] ], [ [ 110.660060114271687, -8.173292499136711, 0.0 ], [ 110.660059839000056, -8.173291030999987, 0.0 ], [ 110.660057699689276, -8.173277661337455, 0.0 ] ], [ [ 110.656798590502135, -8.173312475118468, 0.0 ], [ 110.65678348000003, -8.173326326999888, 0.0 ], [ 110.656775984228744, -8.173339176465024, 0.0 ] ], [ [ 110.66016444356444, -8.173497767827467, 0.0 ], [ 110.660164060000056, -8.173496616999945, 0.0 ], [ 110.660162632000038, -8.173480911999977, 0.0 ], [ 110.660161887000058, -8.173468179999901, 0.0 ], [ 110.660158340000038, -8.173451541999945, 0.0 ], [ 110.660148280000087, -8.17343751599994, 0.0 ], [ 110.66014271700007, -8.173429758999919, 0.0 ], [ 110.660126336000047, -8.173417906999916, 0.0 ], [ 110.660115519000044, -8.173413812000021, 0.0 ], [ 110.660099814000077, -8.173399534999906, 0.0 ], [ 110.660086965000076, -8.173385257999968, 0.0 ], [ 110.660075544000023, -8.173363842999972, 0.0 ], [ 110.660072165040333, -8.17335145295516, 0.0 ] ], [ [ 110.656767390850206, -8.173352940186032, 0.0 ], [ 110.656760637000019, -8.173363445999939, 0.0 ], [ 110.656739222000013, -8.173382005999965, 0.0 ], [ 110.656723518000049, -8.173397710999932, 0.0 ], [ 110.656717183738493, -8.173408569371912, 0.0 ] ], [ [ 110.656511880173767, -8.173466420398015, 0.0 ], [ 110.656500800000089, -8.173457673, 0.0 ], [ 110.65648509600004, -8.173459100999949, 0.0 ], [ 110.656475517834494, -8.173477450295366, 0.0 ] ], [ [ 110.660461757877869, -8.173896350052114, 0.0 ], [ 110.660463951000096, -8.173881137999963, 0.0 ], [ 110.660455623000118, -8.173866860999937, 0.0 ], [ 110.660435688000064, -8.173849356999909, 0.0 ], [ 110.660416362000063, -8.173839496999982, 0.0 ], [ 110.660398516000015, -8.173824030999945, 0.0 ], [ 110.660395682581168, -8.173822681709666, 0.0 ] ], [ [ 110.660503560911081, -8.174098440109514, 0.0 ], [ 110.660513920000056, -8.174095289, 0.0 ], [ 110.66052700700007, -8.174079822999971, 0.0 ], [ 110.660528196000087, -8.174067924999964, 0.0 ], [ 110.660528196000087, -8.174056027999956, 0.0 ], [ 110.660524627000058, -8.174046509999968, 0.0 ], [ 110.660513660953313, -8.174027446994927, 0.0 ] ], [ [ 110.661500432665292, -8.174730605, 0.0 ], [ 110.6614871190001, -8.174730605, 0.0 ], [ 110.66147284200008, -8.174737743999962, 0.0 ], [ 110.661459755000067, -8.17475320999991, 0.0 ], [ 110.661451427000088, -8.174772245999975, 0.0 ], [ 110.661446940942426, -8.174782215715251, 0.0 ] ], [ [ 110.661353847304468, -8.17485410941007, 0.0 ], [ 110.661347921000043, -8.174856716999948, 0.0 ], [ 110.661322936000019, -8.174868613999955, 0.0 ], [ 110.661310310981747, -8.174875557919172, 0.0 ] ], [ [ 110.660975910358474, -8.174982484008932, 0.0 ], [ 110.660963638000055, -8.174984018, 0.0 ], [ 110.660933894000067, -8.174989966999959, 0.0 ], [ 110.660902961, -8.174994726, 0.0 ], [ 110.660876787000063, -8.175005433, 0.0 ], [ 110.660850613000022, -8.175014950999984, 0.0 ], [ 110.660824439000081, -8.175025657999981, 0.0 ], [ 110.660803024000074, -8.175030416999931, 0.0 ], [ 110.660757814000078, -8.175037555999989, 0.0 ], [ 110.660744133, -8.175041124999929, 0.0 ], [ 110.660734721310718, -8.175045041128151, 0.0 ] ], [ [ 110.662996536000037, -8.175869618, 0.0 ], [ 110.662982975000062, -8.175915965999927, 0.0 ], [ 110.662978216000027, -8.175992108999921, 0.0 ], [ 110.66298059500005, -8.176025420999924, 0.0 ], [ 110.662985622000107, -8.176061551999982, 0.0 ], [ 110.662981716000047, -8.176103503, 0.0 ], [ 110.662969680000032, -8.176151265999945, 0.0 ], [ 110.662965367000112, -8.176187224999989, 0.0 ], [ 110.662965367000112, -8.176210066999925, 0.0 ], [ 110.662964079236446, -8.176231954472915, 0.0 ] ], [ [ 110.662748917795682, -8.176370837204274, 0.0 ], [ 110.66274264900008, -8.176377105999979, 0.0 ], [ 110.662732655000042, -8.176397092999945, 0.0 ], [ 110.662735428592327, -8.176405412805501, 0.0 ] ], [ [ 110.662654388560227, -8.176516642355871, 0.0 ], [ 110.662644140000097, -8.176521301, 0.0 ], [ 110.662601309000109, -8.176535577999946, 0.0 ], [ 110.662547369753256, -8.17656600559026, 0.0 ] ], [ [ 110.662535826290707, -8.176570418220965, 0.0 ], [ 110.662488523, -8.176586973999935, 0.0 ], [ 110.662461397000072, -8.176594112, 0.0 ], [ 110.662433046315073, -8.176603562629516, 0.0 ] ] ] } },
{ "type": "Feature", "properties": { "FID_Garis_": 2693, "OBJECTID": 32921, "NAMOBJ": "Garis Pantai", "FCODE": "DB02080140", "REMARK": null, "METADATA": null, "SRS_ID": "4326", "DTMVER": 2, "ELEVAS": 0.0, "KARGPN": 3, "TIPGPN": 4, "KODGPN": null, "THNSBDATA": "2025", "SBDATA": 6, "SKL": 6, "THNPBL": "2025", "KET": null, "SHAPE_Leng": 0.02960732113, "FID_Batas_": 4724, "OBJECTID_1": 4154.0, "NAMOBJ_1": "Tepus", "FCODE_1": "BA03070040", "REMARK_1": null, "METADATA_1": "TASWIL1000020221227_DATA_BATAS_DESAKELURAHAN", "SRS_ID_1": "4326", "KDBBPS": null, "KDCBPS": null, "KDCPUM": "34.03.07", "KDEBPS": null, "KDEPUM": "34.03.07.2004", "KDPBPS": null, "KDPKAB": "34.03", "KDPPUM": "34", "LUASWH": 0.0, "TIPADM": 1.0, "WADMKC": "Tepus", "WADMKD": "Tepus", "WADMKK": "Gunungkidul", "WADMPR": "Daerah Istimewa Yogyakarta", "WIADKC": null, "WIADKK": null, "WIADPR": null, "WIADKD": null, "UUPP": "Data dari Pemerintah Daerah", "LUAS": 28.23340969 }, "geometry": { "type": "MultiLineString", "coordinates": [ [ [ 110.635855385519164, -8.161651122854821, 0.0 ], [ 110.635848678000102, -8.161574179999977, 0.0 ], [ 110.635663080000114, -8.161317197999942, 0.0 ], [ 110.635520312000011, -8.161181568999911, 0.0 ], [ 110.635092009000019, -8.161103046999898, 0.0 ], [ 110.634549492000076, -8.160910309999938, 0.0 ], [ 110.633957006000074, -8.160796096, 0.0 ], [ 110.633443043000099, -8.160646189999934, 0.0 ], [ 110.633171784000041, -8.160446315999916, 0.0 ], [ 110.632936217000079, -8.160310685999974, 0.0 ], [ 110.632757758000054, -8.160182194999912, 0.0 ], [ 110.632565021000104, -8.160103672999988, 0.0 ], [ 110.632204812009292, -8.160135343295174, 0.0 ] ], [ [ 110.636786204622382, -8.162017355782716, 0.0 ], [ 110.636790487000042, -8.161996800999951, 0.0 ], [ 110.636798101000053, -8.16195492199995, 0.0 ], [ 110.636803812000082, -8.161920657999957, 0.0 ], [ 110.63680952300011, -8.161888296999944, 0.0 ], [ 110.636815234000039, -8.161863550999939, 0.0 ], [ 110.636815234000039, -8.161834996999975, 0.0 ], [ 110.636805716000055, -8.161808347, 0.0 ], [ 110.636775259000018, -8.16180644400001, 0.0 ], [ 110.636733380000024, -8.16181786499989, 0.0 ], [ 110.636697212000058, -8.161844514999963, 0.0 ], [ 110.636678177000078, -8.161863550999939, 0.0 ], [ 110.636657237000037, -8.161901621999981, 0.0 ], [ 110.636640105000126, -8.161935886999974, 0.0 ], [ 110.636622973000044, -8.16195301899997, 0.0 ], [ 110.636603937000061, -8.161992993999903, 0.0 ], [ 110.636603770702862, -8.161993096334577, 0.0 ] ], [ [ 110.636872341000071, -8.1628003624615, 0.0 ], [ 110.636872341000071, -8.162741095999895, 0.0 ], [ 110.636872341000071, -8.162708735999971, 0.0 ], [ 110.636866630000043, -8.162680182, 0.0 ], [ 110.63685759532072, -8.162635009552446, 0.0 ] ], [ [ 110.639274250882522, -8.164015375197344, 0.0 ], [ 110.63926005000009, -8.163978098999927, 0.0 ], [ 110.639236256000075, -8.163947165999943, 0.0 ], [ 110.639200564000049, -8.163909094, 0.0 ], [ 110.639186287000115, -8.163896006999973, 0.0 ], [ 110.639053812000085, -8.163565788999918, 0.0 ], [ 110.63893959800005, -8.163387328999896, 0.0 ], [ 110.638832522000072, -8.163166038999972, 0.0 ], [ 110.638575540000033, -8.163058964, 0.0 ], [ 110.638339973000086, -8.162973302999923, 0.0 ], [ 110.638093365508766, -8.163050034208066, 0.0 ] ], [ [ 110.638037477277294, -8.163067613612842, 0.0 ], [ 110.637941986000016, -8.163098242999958, 0.0 ], [ 110.637902171000093, -8.163125616999913, 0.0 ], [ 110.637873618000043, -8.163142749, 0.0 ], [ 110.637843161, -8.163152266999898, 0.0 ], [ 110.637806993000126, -8.163157977999926, 0.0 ], [ 110.637789861000044, -8.163165591999935, 0.0 ], [ 110.637747982000036, -8.163182723999931, 0.0 ], [ 110.637721332000055, -8.163194145999988, 0.0 ], [ 110.63766612900011, -8.163203662999976, 0.0 ], [ 110.637635672000073, -8.163203662999976, 0.0 ], [ 110.637591890000095, -8.163201759999907, 0.0 ], [ 110.637558897408496, -8.163198010779151, 0.0 ] ], [ [ 110.640583038652949, -8.164702786985192, 0.0 ], [ 110.640530965, -8.164705703, 0.0 ], [ 110.64042796600009, -8.164738576999966, 0.0 ], [ 110.640373428626447, -8.164777421103722, 0.0 ] ], [ [ 110.641316531467609, -8.164713543448823, 0.0 ], [ 110.641307862000062, -8.164712304999924, 0.0 ], [ 110.641273598000069, -8.164710401999944, 0.0 ], [ 110.641233623000048, -8.164716111999972, 0.0 ], [ 110.641187937, -8.164723726999981, 0.0 ], [ 110.641155577000077, -8.16472943699992, 0.0 ], [ 110.64111750500004, -8.164740858999977, 0.0 ], [ 110.64110552665052, -8.164743036829716, 0.0 ] ], [ [ 110.641537149254589, -8.165765095711333, 0.0 ], [ 110.641536290000047, -8.165757363999973, 0.0 ], [ 110.641534489461492, -8.165746560768596, 0.0 ] ], [ [ 110.643148080665512, -8.166987268642458, 0.0 ], [ 110.643126817000024, -8.166980502999923, 0.0 ], [ 110.643096360000072, -8.166974791999984, 0.0 ], [ 110.643079228, -8.166970984999935, 0.0 ], [ 110.643050675000026, -8.166967177999975, 0.0 ], [ 110.643031639000043, -8.166967177999975, 0.0 ], [ 110.643011565256671, -8.166968181397163, 0.0 ] ] ] } },
{ "type": "Feature", "properties": { "FID_Garis_": 2693, "OBJECTID": 32921, "NAMOBJ": "Garis Pantai", "FCODE": "DB02080140", "REMARK": null, "METADATA": null, "SRS_ID": "4326", "DTMVER": 2, "ELEVAS": 0.0, "KARGPN": 3, "TIPGPN": 4, "KODGPN": null, "THNSBDATA": "2025", "SBDATA": 6, "SKL": 6, "THNPBL": "2025", "KET": null, "SHAPE_Leng": 0.02960732113, "FID_Batas_": 17064, "OBJECTID_1": 18664.0, "NAMOBJ_1": "Purwodadi", "FCODE_1": "BA03070040", "REMARK_1": null, "METADATA_1": "TASWIL1000020221227_DATA_BATAS_DESAKELURAHAN", "SRS_ID_1": "4326", "KDBBPS": null, "KDCBPS": null, "KDCPUM": "34.03.07", "KDEBPS": null, "KDEPUM": "34.03.07.2005", "KDPBPS": null, "KDPKAB": "34.03", "KDPPUM": "34", "LUASWH": 0.0, "TIPADM": 1.0, "WADMKC": "Tepus", "WADMKD": "Purwodadi", "WADMKK": "Gunungkidul", "WADMPR": "Daerah Istimewa Yogyakarta", "WIADKC": null, "WIADKK": null, "WIADPR": null, "WIADKD": null, "UUPP": "Data dari Pemerintah Daerah", "LUAS": 21.90660263 }, "geometry": { "type": "MultiLineString", "coordinates": [ [ [ 110.646406941902995, -8.16805175056933, 0.0 ], [ 110.646403863, -8.168050430999898, 0.0 ], [ 110.646363412000113, -8.168038533999979, 0.0 ], [ 110.646296787000026, -8.168024256999953, 0.0 ], [ 110.646261095000085, -8.168019498, 0.0 ], [ 110.646223024000051, -8.168000461999938, 0.0 ], [ 110.646184952000098, -8.167979046999942, 0.0 ], [ 110.64614688100005, -8.167969528999954, 0.0 ], [ 110.646101671000054, -8.167957631999947, 0.0 ], [ 110.646058841000055, -8.167938595999971, 0.0 ], [ 110.646039805000072, -8.167917180999975, 0.0 ], [ 110.646023149000115, -8.16789338699996, 0.0 ], [ 110.645999354000111, -8.167874350999984, 0.0 ], [ 110.645963662000085, -8.167857694999938, 0.0 ], [ 110.645927970000059, -8.167843418, 0.0 ], [ 110.645904176000045, -8.167833899999923, 0.0 ], [ 110.645861345000057, -8.167833899999923, 0.0 ], [ 110.645832792000093, -8.167833899999923, 0.0 ], [ 110.645787582000082, -8.167841038999981, 0.0 ], [ 110.645739993000049, -8.167850555999969, 0.0 ], [ 110.64572095700008, -8.167852935999989, 0.0 ], [ 110.645675748000059, -8.167855314999919, 0.0 ], [ 110.645661875000073, -8.167856774999951, 0.0 ], [ 110.645600095443584, -8.167874463476767, 0.0 ] ], [ [ 110.647340803968987, -8.168432926286453, 0.0 ], [ 110.64733185200005, -8.168407349999942, 0.0 ], [ 110.64731757600002, -8.168374037999939, 0.0 ], [ 110.64730091900006, -8.168343104999956, 0.0 ], [ 110.647279504000068, -8.168314551, 0.0 ], [ 110.647255710000053, -8.168297894999945, 0.0 ], [ 110.64722239700005, -8.168281238999988, 0.0 ], [ 110.647191464000059, -8.168264582999942, 0.0 ], [ 110.647174808000017, -8.168250305999916, 0.0 ], [ 110.64714387500004, -8.168226510999901, 0.0 ], [ 110.647112942000049, -8.168214613999982, 0.0 ], [ 110.64709390600008, -8.168214613999982, 0.0 ], [ 110.647041558000097, -8.168209854999944, 0.0 ], [ 110.647020310032715, -8.16820055904909, 0.0 ] ], [ [ 110.650247180898688, -8.169347932359408, 0.0 ], [ 110.650250031, -8.169329406999939, 0.0 ], [ 110.650250031, -8.169307991999943, 0.0 ], [ 110.650266548000033, -8.169264591999905, 0.0 ], [ 110.650264415000038, -8.169238397999958, 0.0 ], [ 110.650233375000042, -8.169208054999935, 0.0 ], [ 110.650209580000123, -8.16917950099997, 0.0 ], [ 110.650181027000059, -8.16913905, 0.0 ], [ 110.65016199100009, -8.169110496999945, 0.0 ], [ 110.650140576000098, -8.16908908199995, 0.0 ], [ 110.650119161000106, -8.169079563999961, 0.0 ], [ 110.650088228000115, -8.169070045999973, 0.0 ], [ 110.650064433000097, -8.169058148999966, 0.0 ], [ 110.650045398000117, -8.169024835999963, 0.0 ], [ 110.650035880000047, -8.169005800999987, 0.0 ], [ 110.65000494700007, -8.168979626999953, 0.0 ], [ 110.649964496000095, -8.168962969999907, 0.0 ], [ 110.649962653671665, -8.168962739702792, 0.0 ] ], [ [ 110.648919376243583, -8.169025714937685, 0.0 ], [ 110.648904962000088, -8.169030149999958, 0.0 ], [ 110.648852026000057, -8.169047651999986, 0.0 ], [ 110.648830237000126, -8.169061696, 0.0 ], [ 110.64880723504227, -8.169080327057046, 0.0 ] ], [ [ 110.650667402980716, -8.169356353215953, 0.0 ], [ 110.650664057000057, -8.169355580999973, 0.0 ], [ 110.650621227000073, -8.169360340000011, 0.0 ], [ 110.650595053000046, -8.169376996999969, 0.0 ], [ 110.65057363800004, -8.169400790999894, 0.0 ], [ 110.65056916124837, -8.169427651509888, 0.0 ] ], [ [ 110.650405852383273, -8.169552469519683, 0.0 ], [ 110.65038228500002, -8.169559268999951, 0.0 ], [ 110.650379246075886, -8.169563046895369, 0.0 ] ], [ [ 110.651190741629037, -8.169675036325987, 0.0 ], [ 110.651165517730249, -8.169654337542589, 0.0 ] ], [ [ 110.651545100594504, -8.169813401762696, 0.0 ], [ 110.651524946000066, -8.16979459199997, 0.0 ], [ 110.651494965000069, -8.169777459999974, 0.0 ], [ 110.651462129, -8.169766038, 0.0 ], [ 110.651433575000055, -8.16975604499989, 0.0 ], [ 110.651387890000095, -8.169746050999951, 0.0 ], [ 110.651334143000085, -8.169736225999937, 0.0 ], [ 110.651277734925074, -8.16971050461909, 0.0 ] ], [ [ 110.651605832132702, -8.169845371729636, 0.0 ], [ 110.651603469000079, -8.169843133, 0.0 ], [ 110.65160139202743, -8.169842416797337, 0.0 ] ], [ [ 110.651758743963541, -8.169939951018748, 0.0 ], [ 110.651756230000018, -8.169934504, 0.0 ], [ 110.651739098000107, -8.169914516999945, 0.0 ], [ 110.651719111000048, -8.169901667999948, 0.0 ], [ 110.651681991000089, -8.16988739100001, 0.0 ], [ 110.651666727130106, -8.169883574865402, 0.0 ] ], [ [ 110.652099003700371, -8.170068705999913, 0.0 ], [ 110.652086023000038, -8.170068705999913, 0.0 ], [ 110.652056042000041, -8.170068705999913, 0.0 ], [ 110.652023206000081, -8.170068705999913, 0.0 ], [ 110.652004646000051, -8.170068705999913, 0.0 ], [ 110.65197894800005, -8.170065849999943, 0.0 ], [ 110.651961816000068, -8.170058711999975, 0.0 ], [ 110.651937545000095, -8.170043007999919, 0.0 ], [ 110.651906136000065, -8.170017308999924, 0.0 ], [ 110.651891859000045, -8.169998749999898, 0.0 ], [ 110.651874727000049, -8.16998447299996, 0.0 ], [ 110.651853312000057, -8.169978761999932, 0.0 ], [ 110.651826186000022, -8.169978761999932, 0.0 ], [ 110.651811032803025, -8.169978761999932, 0.0 ] ], [ [ 110.652598785000094, -8.169987030999906, 0.0 ], [ 110.652572861000081, -8.169993038999959, 0.0 ], [ 110.652562867000057, -8.169993038999959, 0.0 ], [ 110.652544308000117, -8.169991610999929, 0.0 ], [ 110.652527175000031, -8.169990183999989, 0.0 ], [ 110.652511471000068, -8.169990183999989, 0.0 ], [ 110.652488628000043, -8.169998749999898, 0.0 ], [ 110.652474351000109, -8.170013025999925, 0.0 ], [ 110.652460075000079, -8.170025875999922, 0.0 ], [ 110.652438660000087, -8.17003301399998, 0.0 ], [ 110.652415817000048, -8.170034442, 0.0 ], [ 110.652395829000085, -8.17003586899995, 0.0 ], [ 110.652377269000056, -8.17003301399998, 0.0 ], [ 110.652358710000044, -8.170031585999951, 0.0 ], [ 110.652343005000063, -8.170028730999981, 0.0 ], [ 110.652321590000071, -8.170028730999981, 0.0 ], [ 110.652264956000096, -8.17003062999996, 0.0 ], [ 110.652185310000078, -8.17004515, 0.0 ], [ 110.652169584189025, -8.170050826880662, 0.0 ] ] ] } },
{ "type": "Feature", "properties": { "FID_Garis_": 2694, "OBJECTID": 32922, "NAMOBJ": "Garis Pantai", "FCODE": "DB02080140", "REMARK": null, "METADATA": null, "SRS_ID": "4326", "DTMVER": 2, "ELEVAS": 0.0, "KARGPN": 3, "TIPGPN": 4, "KODGPN": null, "THNSBDATA": "2025", "SBDATA": 6, "SKL": 6, "THNPBL": "2025", "KET": null, "SHAPE_Leng": 0.00558499961, "FID_Batas_": 17064, "OBJECTID_1": 18664.0, "NAMOBJ_1": "Purwodadi", "FCODE_1": "BA03070040", "REMARK_1": null, "METADATA_1": "TASWIL1000020221227_DATA_BATAS_DESAKELURAHAN", "SRS_ID_1": "4326", "KDBBPS": null, "KDCBPS": null, "KDCPUM": "34.03.07", "KDEBPS": null, "KDEPUM": "34.03.07.2005", "KDPBPS": null, "KDPKAB": "34.03", "KDPPUM": "34", "LUASWH": 0.0, "TIPADM": 1.0, "WADMKC": "Tepus", "WADMKD": "Purwodadi", "WADMKK": "Gunungkidul", "WADMPR": "Daerah Istimewa Yogyakarta", "WIADKC": null, "WIADKK": null, "WIADPR": null, "WIADKD": null, "UUPP": "Data dari Pemerintah Daerah", "LUAS": 21.90660263 }, "geometry": { "type": "MultiLineString", "coordinates": [ [ [ 110.652553627163343, -8.170665264048207, 0.0 ], [ 110.652570232000045, -8.170660893999973, 0.0 ], [ 110.652617345000039, -8.170656610999973, 0.0 ], [ 110.652635905000054, -8.170653756, 0.0 ], [ 110.652650896000054, -8.170651613999915, 0.0 ], [ 110.652677308000108, -8.170641619999977, 0.0 ], [ 110.652688729000076, -8.170633767999949, 0.0 ] ], [ [ 110.652344657136098, -8.170771301636428, 0.0 ], [ 110.652378923000114, -8.170763686999951, 0.0 ], [ 110.652413187, -8.170747981999984, 0.0 ], [ 110.652443169, -8.170727994999929, 0.0 ], [ 110.652467439000063, -8.170718001, 0.0 ], [ 110.652490282000088, -8.170700869, 0.0 ], [ 110.652505986000051, -8.170689447999937, 0.0 ], [ 110.652513208392691, -8.170684482466708, 0.0 ] ], [ [ 110.652070880957837, -8.170920332686418, 0.0 ], [ 110.652080539000025, -8.170915020999949, 0.0 ], [ 110.652101954000017, -8.170902171999952, 0.0 ], [ 110.652130507000066, -8.170890749999984, 0.0 ], [ 110.65215335, -8.170879328999927, 0.0 ], [ 110.652186187000069, -8.170867906999959, 0.0 ], [ 110.652216168000052, -8.170853630999932, 0.0 ], [ 110.652231872000115, -8.170840781000024, 0.0 ], [ 110.652250432000045, -8.170826505, 0.0 ], [ 110.652264709000079, -8.17081936599994, 0.0 ], [ 110.652273320658225, -8.170812189953249, 0.0 ] ], [ [ 110.651927190477878, -8.171054551980674, 0.0 ], [ 110.651937374000084, -8.171040972999979, 0.0 ], [ 110.651943292363129, -8.171027447241688, 0.0 ] ], [ [ 110.652010989506309, -8.171316089684257, 0.0 ], [ 110.652001939892529, -8.171320477459556, 0.0 ] ], [ [ 110.65361063901409, -8.171839157422713, 0.0 ], [ 110.653606566000079, -8.171835355999981, 0.0 ], [ 110.653587531000099, -8.171808707, 0.0 ], [ 110.65356849500003, -8.171785863999972, 0.0 ], [ 110.65354565200002, -8.171764923999927, 0.0 ], [ 110.653517099000055, -8.171745888999951, 0.0 ], [ 110.653480931000075, -8.171732564, 0.0 ], [ 110.653410499000103, -8.171715431999917, 0.0 ], [ 110.653368620000023, -8.171700202999901, 0.0 ], [ 110.65333054900006, -8.171692588999981, 0.0 ], [ 110.653296285000067, -8.171686877999953, 0.0 ], [ 110.653256310000046, -8.171683071, 0.0 ], [ 110.653227756, -8.171686877999953, 0.0 ], [ 110.653208721000027, -8.171692588999981, 0.0 ], [ 110.653180167000059, -8.171700202999901, 0.0 ], [ 110.653151613, -8.171711624999958, 0.0 ], [ 110.653106711310798, -8.171733553336438, 0.0 ] ], [ [ 110.653725873493926, -8.171948394816955, 0.0 ], [ 110.653724588000074, -8.171932438999931, 0.0 ], [ 110.653705552000105, -8.171917209999915, 0.0 ], [ 110.65368842, -8.171903884999967, 0.0 ], [ 110.653673172909848, -8.171893720273218, 0.0 ] ], [ [ 110.653946079683209, -8.172376930018945, 0.0 ], [ 110.653963200000106, -8.172339040999912, 0.0 ], [ 110.653943329363671, -8.172332818653452, 0.0 ] ] ] } },
{ "type": "Feature", "properties": { "FID_Garis_": 2695, "OBJECTID": 32923, "NAMOBJ": "Garis Pantai", "FCODE": "DB02080140", "REMARK": null, "METADATA": null, "SRS_ID": "4326", "DTMVER": 2, "ELEVAS": 0.0, "KARGPN": 5, "TIPGPN": 4, "KODGPN": null, "THNSBDATA": "2025", "SBDATA": 6, "SKL": 6, "THNPBL": "2025", "KET": null, "SHAPE_Leng": 0.00083713727, "FID_Batas_": 17064, "OBJECTID_1": 18664.0, "NAMOBJ_1": "Purwodadi", "FCODE_1": "BA03070040", "REMARK_1": null, "METADATA_1": "TASWIL1000020221227_DATA_BATAS_DESAKELURAHAN", "SRS_ID_1": "4326", "KDBBPS": null, "KDCBPS": null, "KDCPUM": "34.03.07", "KDEBPS": null, "KDEPUM": "34.03.07.2005", "KDPBPS": null, "KDPKAB": "34.03", "KDPPUM": "34", "LUASWH": 0.0, "TIPADM": 1.0, "WADMKC": "Tepus", "WADMKD": "Purwodadi", "WADMKK": "Gunungkidul", "WADMPR": "Daerah Istimewa Yogyakarta", "WIADKC": null, "WIADKK": null, "WIADPR": null, "WIADKD": null, "UUPP": "Data dari Pemerintah Daerah", "LUAS": 21.90660263 }, "geometry": { "type": "MultiLineString", "coordinates": [ [ [ 110.652674510461637, -8.169985602999965, 0.0 ], [ 110.652668741000113, -8.169985602999965, 0.0 ], [ 110.652650182000087, -8.169987030999906, 0.0 ], [ 110.652620200000086, -8.169982747999907, 0.0 ], [ 110.652598785000094, -8.169987030999906, 0.0 ] ], [ [ 110.652688729000076, -8.170633767999949, 0.0 ], [ 110.65269243000003, -8.170628118999925, 0.0 ], [ 110.652699879095593, -8.170596680201339, 0.0 ] ] ] } },
{ "type": "Feature", "properties": { "FID_Garis_": 2698, "OBJECTID": 32926, "NAMOBJ": "Garis Pantai", "FCODE": "DB02080140", "REMARK": null, "METADATA": null, "SRS_ID": "4326", "DTMVER": 2, "ELEVAS": 0.0, "KARGPN": 5, "TIPGPN": 4, "KODGPN": null, "THNSBDATA": "2025", "SBDATA": 6, "SKL": 6, "THNPBL": "2025", "KET": null, "SHAPE_Leng": 0.00341887599, "FID_Batas_": 4724, "OBJECTID_1": 4154.0, "NAMOBJ_1": "Tepus", "FCODE_1": "BA03070040", "REMARK_1": null, "METADATA_1": "TASWIL1000020221227_DATA_BATAS_DESAKELURAHAN", "SRS_ID_1": "4326", "KDBBPS": null, "KDCBPS": null, "KDCPUM": "34.03.07", "KDEBPS": null, "KDEPUM": "34.03.07.2004", "KDPBPS": null, "KDPKAB": "34.03", "KDPPUM": "34", "LUASWH": 0.0, "TIPADM": 1.0, "WADMKC": "Tepus", "WADMKD": "Tepus", "WADMKK": "Gunungkidul", "WADMPR": "Daerah Istimewa Yogyakarta", "WIADKC": null, "WIADKK": null, "WIADPR": null, "WIADKD": null, "UUPP": "Data dari Pemerintah Daerah", "LUAS": 28.23340969 }, "geometry": { "type": "MultiLineString", "coordinates": [ [ [ 110.6276047104529, -8.158891906648993, 0.0 ], [ 110.627825135000052, -8.158754518999913, 0.0 ], [ 110.628017872000015, -8.158761656999971, 0.0 ], [ 110.628246300000086, -8.158825902999958, 0.0 ], [ 110.628581804000049, -8.158940116999904, 0.0 ], [ 110.628701623000012, -8.159078360999974, 0.0 ] ], [ [ 110.628977326900781, -8.159260046216001, 0.0 ], [ 110.629445548, -8.159282758999922, 0.0 ], [ 110.629716807000079, -8.159289896999979, 0.0 ], [ 110.630045172000067, -8.159354142999966, 0.0 ], [ 110.630280739000014, -8.159454079999975, 0.0 ], [ 110.630495300140154, -8.159715200076647, 0.0 ] ] ] } },
{ "type": "Feature", "properties": { "FID_Garis_": 2699, "OBJECTID": 32927, "NAMOBJ": "Garis Pantai", "FCODE": "DB02080140", "REMARK": null, "METADATA": null, "SRS_ID": "4326", "DTMVER": 2, "ELEVAS": 0.0, "KARGPN": 3, "TIPGPN": 4, "KODGPN": null, "THNSBDATA": "2025", "SBDATA": 6, "SKL": 6, "THNPBL": "2025", "KET": null, "SHAPE_Leng": 0.0032404141, "FID_Batas_": 4724, "OBJECTID_1": 4154.0, "NAMOBJ_1": "Tepus", "FCODE_1": "BA03070040", "REMARK_1": null, "METADATA_1": "TASWIL1000020221227_DATA_BATAS_DESAKELURAHAN", "SRS_ID_1": "4326", "KDBBPS": null, "KDCBPS": null, "KDCPUM": "34.03.07", "KDEBPS": null, "KDEPUM": "34.03.07.2004", "KDPBPS": null, "KDPKAB": "34.03", "KDPPUM": "34", "LUASWH": 0.0, "TIPADM": 1.0, "WADMKC": "Tepus", "WADMKD": "Tepus", "WADMKK": "Gunungkidul", "WADMPR": "Daerah Istimewa Yogyakarta", "WIADKC": null, "WIADKK": null, "WIADPR": null, "WIADKD": null, "UUPP": "Data dari Pemerintah Daerah", "LUAS": 28.23340969 }, "geometry": { "type": "MultiLineString", "coordinates": [ [ [ 110.625414698000014, -8.158296096999909, 0.0 ], [ 110.625496851000051, -8.158275621, 0.0 ], [ 110.625532543000077, -8.158275621, 0.0 ], [ 110.625561097000045, -8.15828275999996, 0.0 ], [ 110.625618204000062, -8.158297035999986, 0.0 ], [ 110.625653896000074, -8.158322020999922, 0.0 ], [ 110.625678880000109, -8.158343435999917, 0.0 ], [ 110.625714572000035, -8.158386266, 0.0 ], [ 110.625746960000058, -8.158461057999968, 0.0 ], [ 110.625789070938168, -8.158551926041326, 0.0 ] ], [ [ 110.626976746303072, -8.158938163405729, 0.0 ], [ 110.626985204, -8.15894305999997, 0.0 ], [ 110.627007542432267, -8.158955244547652, 0.0 ] ] ] } },
{ "type": "Feature", "properties": { "FID_Garis_": 2700, "OBJECTID": 32928, "NAMOBJ": "Garis Pantai", "FCODE": "DB02080140", "REMARK": null, "METADATA": null, "SRS_ID": "4326", "DTMVER": 2, "ELEVAS": 0.0, "KARGPN": 5, "TIPGPN": 4, "KODGPN": null, "THNSBDATA": "2025", "SBDATA": 6, "SKL": 6, "THNPBL": "2025", "KET": null, "SHAPE_Leng": 0.001537474, "FID_Batas_": 4724, "OBJECTID_1": 4154.0, "NAMOBJ_1": "Tepus", "FCODE_1": "BA03070040", "REMARK_1": null, "METADATA_1": "TASWIL1000020221227_DATA_BATAS_DESAKELURAHAN", "SRS_ID_1": "4326", "KDBBPS": null, "KDCBPS": null, "KDCPUM": "34.03.07", "KDEBPS": null, "KDEPUM": "34.03.07.2004", "KDPBPS": null, "KDPKAB": "34.03", "KDPPUM": "34", "LUASWH": 0.0, "TIPADM": 1.0, "WADMKC": "Tepus", "WADMKD": "Tepus", "WADMKK": "Gunungkidul", "WADMPR": "Daerah Istimewa Yogyakarta", "WIADKC": null, "WIADKK": null, "WIADPR": null, "WIADKD": null, "UUPP": "Data dari Pemerintah Daerah", "LUAS": 28.23340969 }, "geometry": { "type": "MultiLineString", "coordinates": [ [ [ 110.623779725000091, -8.157266833999923, 0.0 ], [ 110.623838151000129, -8.157271702999971, 0.0 ], [ 110.62389342600008, -8.157285477999956, 0.0 ], [ 110.623974422000032, -8.157318709999952, 0.0 ], [ 110.624043948000093, -8.157355128999946, 0.0 ], [ 110.624100342100064, -8.157393279144145, 0.0 ] ] ] } },
{ "type": "Feature", "properties": { "FID_Garis_": 2701, "OBJECTID": 32929, "NAMOBJ": "Garis Pantai", "FCODE": "DB02080140", "REMARK": null, "METADATA": null, "SRS_ID": "4326", "DTMVER": 2, "ELEVAS": 0.0, "KARGPN": 3, "TIPGPN": 4, "KODGPN": null, "THNSBDATA": "2025", "SBDATA": 6, "SKL": 6, "THNPBL": "2025", "KET": null, "SHAPE_Leng": 0.0018866155, "FID_Batas_": 4724, "OBJECTID_1": 4154.0, "NAMOBJ_1": "Tepus", "FCODE_1": "BA03070040", "REMARK_1": null, "METADATA_1": "TASWIL1000020221227_DATA_BATAS_DESAKELURAHAN", "SRS_ID_1": "4326", "KDBBPS": null, "KDCBPS": null, "KDCPUM": "34.03.07", "KDEBPS": null, "KDEPUM": "34.03.07.2004", "KDPBPS": null, "KDPKAB": "34.03", "KDPPUM": "34", "LUASWH": 0.0, "TIPADM": 1.0, "WADMKC": "Tepus", "WADMKD": "Tepus", "WADMKK": "Gunungkidul", "WADMPR": "Daerah Istimewa Yogyakarta", "WIADKC": null, "WIADKK": null, "WIADPR": null, "WIADKD": null, "UUPP": "Data dari Pemerintah Daerah", "LUAS": 28.23340969 }, "geometry": { "type": "MultiLineString", "coordinates": [ [ [ 110.622843176000046, -8.15687116999996, 0.0 ], [ 110.622956550023545, -8.156862659269617, 0.0 ] ], [ [ 110.623544198901641, -8.157206875140801, 0.0 ], [ 110.623697485000037, -8.157262733999939, 0.0 ], [ 110.623779725000091, -8.157266833999923, 0.0 ] ] ] } },
{ "type": "Feature", "properties": { "FID_Garis_": 2705, "OBJECTID": 32933, "NAMOBJ": "Garis Pantai", "FCODE": "DB02080140", "REMARK": null, "METADATA": null, "SRS_ID": "4326", "DTMVER": 2, "ELEVAS": 0.0, "KARGPN": 3, "TIPGPN": 4, "KODGPN": null, "THNSBDATA": "2025", "SBDATA": 6, "SKL": 6, "THNPBL": "2025", "KET": null, "SHAPE_Leng": 0.00243959816, "FID_Batas_": 4724, "OBJECTID_1": 4154.0, "NAMOBJ_1": "Tepus", "FCODE_1": "BA03070040", "REMARK_1": null, "METADATA_1": "TASWIL1000020221227_DATA_BATAS_DESAKELURAHAN", "SRS_ID_1": "4326", "KDBBPS": null, "KDCBPS": null, "KDCPUM": "34.03.07", "KDEBPS": null, "KDEPUM": "34.03.07.2004", "KDPBPS": null, "KDPKAB": "34.03", "KDPPUM": "34", "LUASWH": 0.0, "TIPADM": 1.0, "WADMKC": "Tepus", "WADMKD": "Tepus", "WADMKK": "Gunungkidul", "WADMPR": "Daerah Istimewa Yogyakarta", "WIADKC": null, "WIADKK": null, "WIADPR": null, "WIADKD": null, "UUPP": "Data dari Pemerintah Daerah", "LUAS": 28.23340969 }, "geometry": { "type": "MultiLineString", "coordinates": [ [ [ 110.615387678965732, -8.152362944044302, 0.0 ], [ 110.615422586934159, -8.152382855217368, 0.0 ] ], [ [ 110.616168659692761, -8.153150598292349, 0.0 ], [ 110.616209339000051, -8.153175305999962, 0.0 ], [ 110.616268350000055, -8.153226701999952, 0.0 ], [ 110.616323553000086, -8.153276194999961, 0.0 ], [ 110.616397140000046, -8.153330785999859, 0.0 ] ] ] } },
{ "type": "Feature", "properties": { "FID_Garis_": 2706, "OBJECTID": 32934, "NAMOBJ": "Garis Pantai", "FCODE": "DB02080140", "REMARK": null, "METADATA": null, "SRS_ID": "4326", "DTMVER": 2, "ELEVAS": 0.0, "KARGPN": 5, "TIPGPN": 4, "KODGPN": null, "THNSBDATA": "2025", "SBDATA": 6, "SKL": 6, "THNPBL": "2025", "KET": null, "SHAPE_Leng": 0.00098992384, "FID_Batas_": 4724, "OBJECTID_1": 4154.0, "NAMOBJ_1": "Tepus", "FCODE_1": "BA03070040", "REMARK_1": null, "METADATA_1": "TASWIL1000020221227_DATA_BATAS_DESAKELURAHAN", "SRS_ID_1": "4326", "KDBBPS": null, "KDCBPS": null, "KDCPUM": "34.03.07", "KDEBPS": null, "KDEPUM": "34.03.07.2004", "KDPBPS": null, "KDPKAB": "34.03", "KDPPUM": "34", "LUASWH": 0.0, "TIPADM": 1.0, "WADMKC": "Tepus", "WADMKD": "Tepus", "WADMKK": "Gunungkidul", "WADMPR": "Daerah Istimewa Yogyakarta", "WIADKC": null, "WIADKK": null, "WIADPR": null, "WIADKD": null, "UUPP": "Data dari Pemerintah Daerah", "LUAS": 28.23340969 }, "geometry": { "type": "MultiLineString", "coordinates": [ [ [ 110.614330041000073, -8.151898962999962, 0.0 ], [ 110.614330475796464, -8.151898636925505, 0.0 ] ] ] } },
{ "type": "Feature", "properties": { "FID_Garis_": 2707, "OBJECTID": 32935, "NAMOBJ": "Garis Pantai", "FCODE": "DB02080140", "REMARK": null, "METADATA": null, "SRS_ID": "4326", "DTMVER": 2, "ELEVAS": 0.0, "KARGPN": 3, "TIPGPN": 4, "KODGPN": null, "THNSBDATA": "2025", "SBDATA": 6, "SKL": 6, "THNPBL": "2025", "KET": null, "SHAPE_Leng": 0.00189463553, "FID_Batas_": 4724, "OBJECTID_1": 4154.0, "NAMOBJ_1": "Tepus", "FCODE_1": "BA03070040", "REMARK_1": null, "METADATA_1": "TASWIL1000020221227_DATA_BATAS_DESAKELURAHAN", "SRS_ID_1": "4326", "KDBBPS": null, "KDCBPS": null, "KDCPUM": "34.03.07", "KDEBPS": null, "KDEPUM": "34.03.07.2004", "KDPBPS": null, "KDPKAB": "34.03", "KDPPUM": "34", "LUASWH": 0.0, "TIPADM": 1.0, "WADMKC": "Tepus", "WADMKD": "Tepus", "WADMKK": "Gunungkidul", "WADMPR": "Daerah Istimewa Yogyakarta", "WIADKC": null, "WIADKK": null, "WIADPR": null, "WIADKD": null, "UUPP": "Data dari Pemerintah Daerah", "LUAS": 28.23340969 }, "geometry": { "type": "MultiLineString", "coordinates": [ [ [ 110.613264073014022, -8.151503510868388, 0.0 ], [ 110.613223695048077, -8.151506996161153, 0.0 ] ], [ [ 110.614169711097745, -8.152151165970913, 0.0 ], [ 110.614198221, -8.152138781999909, 0.0 ], [ 110.614236647000084, -8.152101692999949, 0.0 ], [ 110.614278856000027, -8.152066368999957, 0.0 ], [ 110.614293159000056, -8.152036971999923, 0.0 ], [ 110.614296260000032, -8.152026404999937, 0.0 ], [ 110.614295924000103, -8.152006951000015, 0.0 ], [ 110.614289590000027, -8.151990571999903, 0.0 ], [ 110.614283641000057, -8.151977484999975, 0.0 ], [ 110.61427174400005, -8.151964397999958, 0.0 ], [ 110.614262226000065, -8.151947741999912, 0.0 ], [ 110.614263416000071, -8.151940603999943, 0.0 ], [ 110.614268175000021, -8.151931085999955, 0.0 ], [ 110.614289590000027, -8.151920377999957, 0.0 ], [ 110.614311005000019, -8.15190848099995, 0.0 ], [ 110.614330041000073, -8.151898962999962, 0.0 ] ] ] } },
{ "type": "Feature", "properties": { "FID_Garis_": 2708, "OBJECTID": 32936, "NAMOBJ": "Garis Pantai", "FCODE": "DB02080140", "REMARK": null, "METADATA": null, "SRS_ID": "4326", "DTMVER": 2, "ELEVAS": 0.0, "KARGPN": 6, "TIPGPN": 4, "KODGPN": null, "THNSBDATA": "2025", "SBDATA": 6, "SKL": 6, "THNPBL": "2025", "KET": null, "SHAPE_Leng": 0.00220483234, "FID_Batas_": 4700, "OBJECTID_1": 4130.0, "NAMOBJ_1": "Sidoharjo", "FCODE_1": "BA03070040", "REMARK_1": null, "METADATA_1": "TASWIL1000020221227_DATA_BATAS_DESAKELURAHAN", "SRS_ID_1": "4326", "KDBBPS": null, "KDCBPS": null, "KDCPUM": "34.03.07", "KDEBPS": null, "KDEPUM": "34.03.07.2003", "KDPBPS": null, "KDPKAB": "34.03", "KDPPUM": "34", "LUASWH": 0.0, "TIPADM": 1.0, "WADMKC": "Tepus", "WADMKD": "Sidoharjo", "WADMKK": "Gunungkidul", "WADMPR": "Daerah Istimewa Yogyakarta", "WIADKC": null, "WIADKK": null, "WIADPR": null, "WIADKD": null, "UUPP": "Data dari Pemerintah Daerah", "LUAS": 16.12872518 }, "geometry": { "type": "MultiLineString", "coordinates": [ [ [ 110.605176893911363, -8.147396268409537, 0.0 ], [ 110.605178212000027, -8.147399398999902, 0.0 ], [ 110.605177260000033, -8.147412723999938, 0.0 ], [ 110.605170122000061, -8.147432235999954, 0.0 ], [ 110.605162270000037, -8.147444608999912, 0.0 ], [ 110.605143234000067, -8.147458885999939, 0.0 ], [ 110.605105163000104, -8.147491008999932, 0.0 ], [ 110.605029020000117, -8.147557632999938, 0.0 ], [ 110.604975482000043, -8.147608792, 0.0 ], [ 110.604940980000023, -8.147636155999951, 0.0 ], [ 110.604917185, -8.147650431999978, 0.0 ], [ 110.604905288000097, -8.147664709, 0.0 ], [ 110.604888100000011, -8.14769435499997, 0.0 ], [ 110.604874355000021, -8.147726574999972, 0.0 ], [ 110.604864837000036, -8.147742041999919, 0.0 ], [ 110.60485888900007, -8.147750369999898, 0.0 ], [ 110.604843422000044, -8.147758697999965, 0.0 ], [ 110.604824386000061, -8.147770594999972, 0.0 ], [ 110.604810110000031, -8.14778249299998, 0.0 ], [ 110.604795833000097, -8.147801527999956, 0.0 ], [ 110.604781556000063, -8.147820563999932, 0.0 ], [ 110.604758951000065, -8.147844358999947, 0.0 ], [ 110.604741105000102, -8.147866962999952, 0.0 ], [ 110.604738285934943, -8.147872088670951, 0.0 ] ], [ [ 110.604844759947653, -8.147422632895864, 0.0 ], [ 110.604870346442539, -8.147415605542676, 0.0 ] ], [ [ 110.604592431920921, -8.147667865945643, 0.0 ], [ 110.604607478000048, -8.147649771999923, 0.0 ], [ 110.604609377840603, -8.147646764800012, 0.0 ] ], [ [ 110.604455968167727, -8.147991953985425, 0.0 ], [ 110.604455395000087, -8.147977354999938, 0.0 ], [ 110.604453217000085, -8.147960314999949, 0.0 ] ], [ [ 110.60468640500001, -8.147984810520139, 0.0 ], [ 110.604680429000055, -8.147989505999966, 0.0 ], [ 110.604659014000049, -8.148008540999943, 0.0 ], [ 110.60463997800008, -8.148031145999948, 0.0 ], [ 110.604619753000094, -8.148056130999972, 0.0 ], [ 110.604605476000074, -8.148064458999951, 0.0 ], [ 110.604573353000077, -8.148073976999939, 0.0 ], [ 110.604555507000015, -8.148081115, 0.0 ], [ 110.604534092000023, -8.148084683999937, 0.0 ], [ 110.604507918000081, -8.148082304999917, 0.0 ], [ 110.604494831000068, -8.148077545999968, 0.0 ], [ 110.604478175000011, -8.148060888999922, 0.0 ], [ 110.604468957000051, -8.148044612, 0.0 ], [ 110.604458852135465, -8.148025118988169, 0.0 ] ] ] } },
{ "type": "Feature", "properties": { "FID_Garis_": 2711, "OBJECTID": 32939, "NAMOBJ": "Garis Pantai", "FCODE": "DB02080140", "REMARK": null, "METADATA": null, "SRS_ID": "4326", "DTMVER": 2, "ELEVAS": 0.0, "KARGPN": 5, "TIPGPN": 4, "KODGPN": null, "THNSBDATA": "2025", "SBDATA": 6, "SKL": 6, "THNPBL": "2025", "KET": null, "SHAPE_Leng": 0.002947574, "FID_Batas_": 4724, "OBJECTID_1": 4154.0, "NAMOBJ_1": "Tepus", "FCODE_1": "BA03070040", "REMARK_1": null, "METADATA_1": "TASWIL1000020221227_DATA_BATAS_DESAKELURAHAN", "SRS_ID_1": "4326", "KDBBPS": null, "KDCBPS": null, "KDCPUM": "34.03.07", "KDEBPS": null, "KDEPUM": "34.03.07.2004", "KDPBPS": null, "KDPKAB": "34.03", "KDPPUM": "34", "LUASWH": 0.0, "TIPADM": 1.0, "WADMKC": "Tepus", "WADMKD": "Tepus", "WADMKK": "Gunungkidul", "WADMPR": "Daerah Istimewa Yogyakarta", "WIADKC": null, "WIADKK": null, "WIADPR": null, "WIADKD": null, "UUPP": "Data dari Pemerintah Daerah", "LUAS": 28.23340969 }, "geometry": { "type": "MultiLineString", "coordinates": [ [ [ 110.609004369984689, -8.148298588082916, 0.0 ], [ 110.609042165000076, -8.148289796999943, 0.0 ], [ 110.609050731000082, -8.148281230999945, 0.0 ], [ 110.609065008000101, -8.148278374999975, 0.0 ], [ 110.609080712000065, -8.148282657999975, 0.0 ], [ 110.609090084981744, -8.148297753851654, 0.0 ] ] ] } },
{ "type": "Feature", "properties": { "FID_Garis_": 2713, "OBJECTID": 32941, "NAMOBJ": "Garis Pantai", "FCODE": "DB02080140", "REMARK": null, "METADATA": null, "SRS_ID": "4326", "DTMVER": 2, "ELEVAS": 0.0, "KARGPN": 5, "TIPGPN": 4, "KODGPN": null, "THNSBDATA": "2025", "SBDATA": 6, "SKL": 6, "THNPBL": "2025", "KET": null, "SHAPE_Leng": 0.00204868534, "FID_Batas_": 4700, "OBJECTID_1": 4130.0, "NAMOBJ_1": "Sidoharjo", "FCODE_1": "BA03070040", "REMARK_1": null, "METADATA_1": "TASWIL1000020221227_DATA_BATAS_DESAKELURAHAN", "SRS_ID_1": "4326", "KDBBPS": null, "KDCBPS": null, "KDCPUM": "34.03.07", "KDEBPS": null, "KDEPUM": "34.03.07.2003", "KDPBPS": null, "KDPKAB": "34.03", "KDPPUM": "34", "LUASWH": 0.0, "TIPADM": 1.0, "WADMKC": "Tepus", "WADMKD": "Sidoharjo", "WADMKK": "Gunungkidul", "WADMPR": "Daerah Istimewa Yogyakarta", "WIADKC": null, "WIADKK": null, "WIADPR": null, "WIADKD": null, "UUPP": "Data dari Pemerintah Daerah", "LUAS": 16.12872518 }, "geometry": { "type": "MultiLineString", "coordinates": [ [ [ 110.60699856700009, -8.146744335999969, 0.0 ], [ 110.607013866000031, -8.146732436999962, 0.0 ], [ 110.607044917000024, -8.146714888999931, 0.0 ], [ 110.607060669000077, -8.146709239999907, 0.0 ], [ 110.607072090000059, -8.146704956999908, 0.0 ], [ 110.607086367000079, -8.146700673999909, 0.0 ], [ 110.607096360000099, -8.146699245999969, 0.0 ], [ 110.607109210000019, -8.146696391, 0.0 ], [ 110.60711860286446, -8.146695719913257, 0.0 ] ] ] } },
{ "type": "Feature", "properties": { "FID_Garis_": 2714, "OBJECTID": 32942, "NAMOBJ": "Garis Pantai", "FCODE": "DB02080140", "REMARK": null, "METADATA": null, "SRS_ID": "4326", "DTMVER": 2, "ELEVAS": 0.0, "KARGPN": 3, "TIPGPN": 4, "KODGPN": null, "THNSBDATA": "2025", "SBDATA": 6, "SKL": 6, "THNPBL": "2025", "KET": null, "SHAPE_Leng": 0.0013240169, "FID_Batas_": 4700, "OBJECTID_1": 4130.0, "NAMOBJ_1": "Sidoharjo", "FCODE_1": "BA03070040", "REMARK_1": null, "METADATA_1": "TASWIL1000020221227_DATA_BATAS_DESAKELURAHAN", "SRS_ID_1": "4326", "KDBBPS": null, "KDCBPS": null, "KDCPUM": "34.03.07", "KDEBPS": null, "KDEPUM": "34.03.07.2003", "KDPBPS": null, "KDPKAB": "34.03", "KDPPUM": "34", "LUASWH": 0.0, "TIPADM": 1.0, "WADMKC": "Tepus", "WADMKD": "Sidoharjo", "WADMKK": "Gunungkidul", "WADMPR": "Daerah Istimewa Yogyakarta", "WIADKC": null, "WIADKK": null, "WIADPR": null, "WIADKD": null, "UUPP": "Data dari Pemerintah Daerah", "LUAS": 16.12872518 }, "geometry": { "type": "MultiLineString", "coordinates": [ [ [ 110.606487612974348, -8.146976869049407, 0.0 ], [ 110.606499328, -8.146974806999943, 0.0 ], [ 110.606506609000064, -8.146972215999906, 0.0 ], [ 110.606515945000041, -8.14696548199997, 0.0 ], [ 110.606521245000039, -8.146954799999975, 0.0 ], [ 110.606529097000063, -8.146943021999977, 0.0 ], [ 110.606539805000068, -8.146934098999949, 0.0 ], [ 110.606546943000041, -8.146930529999921, 0.0 ], [ 110.606555509000117, -8.14692910199998, 0.0 ], [ 110.606582635000052, -8.14692910199998, 0.0 ], [ 110.606599767000048, -8.146930529999921, 0.0 ], [ 110.606622552000076, -8.146935411999969, 0.0 ], [ 110.606654019000104, -8.146949088999946, 0.0 ], [ 110.606676861000039, -8.146950516999976, 0.0 ], [ 110.606719692000027, -8.146943378999918, 0.0 ], [ 110.606751311000068, -8.146926383999933, 0.0 ], [ 110.606766805000106, -8.146903403999985, 0.0 ], [ 110.606779654, -8.146883416000019, 0.0 ], [ 110.606798214000037, -8.146866283999934, 0.0 ], [ 110.606809635, -8.146853434999937, 0.0 ], [ 110.606823912000038, -8.146852006999907, 0.0 ], [ 110.60683533400001, -8.146862000999935, 0.0 ], [ 110.606853893000022, -8.146874849999932, 0.0 ], [ 110.606868434000077, -8.146875666, 0.0 ], [ 110.60689101300008, -8.146873422999903, 0.0 ], [ 110.606901007000019, -8.146859145999965, 0.0 ], [ 110.606918099000012, -8.146818100999944, 0.0 ], [ 110.606947418000033, -8.146784118999975, 0.0 ], [ 110.60699856700009, -8.146744335999969, 0.0 ] ] ] } },
{ "type": "Feature", "properties": { "FID_Garis_": 2718, "OBJECTID": 32946, "NAMOBJ": "Garis Pantai", "FCODE": "DB02080140", "REMARK": null, "METADATA": null, "SRS_ID": "4326", "DTMVER": 2, "ELEVAS": 0.0, "KARGPN": 3, "TIPGPN": 4, "KODGPN": null, "THNSBDATA": "2025", "SBDATA": 6, "SKL": 6, "THNPBL": "2025", "KET": null, "SHAPE_Leng": 0.00091981831, "FID_Batas_": 4700, "OBJECTID_1": 4130.0, "NAMOBJ_1": "Sidoharjo", "FCODE_1": "BA03070040", "REMARK_1": null, "METADATA_1": "TASWIL1000020221227_DATA_BATAS_DESAKELURAHAN", "SRS_ID_1": "4326", "KDBBPS": null, "KDCBPS": null, "KDCPUM": "34.03.07", "KDEBPS": null, "KDEPUM": "34.03.07.2003", "KDPBPS": null, "KDPKAB": "34.03", "KDPPUM": "34", "LUASWH": 0.0, "TIPADM": 1.0, "WADMKC": "Tepus", "WADMKD": "Sidoharjo", "WADMKK": "Gunungkidul", "WADMPR": "Daerah Istimewa Yogyakarta", "WIADKC": null, "WIADKK": null, "WIADPR": null, "WIADKD": null, "UUPP": "Data dari Pemerintah Daerah", "LUAS": 16.12872518 }, "geometry": { "type": "MultiLineString", "coordinates": [ [ [ 110.602690944919544, -8.145497656882519, 0.0 ], [ 110.602737009000094, -8.145499798999936, 0.0 ], [ 110.602833378000085, -8.145505747999984, 0.0 ], [ 110.602870259000028, -8.145509316999924, 0.0 ], [ 110.602898813000081, -8.145504557999974, 0.0 ], [ 110.602952741000095, -8.14548577499993, 0.0 ], [ 110.602965438000084, -8.145474814999911, 0.0 ], [ 110.602971386000036, -8.145460537999973, 0.0 ], [ 110.602971386000036, -8.145445071999937, 0.0 ], [ 110.602971386000036, -8.145426035999961, 0.0 ], [ 110.602969007000112, -8.14540819, 0.0 ], [ 110.602964248000077, -8.145391533999948, 0.0 ], [ 110.60295235100007, -8.145372497999972, 0.0 ], [ 110.602920875000038, -8.145343336999957, 0.0 ], [ 110.602836780000104, -8.145261144, 0.0 ] ] ] } },
{ "type": "Feature", "properties": { "FID_Garis_": 2719, "OBJECTID": 32947, "NAMOBJ": "Garis Pantai", "FCODE": "DB02080140", "REMARK": null, "METADATA": null, "SRS_ID": "4326", "DTMVER": 2, "ELEVAS": 0.0, "KARGPN": 5, "TIPGPN": 4, "KODGPN": null, "THNSBDATA": "2025", "SBDATA": 6, "SKL": 6, "THNPBL": "2025", "KET": null, "SHAPE_Leng": 0.00520863442, "FID_Batas_": 4655, "OBJECTID_1": 4085.0, "NAMOBJ_1": "Ngestirejo", "FCODE_1": "BA03070040", "REMARK_1": null, "METADATA_1": "TASWIL1000020221227_DATA_BATAS_DESAKELURAHAN", "SRS_ID_1": "4326", "KDBBPS": null, "KDCBPS": null, "KDCPUM": "34.03.17", "KDEBPS": null, "KDEPUM": "34.03.17.2005", "KDPBPS": null, "KDPKAB": "34.03", "KDPPUM": "34", "LUASWH": 0.0, "TIPADM": 1.0, "WADMKC": "Tanjungsari", "WADMKD": "Ngestirejo", "WADMKK": "Gunungkidul", "WADMPR": "Daerah Istimewa Yogyakarta", "WIADKC": null, "WIADKK": null, "WIADPR": null, "WIADKD": null, "UUPP": "Data dari Pemerintah Daerah", "LUAS": 13.38797459 }, "geometry": { "type": "MultiLineString", "coordinates": [ [ [ 110.599899196270499, -8.145019432665137, 0.0 ], [ 110.599904499000047, -8.1450173929999, 0.0 ], [ 110.599921631000129, -8.144997405999934, 0.0 ], [ 110.599924487000095, -8.144974562999909, 0.0 ], [ 110.599932125056768, -8.144956421862783, 0.0 ] ], [ [ 110.599375855373381, -8.145093778537174, 0.0 ], [ 110.599431938000109, -8.1450745, 0.0 ], [ 110.599486190000064, -8.14506022399998, 0.0 ], [ 110.59953187500011, -8.145047374999894, 0.0 ], [ 110.599591838, -8.145033097999956, 0.0 ], [ 110.599651800000089, -8.145020248999959, 0.0 ], [ 110.599690348000081, -8.145011682999961, 0.0 ], [ 110.599721756000108, -8.145003116999963, 0.0 ], [ 110.599744599000047, -8.145000261, 0.0 ], [ 110.599770297000035, -8.145001688999933, 0.0 ], [ 110.59979314000006, -8.145004544, 0.0 ], [ 110.599813002000104, -8.145011033999907, 0.0 ], [ 110.599816255665985, -8.14501322818856, 0.0 ] ], [ [ 110.598873435214401, -8.145299001500419, 0.0 ], [ 110.598913691000035, -8.145275802999965, 0.0 ], [ 110.599010773000074, -8.145230116999915, 0.0 ], [ 110.599075019000068, -8.145201563999951, 0.0 ], [ 110.599137837000029, -8.145178721000015, 0.0 ], [ 110.599204938000071, -8.145150166999962, 0.0 ], [ 110.59928488700011, -8.145123040999938, 0.0 ], [ 110.599325482266991, -8.145110550372916, 0.0 ] ], [ [ 110.598323876517895, -8.145672070219625, 0.0 ], [ 110.598330720000035, -8.145667175999929, 0.0 ], [ 110.598409017000023, -8.145611179999914, 0.0 ], [ 110.598498238000033, -8.145558482999906, 0.0 ], [ 110.598552489000085, -8.145519936, 0.0 ], [ 110.598605313000107, -8.145485670999921, 0.0 ], [ 110.598655282000067, -8.145447123999929, 0.0 ], [ 110.598694935000054, -8.145412705999924, 0.0 ], [ 110.598701100916728, -8.145408225461672, 0.0 ] ], [ [ 110.597963484723351, -8.146021742620171, 0.0 ], [ 110.597975708000064, -8.146002727999893, 0.0 ], [ 110.59798855700005, -8.145987023999925, 0.0 ], [ 110.59800711700008, -8.145961325999931, 0.0 ], [ 110.598025677000109, -8.145938483, 0.0 ], [ 110.59804280900002, -8.145921351, 0.0 ], [ 110.598072840000015, -8.145889983999979, 0.0 ], [ 110.598097060000057, -8.14586115, 0.0 ], [ 110.598132752000083, -8.145825457999969, 0.0 ], [ 110.598169872000042, -8.145798331999945, 0.0 ], [ 110.598180459935108, -8.145789003733874, 0.0 ] ] ] } },
{ "type": "Feature", "properties": { "FID_Garis_": 2719, "OBJECTID": 32947, "NAMOBJ": "Garis Pantai", "FCODE": "DB02080140", "REMARK": null, "METADATA": null, "SRS_ID": "4326", "DTMVER": 2, "ELEVAS": 0.0, "KARGPN": 5, "TIPGPN": 4, "KODGPN": null, "THNSBDATA": "2025", "SBDATA": 6, "SKL": 6, "THNPBL": "2025", "KET": null, "SHAPE_Leng": 0.00520863442, "FID_Batas_": 4700, "OBJECTID_1": 4130.0, "NAMOBJ_1": "Sidoharjo", "FCODE_1": "BA03070040", "REMARK_1": null, "METADATA_1": "TASWIL1000020221227_DATA_BATAS_DESAKELURAHAN", "SRS_ID_1": "4326", "KDBBPS": null, "KDCBPS": null, "KDCPUM": "34.03.07", "KDEBPS": null, "KDEPUM": "34.03.07.2003", "KDPBPS": null, "KDPKAB": "34.03", "KDPPUM": "34", "LUASWH": 0.0, "TIPADM": 1.0, "WADMKC": "Tepus", "WADMKD": "Sidoharjo", "WADMKK": "Gunungkidul", "WADMPR": "Daerah Istimewa Yogyakarta", "WIADKC": null, "WIADKK": null, "WIADPR": null, "WIADKD": null, "UUPP": "Data dari Pemerintah Daerah", "LUAS": 16.12872518 }, "geometry": { "type": "MultiLineString", "coordinates": [ [ [ 110.599932125056768, -8.144956421862783, 0.0 ], [ 110.599935908000063, -8.144947436999885, 0.0 ], [ 110.599945902000087, -8.144930304999978, 0.0 ], [ 110.59996588900006, -8.14491745599998, 0.0 ], [ 110.599998726000109, -8.144904606999983, 0.0 ], [ 110.600041556000093, -8.144894612999956, 0.0 ], [ 110.600084386000091, -8.144896040999985, 0.0 ], [ 110.600177661000089, -8.144894612999956, 0.0 ], [ 110.600241907000068, -8.144896992999975, 0.0 ], [ 110.600315670000043, -8.144896992999975, 0.0 ], [ 110.600377536000011, -8.144896992999975, 0.0 ], [ 110.600451299000071, -8.144896992999975, 0.0 ], [ 110.600546478000041, -8.144908889999982, 0.0 ], [ 110.600644036000034, -8.144920786999901, 0.0 ], [ 110.600705457917002, -8.144933642763998, 0.0 ] ] ] } },
{ "type": "Feature", "properties": { "FID_Garis_": 2720, "OBJECTID": 32948, "NAMOBJ": "Garis Pantai", "FCODE": "DB02080140", "REMARK": null, "METADATA": null, "SRS_ID": "4326", "DTMVER": 2, "ELEVAS": 0.0, "KARGPN": 3, "TIPGPN": 4, "KODGPN": null, "THNSBDATA": "2025", "SBDATA": 6, "SKL": 6, "THNPBL": "2025", "KET": null, "SHAPE_Leng": 0.00268306813, "FID_Batas_": 4655, "OBJECTID_1": 4085.0, "NAMOBJ_1": "Ngestirejo", "FCODE_1": "BA03070040", "REMARK_1": null, "METADATA_1": "TASWIL1000020221227_DATA_BATAS_DESAKELURAHAN", "SRS_ID_1": "4326", "KDBBPS": null, "KDCBPS": null, "KDCPUM": "34.03.17", "KDEBPS": null, "KDEPUM": "34.03.17.2005", "KDPBPS": null, "KDPKAB": "34.03", "KDPPUM": "34", "LUASWH": 0.0, "TIPADM": 1.0, "WADMKC": "Tanjungsari", "WADMKD": "Ngestirejo", "WADMKK": "Gunungkidul", "WADMPR": "Daerah Istimewa Yogyakarta", "WIADKC": null, "WIADKK": null, "WIADPR": null, "WIADKD": null, "UUPP": "Data dari Pemerintah Daerah", "LUAS": 13.38797459 }, "geometry": { "type": "MultiLineString", "coordinates": [ [ [ 110.598305384441133, -8.146400797770195, 0.0 ], [ 110.598285514000025, -8.146373923999963, 0.0 ], [ 110.598281231000016, -8.146328238, 0.0 ], [ 110.598271237000091, -8.146313961999976, 0.0 ], [ 110.598252677000062, -8.14629825699992, 0.0 ], [ 110.598238400000028, -8.146286835999952, 0.0 ], [ 110.598216985000036, -8.146276841999924, 0.0 ], [ 110.598196998000077, -8.146269703999955, 0.0 ], [ 110.598178438000048, -8.146255426999929, 0.0 ], [ 110.598145375000058, -8.146238546999953, 0.0 ], [ 110.598114918975071, -8.146223362619534, 0.0 ] ], [ [ 110.598154816780394, -8.146946007445024, 0.0 ], [ 110.598141295000076, -8.146942626999945, 0.0 ], [ 110.598132967000097, -8.146936678999985, 0.0 ], [ 110.598130587000085, -8.146928349999918, 0.0 ], [ 110.598134180000017, -8.146906446999971, 0.0 ], [ 110.59813560800005, -8.146883604999946, 0.0 ], [ 110.598122759000063, -8.146849339999953, 0.0 ], [ 110.598124186000092, -8.146830780999927, 0.0 ], [ 110.598128469000088, -8.146819358999959, 0.0 ], [ 110.598152782000057, -8.146788202999957, 0.0 ] ], [ [ 110.598012402987905, -8.147441684723802, 0.0 ], [ 110.598018752000058, -8.147432796, 0.0 ], [ 110.598038978000048, -8.147410190999906, 0.0 ], [ 110.598053255000082, -8.14739234499994, 0.0 ], [ 110.59806634200001, -8.147374498999973, 0.0 ], [ 110.598078239000102, -8.147347135999929, 0.0 ], [ 110.598087757000087, -8.147328099999953, 0.0 ], [ 110.598096085000066, -8.147307873999967, 0.0 ], [ 110.598103223000038, -8.147286458999972, 0.0 ], [ 110.598111551000017, -8.147278131, 0.0 ], [ 110.598121069000086, -8.147270992999935, 0.0 ], [ 110.598127018000056, -8.147263853999966, 0.0 ], [ 110.598125828000036, -8.147251956999959, 0.0 ], [ 110.598122259, -8.147238869999942, 0.0 ], [ 110.598112741000108, -8.147225782999925, 0.0 ], [ 110.598104413000044, -8.147207936999958, 0.0 ], [ 110.598103223000038, -8.147187711999972, 0.0 ], [ 110.59810560300005, -8.147172244999936, 0.0 ], [ 110.598113931000029, -8.1471567789999, 0.0 ], [ 110.59812463800003, -8.147140121999943, 0.0 ], [ 110.59814486400002, -8.14710561999993, 0.0 ], [ 110.598171728389673, -8.14705686635552, 0.0 ] ], [ [ 110.5977054132088, -8.147345220462068, 0.0 ], [ 110.597710612000057, -8.147347135999929, 0.0 ], [ 110.597740355000042, -8.147350704999958, 0.0 ], [ 110.597761771000123, -8.147351893999968, 0.0 ], [ 110.597783186000115, -8.147357842999927, 0.0 ], [ 110.597795083000037, -8.147368550999925, 0.0 ], [ 110.597796234707999, -8.147369606712065, 0.0 ] ], [ [ 110.597921260195122, -8.147484726181844, 0.0 ], [ 110.597923574, -8.14748395499997, 0.0 ], [ 110.597949748000048, -8.147472056999963, 0.0 ], [ 110.597967594000096, -8.147469677999943, 0.0 ], [ 110.597974654077774, -8.147468669175275, 0.0 ] ] ] } },
{ "type": "Feature", "properties": { "FID_Garis_": 2721, "OBJECTID": 32949, "NAMOBJ": "Garis Pantai", "FCODE": "DB02080140", "REMARK": null, "METADATA": null, "SRS_ID": "4326", "DTMVER": 2, "ELEVAS": 0.0, "KARGPN": 4, "TIPGPN": 4, "KODGPN": null, "THNSBDATA": "2025", "SBDATA": 6, "SKL": 6, "THNPBL": "2025", "KET": null, "SHAPE_Leng": 0.00189213764, "FID_Batas_": 4655, "OBJECTID_1": 4085.0, "NAMOBJ_1": "Ngestirejo", "FCODE_1": "BA03070040", "REMARK_1": null, "METADATA_1": "TASWIL1000020221227_DATA_BATAS_DESAKELURAHAN", "SRS_ID_1": "4326", "KDBBPS": null, "KDCBPS": null, "KDCPUM": "34.03.17", "KDEBPS": null, "KDEPUM": "34.03.17.2005", "KDPBPS": null, "KDPKAB": "34.03", "KDPPUM": "34", "LUASWH": 0.0, "TIPADM": 1.0, "WADMKC": "Tanjungsari", "WADMKD": "Ngestirejo", "WADMKK": "Gunungkidul", "WADMPR": "Daerah Istimewa Yogyakarta", "WIADKC": null, "WIADKK": null, "WIADPR": null, "WIADKD": null, "UUPP": "Data dari Pemerintah Daerah", "LUAS": 13.38797459 }, "geometry": { "type": "MultiLineString", "coordinates": [ [ [ 110.59695930500007, -8.147066548999895, 0.0 ], [ 110.596983583000039, -8.147025798999987, 0.0 ], [ 110.597001667000114, -8.147005811999932, 0.0 ], [ 110.597034324000063, -8.146982380999948, 0.0 ] ], [ [ 110.596604815619372, -8.147514575864481, 0.0 ], [ 110.596614290000034, -8.147487414999901, 0.0 ], [ 110.596619049000068, -8.147464571999965, 0.0 ], [ 110.596631423000119, -8.14743982499996, 0.0 ], [ 110.59664855500003, -8.147413174999976, 0.0 ], [ 110.596670446000061, -8.147385573999912, 0.0 ], [ 110.596678419625903, -8.147373823439743, 0.0 ] ], [ [ 110.596692504003045, -8.14775936999558, 0.0 ], [ 110.596652362000071, -8.147747251999906, 0.0 ], [ 110.596637133000058, -8.147739637999987, 0.0 ], [ 110.596620953000055, -8.147732974999968, 0.0 ], [ 110.596605724000128, -8.147731070999988, 0.0 ], [ 110.596590496000019, -8.147723456999891, 0.0 ], [ 110.596580026000041, -8.147714890999982, 0.0 ], [ 110.596567653000079, -8.147704421999915, 0.0 ], [ 110.596556232000026, -8.147697758999897, 0.0 ], [ 110.596545762000048, -8.147689192999987, 0.0 ], [ 110.596539099000026, -8.147673012999981, 0.0 ], [ 110.596539099000026, -8.147653024999926, 0.0 ], [ 110.596540566048645, -8.147641780196082, 0.0 ] ] ] } },
{ "type": "Feature", "properties": { "FID_Garis_": 2722, "OBJECTID": 32950, "NAMOBJ": "Garis Pantai", "FCODE": "DB02080140", "REMARK": null, "METADATA": null, "SRS_ID": "4326", "DTMVER": 2, "ELEVAS": 0.0, "KARGPN": 3, "TIPGPN": 4, "KODGPN": null, "THNSBDATA": "2025", "SBDATA": 6, "SKL": 6, "THNPBL": "2025", "KET": null, "SHAPE_Leng": 0.0213699109, "FID_Batas_": 4655, "OBJECTID_1": 4085.0, "NAMOBJ_1": "Ngestirejo", "FCODE_1": "BA03070040", "REMARK_1": null, "METADATA_1": "TASWIL1000020221227_DATA_BATAS_DESAKELURAHAN", "SRS_ID_1": "4326", "KDBBPS": null, "KDCBPS": null, "KDCPUM": "34.03.17", "KDEBPS": null, "KDEPUM": "34.03.17.2005", "KDPBPS": null, "KDPKAB": "34.03", "KDPPUM": "34", "LUASWH": 0.0, "TIPADM": 1.0, "WADMKC": "Tanjungsari", "WADMKD": "Ngestirejo", "WADMKK": "Gunungkidul", "WADMPR": "Daerah Istimewa Yogyakarta", "WIADKC": null, "WIADKK": null, "WIADPR": null, "WIADKD": null, "UUPP": "Data dari Pemerintah Daerah", "LUAS": 13.38797459 }, "geometry": { "type": "MultiLineString", "coordinates": [ [ [ 110.585439478688357, -8.144653058562437, 0.0 ], [ 110.585486196000062, -8.144682385999982, 0.0 ], [ 110.585493768920486, -8.144712059148542, 0.0 ] ], [ [ 110.58566408910653, -8.144816745843944, 0.0 ], [ 110.585667035000114, -8.144815636, 0.0 ], [ 110.585674059055663, -8.144818562679514, 0.0 ] ], [ [ 110.588628429931873, -8.146402230946972, 0.0 ], [ 110.588639534000023, -8.146398264999934, 0.0 ], [ 110.588664281000035, -8.146394457999975, 0.0 ], [ 110.58868331700009, -8.146394457999975, 0.0 ], [ 110.588706159000125, -8.146390650999926, 0.0 ], [ 110.588736616000062, -8.146383036, 0.0 ], [ 110.58876517000003, -8.146379228999958, 0.0 ], [ 110.588786109000068, -8.14636971099997, 0.0 ], [ 110.58881847, -8.146364000999942, 0.0 ], [ 110.588841313000017, -8.146367808, 0.0 ], [ 110.588873673000037, -8.14637542199991, 0.0 ], [ 110.58889255396376, -8.14638643582656, 0.0 ] ], [ [ 110.589532984165785, -8.146555745392394, 0.0 ], [ 110.589566572000081, -8.146571489999967, 0.0 ], [ 110.589665558, -8.146582910999935, 0.0 ], [ 110.589737894000052, -8.146584814999915, 0.0 ], [ 110.589831764000081, -8.146582699999918, 0.0 ], [ 110.589911377000107, -8.146594493999917, 0.0 ], [ 110.589945749, -8.146603808999977, 0.0 ], [ 110.590003678000102, -8.146629426999965, 0.0 ], [ 110.590023233586138, -8.146642959352626, 0.0 ] ], [ [ 110.590064261851182, -8.146660875657776, 0.0 ], [ 110.590069115000091, -8.146662860999978, 0.0 ], [ 110.590072536549798, -8.1466655983116, 0.0 ] ], [ [ 110.590346936028055, -8.146857465265214, 0.0 ], [ 110.590350843000039, -8.146855120999899, 0.0 ], [ 110.590366452000097, -8.146846745999916, 0.0 ], [ 110.590388914000087, -8.146858928999947, 0.0 ], [ 110.590404278190192, -8.146866611094996, 0.0 ] ], [ [ 110.590892082359517, -8.147003856899939, 0.0 ], [ 110.590935161000075, -8.147047571000012, 0.0 ], [ 110.59094123592908, -8.147069170321988, 0.0 ] ], [ [ 110.594515290709921, -8.147536770258004, 0.0 ], [ 110.59452447700005, -8.147534933000014, 0.0 ], [ 110.594544464000109, -8.147529222999896, 0.0 ], [ 110.594564452000071, -8.147516373999988, 0.0 ], [ 110.594583012000015, -8.147496385999933, 0.0 ], [ 110.59460299900006, -8.147474970999937, 0.0 ], [ 110.594627116000112, -8.147420898999904, 0.0 ], [ 110.594638691000085, -8.147399303999983, 0.0 ], [ 110.594635836000023, -8.147382171999897, 0.0 ], [ 110.594635836000023, -8.147372177999959, 0.0 ], [ 110.594617654000032, -8.147336049999989, 0.0 ], [ 110.594594433000069, -8.147300793999914, 0.0 ], [ 110.594591578000092, -8.147273668999979, 0.0 ], [ 110.594580156000035, -8.147237976999957, 0.0 ], [ 110.594565880000104, -8.147213705999903, 0.0 ], [ 110.594549965000027, -8.147180339999984, 0.0 ], [ 110.594540181000099, -8.147160881999973, 0.0 ], [ 110.594517339000078, -8.147145177999917, 0.0 ], [ 110.594508772000083, -8.147125189999951, 0.0 ], [ 110.594514483000111, -8.147105202999985, 0.0 ], [ 110.594518574785951, -8.147100367371465, 0.0 ] ], [ [ 110.591379043792912, -8.147263677132912, 0.0 ], [ 110.59138828800009, -8.147239641999917, 0.0 ], [ 110.591409227000042, -8.147207282, 0.0 ], [ 110.591413034000084, -8.147169209999952, 0.0 ], [ 110.591424456000055, -8.147136849999939, 0.0 ], [ 110.591453009000105, -8.147115909999982, 0.0 ], [ 110.591481563000073, -8.147112102999934, 0.0 ], [ 110.591507478954696, -8.14712135883692, 0.0 ] ], [ [ 110.591030320595038, -8.147274983457056, 0.0 ], [ 110.591047549000052, -8.14727390699991, 0.0 ], [ 110.591083717000018, -8.147262484999942, 0.0 ], [ 110.591123692000039, -8.147245352999946, 0.0 ], [ 110.591157956000032, -8.147230124000018, 0.0 ], [ 110.59119602700008, -8.147216798999981, 0.0 ], [ 110.59122838800009, -8.147211088999953, 0.0 ], [ 110.591253134000098, -8.147214896, 0.0 ], [ 110.591260749000099, -8.147226316999969, 0.0 ], [ 110.591274074000054, -8.147256774, 0.0 ], [ 110.591275493024327, -8.14726150474371, 0.0 ] ], [ [ 110.592389625195736, -8.147463858642947, 0.0 ], [ 110.592412408000087, -8.147454745999951, 0.0 ], [ 110.592456190000064, -8.147435709999975, 0.0 ], [ 110.592492358000044, -8.147429998999947, 0.0 ], [ 110.592539947000077, -8.147428095999967, 0.0 ], [ 110.592589440000083, -8.14741857799989, 0.0 ], [ 110.59261801331553, -8.147415720743414, 0.0 ] ], [ [ 110.595622491900912, -8.147532376950064, 0.0 ], [ 110.595616650000096, -8.147567769999977, 0.0 ], [ 110.595608083000087, -8.147580618999974, 0.0 ], [ 110.595596662000034, -8.147596323999942, 0.0 ], [ 110.595579530000037, -8.147606316999969, 0.0 ], [ 110.595566681000037, -8.147617738999937, 0.0 ], [ 110.595555259000065, -8.147639153999933, 0.0 ], [ 110.595545266000045, -8.147654857999989, 0.0 ], [ 110.595529561000077, -8.147661996999958, 0.0 ], [ 110.595493869000052, -8.147669134999926, 0.0 ], [ 110.595468171000064, -8.147671989999896, 0.0 ], [ 110.595431052, -8.147681984000013, 0.0 ], [ 110.595398215000046, -8.147690549999922, 0.0 ], [ 110.595348103000077, -8.147716339999924, 0.0 ], [ 110.595306844000035, -8.147729097, 0.0 ], [ 110.595302316681781, -8.147731077738865, 0.0 ] ], [ [ 110.594071992733461, -8.147740843632292, 0.0 ], [ 110.594068453000062, -8.147736949999942, 0.0 ], [ 110.59404703800007, -8.147715534999946, 0.0 ], [ 110.594025623000078, -8.147686980999893, 0.0 ], [ 110.594009091000132, -8.14765581699989, 0.0 ], [ 110.594015561000049, -8.147628802999964, 0.0 ], [ 110.594034784000115, -8.147613455999938, 0.0 ], [ 110.594050488000093, -8.14760488999994, 0.0 ], [ 110.594097602, -8.147583473999944, 0.0 ], [ 110.594120444000012, -8.147577763999916, 0.0 ], [ 110.594148998000065, -8.147572052999976, 0.0 ], [ 110.594173268000034, -8.147572052999976, 0.0 ], [ 110.594197539000092, -8.147563486999978, 0.0 ], [ 110.594203378817255, -8.147562930891841, 0.0 ] ], [ [ 110.593434788722476, -8.147814463955818, 0.0 ], [ 110.593459311000032, -8.147808332999986, 0.0 ], [ 110.593510162000058, -8.147810051999951, 0.0 ], [ 110.593554490000088, -8.147827368999963, 0.0 ], [ 110.59359494000006, -8.147851163999977, 0.0 ], [ 110.593642530000082, -8.147882096999961, 0.0 ], [ 110.593673463000073, -8.147913029999945, 0.0 ], [ 110.593702684000093, -8.147968745999936, 0.0 ], [ 110.593703588691525, -8.147984569644819, 0.0 ] ], [ [ 110.596991106111773, -8.148392926049954, 0.0 ], [ 110.596993247000029, -8.148386859999981, 0.0 ], [ 110.596993247000029, -8.148349977999949, 0.0 ], [ 110.596993247000029, -8.148333321999903, 0.0 ], [ 110.596987298000073, -8.148315475999937, 0.0 ], [ 110.59697557700008, -8.148272297999917, 0.0 ], [ 110.596972011000048, -8.14823918599993, 0.0 ], [ 110.5969715680001, -8.148204057999955, 0.0 ], [ 110.596981203000013, -8.148156308999912, 0.0 ], [ 110.596979334000039, -8.148138426999942, 0.0 ], [ 110.596970642000116, -8.148122739999977, 0.0 ], [ 110.596960835000019, -8.14808603999996, 0.0 ], [ 110.596950655000057, -8.148064918999989, 0.0 ], [ 110.596941137000073, -8.148034461999956, 0.0 ], [ 110.596935426000044, -8.148015425999979, 0.0 ], [ 110.596937497000042, -8.14798345299991, 0.0 ], [ 110.59694128966764, -8.147977473687487, 0.0 ] ], [ [ 110.596476470923164, -8.148820539029558, 0.0 ], [ 110.596473335000013, -8.148815162999981, 0.0 ], [ 110.596457868000059, -8.148808023999923, 0.0 ], [ 110.596432341000082, -8.148796812999972, 0.0 ], [ 110.596428125000088, -8.14877352199991, 0.0 ], [ 110.596428125000088, -8.148762814999913, 0.0 ], [ 110.596426139000101, -8.148719776, 0.0 ], [ 110.596424556000059, -8.148699758999935, 0.0 ], [ 110.596416228000081, -8.148684291999899, 0.0 ], [ 110.596395565000051, -8.148661918999913, 0.0 ], [ 110.596386551000109, -8.148644861000012, 0.0 ], [ 110.596368639000048, -8.148618857, 0.0 ], [ 110.596341275, -8.148590303999939, 0.0 ], [ 110.596328188000072, -8.148576026999912, 0.0 ], [ 110.596323463000033, -8.148557053999941, 0.0 ], [ 110.596324011, -8.148537828999949, 0.0 ], [ 110.596324619000043, -8.14853676599995, 0.0 ], [ 110.596329377000089, -8.148527247999962, 0.0 ], [ 110.596336516000051, -8.148516539999964, 0.0 ], [ 110.596349603000078, -8.148502263999937, 0.0 ], [ 110.59636269, -8.148487986999911, 0.0 ], [ 110.596369933156211, -8.148482192231512, 0.0 ] ], [ [ 110.595450487969998, -8.148729481015273, 0.0 ], [ 110.595465316000087, -8.148738464999941, 0.0 ], [ 110.595471027000116, -8.148745602999909, 0.0 ], [ 110.595473301589877, -8.148755459732939, 0.0 ] ], [ [ 110.596512935004085, -8.148995751949375, 0.0 ], [ 110.59649475, -8.148982915, 0.0 ], [ 110.596482853000083, -8.148956740999971, 0.0 ], [ 110.596476904000042, -8.148937705, 0.0 ], [ 110.596473335000013, -8.14891628999991, 0.0 ], [ 110.596473335000013, -8.148898443999943, 0.0 ], [ 110.596476904000042, -8.148880597999977, 0.0 ], [ 110.596482853000083, -8.14886632099995, 0.0 ], [ 110.596482853000083, -8.148865372145178, 0.0 ] ], [ [ 110.59654186238555, -8.149074059673946, 0.0 ], [ 110.596542339000024, -8.149065005999958, 0.0 ], [ 110.596543835024931, -8.149061515624414, 0.0 ] ], [ [ 110.596424908620293, -8.149202044793782, 0.0 ], [ 110.596431717000115, -8.149194948999963, 0.0 ], [ 110.59645429900003, -8.14917922, 0.0 ], [ 110.596467386000043, -8.149166132999976, 0.0 ], [ 110.596483788000072, -8.149161794999973, 0.0 ], [ 110.596501888000063, -8.14915066699994, 0.0 ], [ 110.596513431321114, -8.149145234916002, 0.0 ] ], [ [ 110.595647954679023, -8.1491751004131, 0.0 ], [ 110.595650438000035, -8.149175809999978, 0.0 ], [ 110.595673281000074, -8.149185327999966, 0.0 ], [ 110.595696124000085, -8.149200555999894, 0.0 ], [ 110.595732291000061, -8.149206266999922, 0.0 ], [ 110.595795109000022, -8.149206266999922, 0.0 ], [ 110.595848409000084, -8.149202459999962, 0.0 ], [ 110.595892191000061, -8.149192941999974, 0.0 ], [ 110.595916938000073, -8.149181519999917, 0.0 ], [ 110.595932114000078, -8.149173543999968, 0.0 ], [ 110.59596457, -8.149169297999972, 0.0 ], [ 110.595981849000026, -8.149173026999925, 0.0 ], [ 110.595998791000085, -8.149189135000015, 0.0 ], [ 110.596008309000069, -8.149200555999894, 0.0 ], [ 110.596017827000068, -8.149221494999939, 0.0 ], [ 110.596021896241268, -8.149227599396216, 0.0 ] ], [ [ 110.596092921478515, -8.149252144767729, 0.0 ], [ 110.596097777000111, -8.149242434999984, 0.0 ], [ 110.596111102000052, -8.149213881000019, 0.0 ], [ 110.596137751000043, -8.149211977999951, 0.0 ], [ 110.596152980000056, -8.149213881000019, 0.0 ], [ 110.596187244000049, -8.149223398999919, 0.0 ], [ 110.596194117973354, -8.149224024025994, 0.0 ] ] ] } },
{ "type": "Feature", "properties": { "FID_Garis_": 2723, "OBJECTID": 32951, "NAMOBJ": "Garis Pantai", "FCODE": "DB02080140", "REMARK": null, "METADATA": null, "SRS_ID": "4326", "DTMVER": 2, "ELEVAS": 0.0, "KARGPN": 3, "TIPGPN": 4, "KODGPN": null, "THNSBDATA": "2025", "SBDATA": 6, "SKL": 6, "THNPBL": "2025", "KET": null, "SHAPE_Leng": 0.00546092501, "FID_Batas_": 4577, "OBJECTID_1": 4007.0, "NAMOBJ_1": "Banjarejo", "FCODE_1": "BA03070040", "REMARK_1": null, "METADATA_1": "TASWIL1000020221227_DATA_BATAS_DESAKELURAHAN", "SRS_ID_1": "4326", "KDBBPS": null, "KDCBPS": null, "KDCPUM": "34.03.17", "KDEBPS": null, "KDEPUM": "34.03.17.2004", "KDPBPS": null, "KDPKAB": "34.03", "KDPPUM": "34", "LUASWH": 0.0, "TIPADM": 1.0, "WADMKC": "Tanjungsari", "WADMKD": "Banjarejo", "WADMKK": "Gunungkidul", "WADMPR": "Daerah Istimewa Yogyakarta", "WIADKC": null, "WIADKK": null, "WIADPR": null, "WIADKD": null, "UUPP": "Data dari Pemerintah Daerah", "LUAS": 17.03407882 }, "geometry": { "type": "MultiLineString", "coordinates": [ [ [ 110.583813353230511, -8.141094002614704, 0.0 ], [ 110.583853669000078, -8.141145516999906, 0.0 ], [ 110.583912993000098, -8.141244008999973, 0.0 ], [ 110.583948334000098, -8.141340190999937, 0.0 ], [ 110.583953890101895, -8.141360486876295, 0.0 ] ], [ [ 110.584031475470425, -8.14167967927121, 0.0 ], [ 110.584056684000089, -8.141786505999917, 0.0 ] ], [ [ 110.584354743250884, -8.142310932206023, 0.0 ], [ 110.584370012000079, -8.142328109999966, 0.0 ], [ 110.584412842000077, -8.142368559999937, 0.0 ], [ 110.584472329000022, -8.142413769999948, 0.0 ], [ 110.584531815000062, -8.142463738999908, 0.0 ], [ 110.584641271000052, -8.142547019999959, 0.0 ], [ 110.584707896000054, -8.142608885999927, 0.0 ], [ 110.58476738200001, -8.142651715999918, 0.0 ], [ 110.58482211000009, -8.142711202999955, 0.0 ], [ 110.584850663000054, -8.142751653999927, 0.0 ], [ 110.584870396541618, -8.142783945112733, 0.0 ] ], [ [ 110.584885752237625, -8.142806641203961, 0.0 ], [ 110.584903011000037, -8.14283017599994, 0.0 ], [ 110.584913474771128, -8.142847615781292, 0.0 ] ] ] } },
{ "type": "Feature", "properties": { "FID_Garis_": 2726, "OBJECTID": 32954, "NAMOBJ": "Garis Pantai", "FCODE": "DB02080140", "REMARK": null, "METADATA": null, "SRS_ID": "4326", "DTMVER": 2, "ELEVAS": 0.0, "KARGPN": 5, "TIPGPN": 4, "KODGPN": null, "THNSBDATA": "2025", "SBDATA": 6, "SKL": 6, "THNPBL": "2025", "KET": null, "SHAPE_Leng": 0.00343620779, "FID_Batas_": 4577, "OBJECTID_1": 4007.0, "NAMOBJ_1": "Banjarejo", "FCODE_1": "BA03070040", "REMARK_1": null, "METADATA_1": "TASWIL1000020221227_DATA_BATAS_DESAKELURAHAN", "SRS_ID_1": "4326", "KDBBPS": null, "KDCBPS": null, "KDCPUM": "34.03.17", "KDEBPS": null, "KDEPUM": "34.03.17.2004", "KDPBPS": null, "KDPKAB": "34.03", "KDPPUM": "34", "LUASWH": 0.0, "TIPADM": 1.0, "WADMKC": "Tanjungsari", "WADMKD": "Banjarejo", "WADMKK": "Gunungkidul", "WADMPR": "Daerah Istimewa Yogyakarta", "WIADKC": null, "WIADKK": null, "WIADPR": null, "WIADKD": null, "UUPP": "Data dari Pemerintah Daerah", "LUAS": 17.03407882 }, "geometry": { "type": "MultiLineString", "coordinates": [ [ [ 110.580469430000022, -8.13928765699993, 0.0 ], [ 110.580501466000015, -8.139304191999965, 0.0 ], [ 110.580504543643301, -8.139307111538532, 0.0 ] ] ] } },
{ "type": "Feature", "properties": { "FID_Garis_": 2727, "OBJECTID": 32955, "NAMOBJ": "Garis Pantai", "FCODE": "DB02080140", "REMARK": null, "METADATA": null, "SRS_ID": "4326", "DTMVER": 2, "ELEVAS": 0.0, "KARGPN": 3, "TIPGPN": 4, "KODGPN": null, "THNSBDATA": "2025", "SBDATA": 6, "SKL": 6, "THNPBL": "2025", "KET": null, "SHAPE_Leng": 0.00238510378, "FID_Batas_": 4577, "OBJECTID_1": 4007.0, "NAMOBJ_1": "Banjarejo", "FCODE_1": "BA03070040", "REMARK_1": null, "METADATA_1": "TASWIL1000020221227_DATA_BATAS_DESAKELURAHAN", "SRS_ID_1": "4326", "KDBBPS": null, "KDCBPS": null, "KDCPUM": "34.03.17", "KDEBPS": null, "KDEPUM": "34.03.17.2004", "KDPBPS": null, "KDPKAB": "34.03", "KDPPUM": "34", "LUASWH": 0.0, "TIPADM": 1.0, "WADMKC": "Tanjungsari", "WADMKD": "Banjarejo", "WADMKK": "Gunungkidul", "WADMPR": "Daerah Istimewa Yogyakarta", "WIADKC": null, "WIADKK": null, "WIADPR": null, "WIADKD": null, "UUPP": "Data dari Pemerintah Daerah", "LUAS": 17.03407882 }, "geometry": { "type": "MultiLineString", "coordinates": [ [ [ 110.580466039979854, -8.139288524131274, 0.0 ], [ 110.580469430000022, -8.13928765699993, 0.0 ] ] ] } },
{ "type": "Feature", "properties": { "FID_Garis_": 2728, "OBJECTID": 32956, "NAMOBJ": "Garis Pantai", "FCODE": "DB02080140", "REMARK": null, "METADATA": null, "SRS_ID": "4326", "DTMVER": 2, "ELEVAS": 0.0, "KARGPN": 5, "TIPGPN": 4, "KODGPN": null, "THNSBDATA": "2025", "SBDATA": 6, "SKL": 6, "THNPBL": "2025", "KET": null, "SHAPE_Leng": 0.00328228976, "FID_Batas_": 4577, "OBJECTID_1": 4007.0, "NAMOBJ_1": "Banjarejo", "FCODE_1": "BA03070040", "REMARK_1": null, "METADATA_1": "TASWIL1000020221227_DATA_BATAS_DESAKELURAHAN", "SRS_ID_1": "4326", "KDBBPS": null, "KDCBPS": null, "KDCPUM": "34.03.17", "KDEBPS": null, "KDEPUM": "34.03.17.2004", "KDPBPS": null, "KDPKAB": "34.03", "KDPPUM": "34", "LUASWH": 0.0, "TIPADM": 1.0, "WADMKC": "Tanjungsari", "WADMKD": "Banjarejo", "WADMKK": "Gunungkidul", "WADMPR": "Daerah Istimewa Yogyakarta", "WIADKC": null, "WIADKK": null, "WIADPR": null, "WIADKD": null, "UUPP": "Data dari Pemerintah Daerah", "LUAS": 17.03407882 }, "geometry": { "type": "MultiLineString", "coordinates": [ [ [ 110.576205098000059, -8.13770109999993, 0.0 ], [ 110.57622029500007, -8.137685655999984, 0.0 ], [ 110.576224637002483, -8.137683851120272, 0.0 ] ], [ [ 110.57794540221316, -8.138421250898933, 0.0 ], [ 110.577959744000026, -8.138404377999944, 0.0 ], [ 110.577981159000018, -8.138382962999948, 0.0 ], [ 110.578009713000071, -8.138354409999984, 0.0 ], [ 110.578040646000062, -8.138335373999919, 0.0 ], [ 110.578081097000023, -8.138311578999904, 0.0 ], [ 110.578157239000021, -8.138275887999971, 0.0 ], [ 110.578254804000011, -8.138225927999923, 0.0 ], [ 110.578259002902655, -8.138224247813621, 0.0 ] ] ] } },
{ "type": "Feature", "properties": { "FID_Garis_": 2729, "OBJECTID": 32957, "NAMOBJ": "Garis Pantai", "FCODE": "DB02080140", "REMARK": null, "METADATA": null, "SRS_ID": "4326", "DTMVER": 2, "ELEVAS": 0.0, "KARGPN": 5, "TIPGPN": 4, "KODGPN": null, "THNSBDATA": "2025", "SBDATA": 6, "SKL": 6, "THNPBL": "2025", "KET": null, "SHAPE_Leng": 0.00278912045, "FID_Batas_": 4628, "OBJECTID_1": 4058.0, "NAMOBJ_1": "Kemadang", "FCODE_1": "BA03070040", "REMARK_1": null, "METADATA_1": "TASWIL1000020221227_DATA_BATAS_DESAKELURAHAN", "SRS_ID_1": "4326", "KDBBPS": null, "KDCBPS": null, "KDCPUM": "34.03.17", "KDEBPS": null, "KDEPUM": "34.03.17.2003", "KDPBPS": null, "KDPKAB": "34.03", "KDPPUM": "34", "LUASWH": 0.0, "TIPADM": 1.0, "WADMKC": "Tanjungsari", "WADMKD": "Kemadang", "WADMKK": "Gunungkidul", "WADMPR": "Daerah Istimewa Yogyakarta", "WIADKC": null, "WIADKK": null, "WIADPR": null, "WIADKD": null, "UUPP": "Data dari Pemerintah Daerah", "LUAS": 19.12350612 }, "geometry": { "type": "MultiLineString", "coordinates": [ [ [ 110.573160612000052, -8.137199338999981, 0.0 ], [ 110.573182663000097, -8.137180224, 0.0 ] ] ] } },
{ "type": "Feature", "properties": { "FID_Garis_": 2730, "OBJECTID": 32958, "NAMOBJ": "Garis Pantai", "FCODE": "DB02080140", "REMARK": null, "METADATA": null, "SRS_ID": "4326", "DTMVER": 2, "ELEVAS": 0.0, "KARGPN": 3, "TIPGPN": 4, "KODGPN": null, "THNSBDATA": "2025", "SBDATA": 6, "SKL": 6, "THNPBL": "2025", "KET": null, "SHAPE_Leng": 0.00083596734, "FID_Batas_": 4577, "OBJECTID_1": 4007.0, "NAMOBJ_1": "Banjarejo", "FCODE_1": "BA03070040", "REMARK_1": null, "METADATA_1": "TASWIL1000020221227_DATA_BATAS_DESAKELURAHAN", "SRS_ID_1": "4326", "KDBBPS": null, "KDCBPS": null, "KDCPUM": "34.03.17", "KDEBPS": null, "KDEPUM": "34.03.17.2004", "KDPBPS": null, "KDPKAB": "34.03", "KDPPUM": "34", "LUASWH": 0.0, "TIPADM": 1.0, "WADMKC": "Tanjungsari", "WADMKD": "Banjarejo", "WADMKK": "Gunungkidul", "WADMPR": "Daerah Istimewa Yogyakarta", "WIADKC": null, "WIADKK": null, "WIADPR": null, "WIADKD": null, "UUPP": "Data dari Pemerintah Daerah", "LUAS": 17.03407882 }, "geometry": { "type": "MultiLineString", "coordinates": [ [ [ 110.575843800849199, -8.13800121918117, 0.0 ], [ 110.575853306000084, -8.138001852999945, 0.0 ], [ 110.57586044500006, -8.138001852999945, 0.0 ], [ 110.575869963000045, -8.138000662999936, 0.0 ], [ 110.57589375700006, -8.137999473000015, 0.0 ], [ 110.575905655000071, -8.137999473000015, 0.0 ], [ 110.575912793000043, -8.137999473000015, 0.0 ], [ 110.575922311000028, -8.137998283999917, 0.0 ], [ 110.575934208000035, -8.137994714999977, 0.0 ], [ 110.575942536000099, -8.137989955999938, 0.0 ], [ 110.575961592000084, -8.137968346000015, 0.0 ], [ 110.576005077000033, -8.13791554399991, 0.0 ], [ 110.576017049000043, -8.137903419999972, 0.0 ], [ 110.576033432000074, -8.137890731999988, 0.0 ], [ 110.57604628100006, -8.137881451999931, 0.0 ], [ 110.576059844000042, -8.137870030999963, 0.0 ], [ 110.576069123000096, -8.137863248999935, 0.0 ], [ 110.576076619000091, -8.137854682999937, 0.0 ], [ 110.576089825000025, -8.13783576699997, 0.0 ], [ 110.576100532000027, -8.137816492999974, 0.0 ], [ 110.576113713000055, -8.137793964999975, 0.0 ], [ 110.576130514000027, -8.137769379999984, 0.0 ], [ 110.576150501000072, -8.137748677999959, 0.0 ], [ 110.576174058000078, -8.137725121999964, 0.0 ], [ 110.576200799000063, -8.137705468999936, 0.0 ], [ 110.576205098000059, -8.13770109999993, 0.0 ] ] ] } },
{ "type": "Feature", "properties": { "FID_Garis_": 2730, "OBJECTID": 32958, "NAMOBJ": "Garis Pantai", "FCODE": "DB02080140", "REMARK": null, "METADATA": null, "SRS_ID": "4326", "DTMVER": 2, "ELEVAS": 0.0, "KARGPN": 3, "TIPGPN": 4, "KODGPN": null, "THNSBDATA": "2025", "SBDATA": 6, "SKL": 6, "THNPBL": "2025", "KET": null, "SHAPE_Leng": 0.00083596734, "FID_Batas_": 4628, "OBJECTID_1": 4058.0, "NAMOBJ_1": "Kemadang", "FCODE_1": "BA03070040", "REMARK_1": null, "METADATA_1": "TASWIL1000020221227_DATA_BATAS_DESAKELURAHAN", "SRS_ID_1": "4326", "KDBBPS": null, "KDCBPS": null, "KDCPUM": "34.03.17", "KDEBPS": null, "KDEPUM": "34.03.17.2003", "KDPBPS": null, "KDPKAB": "34.03", "KDPPUM": "34", "LUASWH": 0.0, "TIPADM": 1.0, "WADMKC": "Tanjungsari", "WADMKD": "Kemadang", "WADMKK": "Gunungkidul", "WADMPR": "Daerah Istimewa Yogyakarta", "WIADKC": null, "WIADKK": null, "WIADPR": null, "WIADKD": null, "UUPP": "Data dari Pemerintah Daerah", "LUAS": 19.12350612 }, "geometry": { "type": "MultiLineString", "coordinates": [ [ [ 110.57584096852149, -8.138001030317046, 0.0 ], [ 110.575843800849199, -8.13800121918117, 0.0 ] ] ] } },
{ "type": "Feature", "properties": { "FID_Garis_": 2731, "OBJECTID": 32959, "NAMOBJ": "Garis Pantai", "FCODE": "DB02080140", "REMARK": null, "METADATA": null, "SRS_ID": "4326", "DTMVER": 2, "ELEVAS": 0.0, "KARGPN": 3, "TIPGPN": 4, "KODGPN": null, "THNSBDATA": "2025", "SBDATA": 6, "SKL": 6, "THNPBL": "2025", "KET": null, "SHAPE_Leng": 0.00108535126, "FID_Batas_": 4628, "OBJECTID_1": 4058.0, "NAMOBJ_1": "Kemadang", "FCODE_1": "BA03070040", "REMARK_1": null, "METADATA_1": "TASWIL1000020221227_DATA_BATAS_DESAKELURAHAN", "SRS_ID_1": "4326", "KDBBPS": null, "KDCBPS": null, "KDCPUM": "34.03.17", "KDEBPS": null, "KDEPUM": "34.03.17.2003", "KDPBPS": null, "KDPKAB": "34.03", "KDPPUM": "34", "LUASWH": 0.0, "TIPADM": 1.0, "WADMKC": "Tanjungsari", "WADMKD": "Kemadang", "WADMKK": "Gunungkidul", "WADMPR": "Daerah Istimewa Yogyakarta", "WIADKC": null, "WIADKK": null, "WIADPR": null, "WIADKD": null, "UUPP": "Data dari Pemerintah Daerah", "LUAS": 19.12350612 }, "geometry": { "type": "MultiLineString", "coordinates": [ [ [ 110.573043186874429, -8.137308239180943, 0.0 ], [ 110.573056569000059, -8.137289530999983, 0.0 ], [ 110.573160612000052, -8.137199338999981, 0.0 ] ] ] } },
{ "type": "Feature", "properties": { "FID_Garis_": 2733, "OBJECTID": 32961, "NAMOBJ": "Garis Pantai", "FCODE": "DB02080140", "REMARK": null, "METADATA": null, "SRS_ID": "4326", "DTMVER": 2, "ELEVAS": 0.0, "KARGPN": 3, "TIPGPN": 4, "KODGPN": null, "THNSBDATA": "2025", "SBDATA": 6, "SKL": 6, "THNPBL": "2025", "KET": null, "SHAPE_Leng": 0.0008638467, "FID_Batas_": 4628, "OBJECTID_1": 4058.0, "NAMOBJ_1": "Kemadang", "FCODE_1": "BA03070040", "REMARK_1": null, "METADATA_1": "TASWIL1000020221227_DATA_BATAS_DESAKELURAHAN", "SRS_ID_1": "4326", "KDBBPS": null, "KDCBPS": null, "KDCPUM": "34.03.17", "KDEBPS": null, "KDEPUM": "34.03.17.2003", "KDPBPS": null, "KDPKAB": "34.03", "KDPPUM": "34", "LUASWH": 0.0, "TIPADM": 1.0, "WADMKC": "Tanjungsari", "WADMKD": "Kemadang", "WADMKK": "Gunungkidul", "WADMPR": "Daerah Istimewa Yogyakarta", "WIADKC": null, "WIADKK": null, "WIADPR": null, "WIADKD": null, "UUPP": "Data dari Pemerintah Daerah", "LUAS": 19.12350612 }, "geometry": { "type": "MultiLineString", "coordinates": [ [ [ 110.569460327180082, -8.137412290557702, 0.0 ], [ 110.569469609000095, -8.137418091999962, 0.0 ], [ 110.56948293400005, -8.13742570599997, 0.0 ], [ 110.569513391000072, -8.137433319999978, 0.0 ], [ 110.569552414000015, -8.137430465, 0.0 ], [ 110.569570498000104, -8.137431417, 0.0 ], [ 110.56960666600007, -8.137421898999921, 0.0 ], [ 110.569644737000019, -8.137410477999953, 0.0 ], [ 110.569671387000099, -8.137395248999937, 0.0 ], [ 110.569699941000067, -8.13737811699994, 0.0 ], [ 110.569728495000021, -8.137364792, 0.0 ], [ 110.569762759000099, -8.137349562999887, 0.0 ], [ 110.569787505000107, -8.137332430999979, 0.0 ], [ 110.569812252000119, -8.137309587999955, 0.0 ], [ 110.569882684000078, -8.137231541999981, 0.0 ], [ 110.569900604000054, -8.137221301999933, 0.0 ], [ 110.569911237000042, -8.137220120999924, 0.0 ], [ 110.56995374200001, -8.137211880999953, 0.0 ], [ 110.569988224039719, -8.137194988045362, 0.0 ] ] ] } },
{ "type": "Feature", "properties": { "FID_Garis_": 2735, "OBJECTID": 32963, "NAMOBJ": "Garis Pantai", "FCODE": "DB02080140", "REMARK": null, "METADATA": null, "SRS_ID": "4326", "DTMVER": 2, "ELEVAS": 0.0, "KARGPN": 6, "TIPGPN": 4, "KODGPN": null, "THNSBDATA": "2025", "SBDATA": 6, "SKL": 6, "THNPBL": "2025", "KET": null, "SHAPE_Leng": 0.00092733116, "FID_Batas_": 4655, "OBJECTID_1": 4085.0, "NAMOBJ_1": "Ngestirejo", "FCODE_1": "BA03070040", "REMARK_1": null, "METADATA_1": "TASWIL1000020221227_DATA_BATAS_DESAKELURAHAN", "SRS_ID_1": "4326", "KDBBPS": null, "KDCBPS": null, "KDCPUM": "34.03.17", "KDEBPS": null, "KDEPUM": "34.03.17.2005", "KDPBPS": null, "KDPKAB": "34.03", "KDPPUM": "34", "LUASWH": 0.0, "TIPADM": 1.0, "WADMKC": "Tanjungsari", "WADMKD": "Ngestirejo", "WADMKK": "Gunungkidul", "WADMPR": "Daerah Istimewa Yogyakarta", "WIADKC": null, "WIADKK": null, "WIADPR": null, "WIADKD": null, "UUPP": "Data dari Pemerintah Daerah", "LUAS": 13.38797459 }, "geometry": { "type": "MultiLineString", "coordinates": [ [ [ 110.585655697934868, -8.145402742282251, 0.0 ], [ 110.585672251000091, -8.145411454999909, 0.0 ], [ 110.585677962000034, -8.145418116999927, 0.0 ], [ 110.585694142000037, -8.145427635, 0.0 ], [ 110.585707467000077, -8.145432393999954, 0.0 ], [ 110.585716845585182, -8.145435152339111, 0.0 ] ], [ [ 110.585472772560365, -8.145463676913991, 0.0 ], [ 110.585485702000113, -8.145453333, 0.0 ], [ 110.585506641000066, -8.145437152999904, 0.0 ], [ 110.585519014000027, -8.145425731999936, 0.0 ], [ 110.585529484000091, -8.145414309999968, 0.0 ], [ 110.585537685573996, -8.145404846339446, 0.0 ] ], [ [ 110.585734027671251, -8.145517833496498, 0.0 ], [ 110.585731262000095, -8.145525668999944, 0.0 ], [ 110.585730310000102, -8.145539945999971, 0.0 ], [ 110.585723648000084, -8.145552318999929, 0.0 ], [ 110.585719841000042, -8.145558029999957, 0.0 ], [ 110.585714130000014, -8.145567546999946, 0.0 ], [ 110.58569649100005, -8.145583388999924, 0.0 ], [ 110.585692239000053, -8.145605618999987, 0.0 ], [ 110.585686528000025, -8.145610377999937, 0.0 ], [ 110.585671300000016, -8.145615136999975, 0.0 ], [ 110.585659878000044, -8.145616087999965, 0.0 ], [ 110.585649409000069, -8.145615136999975, 0.0 ], [ 110.585637035000019, -8.145613232999906, 0.0 ], [ 110.585627518000123, -8.145608473999957, 0.0 ], [ 110.585616096000066, -8.145601811999938, 0.0 ], [ 110.585598012000077, -8.145594197000019, 0.0 ], [ 110.585587543000102, -8.145584679999942, 0.0 ], [ 110.585579928000101, -8.145578968999914, 0.0 ], [ 110.58556755500004, -8.145572305999984, 0.0 ], [ 110.585550423000058, -8.145564691999976, 0.0 ], [ 110.585538050000096, -8.145564691999976, 0.0 ], [ 110.585527580000118, -8.145564691999976, 0.0 ], [ 110.585510448000036, -8.145566595999956, 0.0 ], [ 110.585496171, -8.145571355, 0.0 ], [ 110.585478087000098, -8.145572305999984, 0.0 ], [ 110.585467618000038, -8.145573257999974, 0.0 ], [ 110.585458100000054, -8.145573257999974, 0.0 ], [ 110.585447630000075, -8.145572305999984, 0.0 ], [ 110.585437161000101, -8.145569451000014, 0.0 ], [ 110.585423836000061, -8.145562788999907, 0.0 ], [ 110.585419077000012, -8.145553270999919, 0.0 ], [ 110.585418125000032, -8.145543752999931, 0.0 ], [ 110.585420029, -8.145536138999923, 0.0 ], [ 110.585425739000044, -8.145528523999914, 0.0 ], [ 110.5854389066876, -8.145504070758172, 0.0 ] ] ] } },
{ "type": "Feature", "properties": { "FID_Garis_": 2736, "OBJECTID": 32964, "NAMOBJ": "Garis Pantai", "FCODE": "DB02080140", "REMARK": null, "METADATA": null, "SRS_ID": "4326", "DTMVER": 2, "ELEVAS": 0.0, "KARGPN": 6, "TIPGPN": 4, "KODGPN": null, "THNSBDATA": "2025", "SBDATA": 6, "SKL": 6, "THNPBL": "2025", "KET": null, "SHAPE_Leng": 0.00040336617, "FID_Batas_": 4577, "OBJECTID_1": 4007.0, "NAMOBJ_1": "Banjarejo", "FCODE_1": "BA03070040", "REMARK_1": null, "METADATA_1": "TASWIL1000020221227_DATA_BATAS_DESAKELURAHAN", "SRS_ID_1": "4326", "KDBBPS": null, "KDCBPS": null, "KDCPUM": "34.03.17", "KDEBPS": null, "KDEPUM": "34.03.17.2004", "KDPBPS": null, "KDPKAB": "34.03", "KDPPUM": "34", "LUASWH": 0.0, "TIPADM": 1.0, "WADMKC": "Tanjungsari", "WADMKD": "Banjarejo", "WADMKK": "Gunungkidul", "WADMPR": "Daerah Istimewa Yogyakarta", "WIADKC": null, "WIADKK": null, "WIADPR": null, "WIADKD": null, "UUPP": "Data dari Pemerintah Daerah", "LUAS": 17.03407882 }, "geometry": { "type": "MultiLineString", "coordinates": [ [ [ 110.575842669173824, -8.138045769904103, 0.0 ], [ 110.575850808000055, -8.138038793999982, 0.0 ], [ 110.575864371000108, -8.138031655999924, 0.0 ], [ 110.575878648000057, -8.138028085999984, 0.0 ], [ 110.575890783, -8.138030227999895, 0.0 ], [ 110.575903632000077, -8.138031655999924, 0.0 ], [ 110.575912198000083, -8.138032369999983, 0.0 ], [ 110.575922906000073, -8.138031655999924, 0.0 ], [ 110.57593355191436, -8.13803449471159, 0.0 ] ], [ [ 110.575940407098869, -8.138063382999974, 0.0 ], [ 110.57593789600007, -8.138070916999975, 0.0 ], [ 110.575932899000094, -8.138082337999943, 0.0 ], [ 110.575925047000069, -8.138092331999971, 0.0 ], [ 110.575917909000012, -8.138098043, 0.0 ], [ 110.57590506000011, -8.13810875, 0.0 ], [ 110.57589649400002, -8.138120171999965, 0.0 ], [ 110.575890783, -8.138130165, 0.0 ], [ 110.575885786000114, -8.138136589999903, 0.0 ], [ 110.575879362000109, -8.13814372799996, 0.0 ], [ 110.575872937000028, -8.138149438999989, 0.0 ], [ 110.575863657000056, -8.138152293999958, 0.0 ], [ 110.575846911, -8.138156357999939, 0.0 ], [ 110.57583644200011, -8.138155405999949, 0.0 ], [ 110.575827965000116, -8.138149438999989, 0.0 ], [ 110.575820113000091, -8.138138731, 0.0 ], [ 110.575818326603013, -8.138134443446745, 0.0 ] ] ] } },
{ "type": "Feature", "properties": { "FID_Garis_": 2737, "OBJECTID": 32965, "NAMOBJ": "Garis Pantai", "FCODE": "DB02080140", "REMARK": null, "METADATA": null, "SRS_ID": "4326", "DTMVER": 2, "ELEVAS": 0.0, "KARGPN": 3, "TIPGPN": 4, "KODGPN": null, "THNSBDATA": "2025", "SBDATA": 6, "SKL": 6, "THNPBL": "2025", "KET": null, "SHAPE_Leng": 0.00140272257, "FID_Batas_": 4628, "OBJECTID_1": 4058.0, "NAMOBJ_1": "Kemadang", "FCODE_1": "BA03070040", "REMARK_1": null, "METADATA_1": "TASWIL1000020221227_DATA_BATAS_DESAKELURAHAN", "SRS_ID_1": "4326", "KDBBPS": null, "KDCBPS": null, "KDCPUM": "34.03.17", "KDEBPS": null, "KDEPUM": "34.03.17.2003", "KDPBPS": null, "KDPKAB": "34.03", "KDPPUM": "34", "LUASWH": 0.0, "TIPADM": 1.0, "WADMKC": "Tanjungsari", "WADMKD": "Kemadang", "WADMKK": "Gunungkidul", "WADMPR": "Daerah Istimewa Yogyakarta", "WIADKC": null, "WIADKK": null, "WIADPR": null, "WIADKD": null, "UUPP": "Data dari Pemerintah Daerah", "LUAS": 19.12350612 }, "geometry": { "type": "MultiLineString", "coordinates": [ [ [ 110.563855153520635, -8.13652414561318, 0.0 ], [ 110.563888012000035, -8.136491624999955, 0.0 ], [ 110.563912759000047, -8.136482106999967, 0.0 ], [ 110.563935602000072, -8.136482106999967, 0.0 ], [ 110.563978149000036, -8.136498430999985, 0.0 ] ] ] } },
{ "type": "Feature", "properties": { "FID_Garis_": 2738, "OBJECTID": 32966, "NAMOBJ": "Garis Pantai", "FCODE": "DB02080140", "REMARK": null, "METADATA": null, "SRS_ID": "4326", "DTMVER": 2, "ELEVAS": 0.0, "KARGPN": 5, "TIPGPN": 4, "KODGPN": null, "THNSBDATA": "2025", "SBDATA": 6, "SKL": 6, "THNPBL": "2025", "KET": null, "SHAPE_Leng": 0.00083394873, "FID_Batas_": 4628, "OBJECTID_1": 4058.0, "NAMOBJ_1": "Kemadang", "FCODE_1": "BA03070040", "REMARK_1": null, "METADATA_1": "TASWIL1000020221227_DATA_BATAS_DESAKELURAHAN", "SRS_ID_1": "4326", "KDBBPS": null, "KDCBPS": null, "KDCPUM": "34.03.17", "KDEBPS": null, "KDEPUM": "34.03.17.2003", "KDPBPS": null, "KDPKAB": "34.03", "KDPPUM": "34", "LUASWH": 0.0, "TIPADM": 1.0, "WADMKC": "Tanjungsari", "WADMKD": "Kemadang", "WADMKK": "Gunungkidul", "WADMPR": "Daerah Istimewa Yogyakarta", "WIADKC": null, "WIADKK": null, "WIADPR": null, "WIADKD": null, "UUPP": "Data dari Pemerintah Daerah", "LUAS": 19.12350612 }, "geometry": { "type": "MultiLineString", "coordinates": [ [ [ 110.562431211000032, -8.136223601999983, 0.0 ], [ 110.562448914000072, -8.136209896999915, 0.0 ], [ 110.562460336000044, -8.136194667999987, 0.0 ], [ 110.56247746800004, -8.136169921999983, 0.0 ], [ 110.56249079300008, -8.136148981999938, 0.0 ], [ 110.56250602100009, -8.13613946499995, 0.0 ], [ 110.562516045055006, -8.136136516730232, 0.0 ] ] ] } },
{ "type": "Feature", "properties": { "FID_Garis_": 2739, "OBJECTID": 32967, "NAMOBJ": "Garis Pantai", "FCODE": "DB02080140", "REMARK": null, "METADATA": null, "SRS_ID": "4326", "DTMVER": 2, "ELEVAS": 0.0, "KARGPN": 3, "TIPGPN": 4, "KODGPN": null, "THNSBDATA": "2025", "SBDATA": 6, "SKL": 6, "THNPBL": "2025", "KET": null, "SHAPE_Leng": 0.00607863538, "FID_Batas_": 4628, "OBJECTID_1": 4058.0, "NAMOBJ_1": "Kemadang", "FCODE_1": "BA03070040", "REMARK_1": null, "METADATA_1": "TASWIL1000020221227_DATA_BATAS_DESAKELURAHAN", "SRS_ID_1": "4326", "KDBBPS": null, "KDCBPS": null, "KDCPUM": "34.03.17", "KDEBPS": null, "KDEPUM": "34.03.17.2003", "KDPBPS": null, "KDPKAB": "34.03", "KDPPUM": "34", "LUASWH": 0.0, "TIPADM": 1.0, "WADMKC": "Tanjungsari", "WADMKD": "Kemadang", "WADMKK": "Gunungkidul", "WADMPR": "Daerah Istimewa Yogyakarta", "WIADKC": null, "WIADKK": null, "WIADPR": null, "WIADKD": null, "UUPP": "Data dari Pemerintah Daerah", "LUAS": 19.12350612 }, "geometry": { "type": "MultiLineString", "coordinates": [ [ [ 110.557989320900376, -8.1343331829164, 0.0 ], [ 110.557997321000073, -8.134389534000022, 0.0 ], [ 110.558018440985308, -8.134429032355008, 0.0 ] ], [ [ 110.558410892466753, -8.134660414843822, 0.0 ], [ 110.558426991, -8.134659375999966, 0.0 ], [ 110.558453641000085, -8.134653665999938, 0.0 ], [ 110.558480291000066, -8.13464795499991, 0.0 ], [ 110.558506941000047, -8.134640341, 0.0 ], [ 110.558535494000097, -8.134627015999953, 0.0 ], [ 110.558583083000045, -8.134625111999974, 0.0 ], [ 110.55861925100001, -8.134632725999982, 0.0 ], [ 110.558653515000103, -8.134649858999978, 0.0 ], [ 110.55868397200004, -8.134663184000015, 0.0 ], [ 110.558699201000053, -8.134674604999894, 0.0 ], [ 110.558710622000035, -8.134691736999979, 0.0 ], [ 110.558716333000064, -8.134703158999947, 0.0 ], [ 110.558718499447437, -8.134713991236833, 0.0 ] ], [ [ 110.56005635305435, -8.135354215977344, 0.0 ], [ 110.560075481000069, -8.135346564999981, 0.0 ], [ 110.560113553000022, -8.135316107999948, 0.0 ], [ 110.56013449200006, -8.135300878999931, 0.0 ], [ 110.560163045000124, -8.135270421999987, 0.0 ], [ 110.56020215500007, -8.135217336999947, 0.0 ] ], [ [ 110.559991477418919, -8.135376018887754, 0.0 ], [ 110.559995531000112, -8.135375117999946, 0.0 ], [ 110.560037410000035, -8.135361793, 0.0 ], [ 110.560047137864501, -8.135357901956422, 0.0 ] ], [ [ 110.560374786000054, -8.135483649999955, 0.0 ], [ 110.560395281000069, -8.135483621999953, 0.0 ], [ 110.560402895000067, -8.135489331999981, 0.0 ], [ 110.560404799000054, -8.135498849999969, 0.0 ], [ 110.560401620744528, -8.135523215327325, 0.0 ] ], [ [ 110.561093459998233, -8.135773354960865, 0.0 ], [ 110.561147906930699, -8.135763076004778, 0.0 ] ], [ [ 110.561875785855037, -8.13617690260541, 0.0 ], [ 110.561885839000112, -8.136174109999974, 0.0 ], [ 110.56191058500012, -8.136167446999956, 0.0 ], [ 110.561948946000086, -8.136158765999948, 0.0 ], [ 110.561982921000066, -8.136154121999919, 0.0 ], [ 110.562002908000025, -8.136148410999979, 0.0 ], [ 110.562045291000075, -8.136128218, 0.0 ], [ 110.562062871000109, -8.136115098999976, 0.0 ], [ 110.562079051000111, -8.136113194999908, 0.0 ], [ 110.562091424000073, -8.136115098999976, 0.0 ], [ 110.562097135000016, -8.136121761, 0.0 ], [ 110.562107604000076, -8.136140796999971, 0.0 ], [ 110.562113696483124, -8.136144351037391, 0.0 ] ], [ [ 110.56239333875132, -8.136256014413448, 0.0 ], [ 110.562399802000101, -8.136247397, 0.0 ], [ 110.562409320000086, -8.136236926999931, 0.0 ], [ 110.562431211000032, -8.136223601999983, 0.0 ] ] ] } },
{ "type": "Feature", "properties": { "FID_Garis_": 2741, "OBJECTID": 32969, "NAMOBJ": "Garis Pantai", "FCODE": "DB02080140", "REMARK": null, "METADATA": null, "SRS_ID": "4326", "DTMVER": 2, "ELEVAS": 0.0, "KARGPN": 3, "TIPGPN": 4, "KODGPN": null, "THNSBDATA": "2025", "SBDATA": 6, "SKL": 6, "THNPBL": "2025", "KET": null, "SHAPE_Leng": 0.00284022584, "FID_Batas_": 4628, "OBJECTID_1": 4058.0, "NAMOBJ_1": "Kemadang", "FCODE_1": "BA03070040", "REMARK_1": null, "METADATA_1": "TASWIL1000020221227_DATA_BATAS_DESAKELURAHAN", "SRS_ID_1": "4326", "KDBBPS": null, "KDCBPS": null, "KDCPUM": "34.03.17", "KDEBPS": null, "KDEPUM": "34.03.17.2003", "KDPBPS": null, "KDPKAB": "34.03", "KDPPUM": "34", "LUASWH": 0.0, "TIPADM": 1.0, "WADMKC": "Tanjungsari", "WADMKD": "Kemadang", "WADMKK": "Gunungkidul", "WADMPR": "Daerah Istimewa Yogyakarta", "WIADKC": null, "WIADKK": null, "WIADPR": null, "WIADKD": null, "UUPP": "Data dari Pemerintah Daerah", "LUAS": 19.12350612 }, "geometry": { "type": "MultiLineString", "coordinates": [ [ [ 110.556170452163769, -8.134069701369953, 0.0 ], [ 110.556216375000062, -8.134062779999987, 0.0 ], [ 110.55631212600008, -8.134061655999982, 0.0 ], [ 110.556359715000028, -8.134059751999914, 0.0 ], [ 110.556413015000089, -8.134059751999914, 0.0 ], [ 110.556447279000082, -8.134067366999922, 0.0 ], [ 110.556494868000101, -8.13407117399997, 0.0 ], [ 110.556532940000054, -8.13407498099993, 0.0 ], [ 110.556576722000045, -8.134082594999938, 0.0 ], [ 110.556603372000026, -8.134083546999928, 0.0 ], [ 110.556658575000057, -8.134094016999907, 0.0 ], [ 110.556679514000024, -8.134094016999907, 0.0 ], [ 110.556698550000078, -8.134094016999907, 0.0 ], [ 110.556717586000062, -8.134086401999987, 0.0 ], [ 110.556733433000034, -8.134066206999915, 0.0 ], [ 110.556736622000031, -8.134046426999966, 0.0 ], [ 110.5567385250001, -8.134023583999941, 0.0 ], [ 110.556736622000031, -8.134004548999965, 0.0 ], [ 110.556727104000046, -8.13397980199996, 0.0 ], [ 110.55672329700009, -8.133962669999963, 0.0 ], [ 110.556724249000069, -8.133951248, 0.0 ], [ 110.556729780000097, -8.133936162999902, 0.0 ], [ 110.55673700800007, -8.133930380999956, 0.0 ], [ 110.556751801000047, -8.133925859999938, 0.0 ], [ 110.556767079000068, -8.133928405999971, 0.0 ], [ 110.556777130906568, -8.133938457906478, 0.0 ] ], [ [ 110.557143714346978, -8.134162191190999, 0.0 ], [ 110.557151600000083, -8.134155882999963, 0.0 ], [ 110.557156242000119, -8.134150953, 0.0 ], [ 110.557176346000091, -8.134141605999936, 0.0 ], [ 110.557180125428857, -8.134141039050871, 0.0 ] ], [ [ 110.557044219913308, -8.134178215805257, 0.0 ], [ 110.557049759, -8.134170158999989, 0.0 ], [ 110.557055469000034, -8.134166351999941, 0.0 ], [ 110.557064987000018, -8.134164448999961, 0.0 ], [ 110.557073553000023, -8.134165399999951, 0.0 ], [ 110.557096396000048, -8.134177774, 0.0 ], [ 110.557102107000077, -8.134178724999988, 0.0 ], [ 110.557112522338272, -8.134178724999988, 0.0 ] ] ] } },
{ "type": "Feature", "properties": { "FID_Garis_": 2742, "OBJECTID": 32970, "NAMOBJ": "Garis Pantai", "FCODE": "DB02080140", "REMARK": null, "METADATA": null, "SRS_ID": "4326", "DTMVER": 2, "ELEVAS": 0.0, "KARGPN": 5, "TIPGPN": 4, "KODGPN": null, "THNSBDATA": "2025", "SBDATA": 6, "SKL": 6, "THNPBL": "2025", "KET": null, "SHAPE_Leng": 0.0020675583, "FID_Batas_": 4628, "OBJECTID_1": 4058.0, "NAMOBJ_1": "Kemadang", "FCODE_1": "BA03070040", "REMARK_1": null, "METADATA_1": "TASWIL1000020221227_DATA_BATAS_DESAKELURAHAN", "SRS_ID_1": "4326", "KDBBPS": null, "KDCBPS": null, "KDCPUM": "34.03.17", "KDEBPS": null, "KDEPUM": "34.03.17.2003", "KDPBPS": null, "KDPKAB": "34.03", "KDPPUM": "34", "LUASWH": 0.0, "TIPADM": 1.0, "WADMKC": "Tanjungsari", "WADMKD": "Kemadang", "WADMKK": "Gunungkidul", "WADMPR": "Daerah Istimewa Yogyakarta", "WIADKC": null, "WIADKK": null, "WIADPR": null, "WIADKD": null, "UUPP": "Data dari Pemerintah Daerah", "LUAS": 19.12350612 }, "geometry": { "type": "MultiLineString", "coordinates": [ [ [ 110.553360945067652, -8.133235054548074, 0.0 ], [ 110.553361800000047, -8.133226504999893, 0.0 ], [ 110.553357993000077, -8.133192239999989, 0.0 ], [ 110.553356629336861, -8.133179966672923, 0.0 ] ] ] } },
{ "type": "Feature", "properties": { "FID_Garis_": 2743, "OBJECTID": 32971, "NAMOBJ": "Garis Pantai", "FCODE": "DB02080140", "REMARK": null, "METADATA": null, "SRS_ID": "4326", "DTMVER": 2, "ELEVAS": 0.0, "KARGPN": 3, "TIPGPN": 4, "KODGPN": null, "THNSBDATA": "2025", "SBDATA": 6, "SKL": 6, "THNPBL": "2025", "KET": null, "SHAPE_Leng": 0.00416766587, "FID_Batas_": 4628, "OBJECTID_1": 4058.0, "NAMOBJ_1": "Kemadang", "FCODE_1": "BA03070040", "REMARK_1": null, "METADATA_1": "TASWIL1000020221227_DATA_BATAS_DESAKELURAHAN", "SRS_ID_1": "4326", "KDBBPS": null, "KDCBPS": null, "KDCPUM": "34.03.17", "KDEBPS": null, "KDEPUM": "34.03.17.2003", "KDPBPS": null, "KDPKAB": "34.03", "KDPPUM": "34", "LUASWH": 0.0, "TIPADM": 1.0, "WADMKC": "Tanjungsari", "WADMKD": "Kemadang", "WADMKK": "Gunungkidul", "WADMPR": "Daerah Istimewa Yogyakarta", "WIADKC": null, "WIADKK": null, "WIADPR": null, "WIADKD": null, "UUPP": "Data dari Pemerintah Daerah", "LUAS": 19.12350612 }, "geometry": { "type": "MultiLineString", "coordinates": [ [ [ 110.553147068588189, -8.133353470117957, 0.0 ], [ 110.553139559000044, -8.133342621999908, 0.0 ], [ 110.553141938000067, -8.133322397000011, 0.0 ], [ 110.553152646000058, -8.133311689000013, 0.0 ], [ 110.553168112, -8.133305740999965, 0.0 ], [ 110.553187148000063, -8.133305740999965, 0.0 ], [ 110.553209753000075, -8.133308119999985, 0.0 ], [ 110.553218081000054, -8.133311689000013, 0.0 ], [ 110.55323349529354, -8.133314155349183, 0.0 ] ], [ [ 110.552174196902754, -8.133618334850059, 0.0 ], [ 110.552166222000068, -8.133613017999988, 0.0 ], [ 110.552149566000111, -8.133603500999911, 0.0 ], [ 110.55212934100004, -8.133592792999913, 0.0 ], [ 110.552111495000062, -8.133571377999917, 0.0 ], [ 110.552105546000107, -8.13355472199996, 0.0 ], [ 110.552099597000051, -8.133541634999943, 0.0 ], [ 110.552088890000064, -8.133530926999946, 0.0 ], [ 110.552071044000087, -8.133528547999926, 0.0 ], [ 110.552055577000061, -8.133520218999948, 0.0 ], [ 110.552046059000077, -8.13350713200002, 0.0 ], [ 110.552035352000075, -8.133492856, 0.0 ], [ 110.55202940300002, -8.133477388999957, 0.0 ], [ 110.552027024000012, -8.133457163999971, 0.0 ], [ 110.55202940300002, -8.133447645999983, 0.0 ], [ 110.55203059300004, -8.13342742, 0.0 ], [ 110.552036542000081, -8.13341433299998, 0.0 ], [ 110.552047164290769, -8.133405642477545, 0.0 ] ], [ [ 110.551806096544482, -8.133463888755301, 0.0 ], [ 110.551811683000039, -8.133473819999928, 0.0 ], [ 110.551816441000085, -8.133483338, 0.0 ], [ 110.551816441000085, -8.133492856, 0.0 ], [ 110.551821200000035, -8.133501183999972, 0.0 ], [ 110.551828339000082, -8.133505942999921, 0.0 ], [ 110.55183666700006, -8.133514270999989, 0.0 ], [ 110.551840236000089, -8.133523788999977, 0.0 ], [ 110.551842616000016, -8.133533305999965, 0.0 ], [ 110.551844198000069, -8.133559752999933, 0.0 ] ], [ [ 110.551293281874194, -8.133753114322175, 0.0 ], [ 110.551294150000032, -8.133742698999971, 0.0 ], [ 110.55130128800009, -8.133723663, 0.0 ], [ 110.551302478000096, -8.133711765999987, 0.0 ], [ 110.551307237000046, -8.133693919999931, 0.0 ], [ 110.551319134000053, -8.133665366999967, 0.0 ], [ 110.551327462000032, -8.133648709999921, 0.0 ], [ 110.551339360000043, -8.133634433999894, 0.0 ], [ 110.551352447000056, -8.133623725999897, 0.0 ], [ 110.551369103000098, -8.133610638999969, 0.0 ], [ 110.551386949000062, -8.133599930999971, 0.0 ], [ 110.551410743000076, -8.133586843999954, 0.0 ], [ 110.551436917000032, -8.1335582909999, 0.0 ], [ 110.551451194000052, -8.133551151999932, 0.0 ], [ 110.551476179000076, -8.133538064999914, 0.0 ], [ 110.551492835000033, -8.133527358, 0.0 ], [ 110.551516629000048, -8.133517839999929, 0.0 ], [ 110.551536855000037, -8.133514270999989, 0.0 ], [ 110.551558270000029, -8.133511890999969, 0.0 ], [ 110.551586823, -8.13350713200002, 0.0 ], [ 110.551591823168536, -8.13350546543278, 0.0 ] ], [ [ 110.552187552834681, -8.133726135807997, 0.0 ], [ 110.552190017000072, -8.133710575999977, 0.0 ], [ 110.552199535000071, -8.13369867899997, 0.0 ], [ 110.552202336906149, -8.133685624028821, 0.0 ] ] ] } },
{ "type": "Feature", "properties": { "FID_Garis_": 2744, "OBJECTID": 32972, "NAMOBJ": "Garis Pantai", "FCODE": "DB02080140", "REMARK": null, "METADATA": null, "SRS_ID": "4326", "DTMVER": 2, "ELEVAS": 0.0, "KARGPN": 5, "TIPGPN": 4, "KODGPN": null, "THNSBDATA": "2025", "SBDATA": 6, "SKL": 6, "THNPBL": "2025", "KET": null, "SHAPE_Leng": 0.00042661294, "FID_Batas_": 4628, "OBJECTID_1": 4058.0, "NAMOBJ_1": "Kemadang", "FCODE_1": "BA03070040", "REMARK_1": null, "METADATA_1": "TASWIL1000020221227_DATA_BATAS_DESAKELURAHAN", "SRS_ID_1": "4326", "KDBBPS": null, "KDCBPS": null, "KDCPUM": "34.03.17", "KDEBPS": null, "KDEPUM": "34.03.17.2003", "KDPBPS": null, "KDPKAB": "34.03", "KDPPUM": "34", "LUASWH": 0.0, "TIPADM": 1.0, "WADMKC": "Tanjungsari", "WADMKD": "Kemadang", "WADMKK": "Gunungkidul", "WADMPR": "Daerah Istimewa Yogyakarta", "WIADKC": null, "WIADKK": null, "WIADPR": null, "WIADKD": null, "UUPP": "Data dari Pemerintah Daerah", "LUAS": 19.12350612 }, "geometry": { "type": "MultiLineString", "coordinates": [ [ [ 110.551051343000012, -8.13405077499997, 0.0 ], [ 110.55103586000007, -8.134042586, 0.0 ], [ 110.551015495000058, -8.134019608999967, 0.0 ], [ 110.551007881000061, -8.133995813999952, 0.0 ], [ 110.551006929000067, -8.133978681999956, 0.0 ], [ 110.551007881000061, -8.133954886999941, 0.0 ], [ 110.551008828506923, -8.133951097171579, 0.0 ] ] ] } },
{ "type": "Feature", "properties": { "FID_Garis_": 2745, "OBJECTID": 32973, "NAMOBJ": "Garis Pantai", "FCODE": "DB02080140", "REMARK": null, "METADATA": null, "SRS_ID": "4326", "DTMVER": 2, "ELEVAS": 0.0, "KARGPN": 3, "TIPGPN": 4, "KODGPN": null, "THNSBDATA": "2025", "SBDATA": 6, "SKL": 6, "THNPBL": "2025", "KET": null, "SHAPE_Leng": 0.00722506678, "FID_Batas_": 4628, "OBJECTID_1": 4058.0, "NAMOBJ_1": "Kemadang", "FCODE_1": "BA03070040", "REMARK_1": null, "METADATA_1": "TASWIL1000020221227_DATA_BATAS_DESAKELURAHAN", "SRS_ID_1": "4326", "KDBBPS": null, "KDCBPS": null, "KDCPUM": "34.03.17", "KDEBPS": null, "KDEPUM": "34.03.17.2003", "KDPBPS": null, "KDPKAB": "34.03", "KDPPUM": "34", "LUASWH": 0.0, "TIPADM": 1.0, "WADMKC": "Tanjungsari", "WADMKD": "Kemadang", "WADMKK": "Gunungkidul", "WADMPR": "Daerah Istimewa Yogyakarta", "WIADKC": null, "WIADKK": null, "WIADPR": null, "WIADKD": null, "UUPP": "Data dari Pemerintah Daerah", "LUAS": 19.12350612 }, "geometry": { "type": "MultiLineString", "coordinates": [ [ [ 110.54847935834303, -8.131570394148238, 0.0 ], [ 110.548523648000042, -8.131642939999963, 0.0 ], [ 110.548558647208722, -8.131681528929082, 0.0 ] ], [ [ 110.548589272742305, -8.131715295593747, 0.0 ], [ 110.54870924600003, -8.131847573999931, 0.0 ], [ 110.548932916000055, -8.131918957999975, 0.0 ], [ 110.549061407000039, -8.132018894999895, 0.0 ], [ 110.54928983500011, -8.13232346599996, 0.0 ], [ 110.549296283774595, -8.13240729871282, 0.0 ] ], [ [ 110.551290112000046, -8.134225414999943, 0.0 ], [ 110.551267718000062, -8.134210916999987, 0.0 ], [ 110.551253441000128, -8.1342023509999, 0.0 ], [ 110.551234405000059, -8.13419473699998, 0.0 ], [ 110.551216322000073, -8.134185219, 0.0 ], [ 110.551199189000073, -8.134177604999895, 0.0 ], [ 110.551183961000064, -8.134162375999967, 0.0 ], [ 110.551173491000085, -8.134145243999971, 0.0 ], [ 110.551157311000082, -8.134131918999934, 0.0 ], [ 110.551139227000093, -8.134120497999966, 0.0 ], [ 110.551120191000024, -8.134110979999978, 0.0 ], [ 110.551106866000083, -8.134100509999911, 0.0 ], [ 110.551099252000071, -8.134090041000022, 0.0 ], [ 110.55107207600004, -8.134062423999957, 0.0 ], [ 110.551051343000012, -8.13405077499997, 0.0 ] ], [ [ 110.549961986833935, -8.134065002647564, 0.0 ], [ 110.549967824000063, -8.134070254999894, 0.0 ], [ 110.550004066000042, -8.134130354999982, 0.0 ], [ 110.550047054000046, -8.13420164299993, 0.0 ], [ 110.550062641937217, -8.134258288681675, 0.0 ] ], [ [ 110.550575721952313, -8.134349855360359, 0.0 ], [ 110.550605197000039, -8.134339328999953, 0.0 ], [ 110.55066230400007, -8.134320292999977, 0.0 ], [ 110.550709960228986, -8.134301035395577, 0.0 ] ], [ [ 110.550219602417556, -8.134371095856565, 0.0 ], [ 110.550229242000029, -8.134367883, 0.0 ], [ 110.550265125000067, -8.134343991999984, 0.0 ], [ 110.550315475000048, -8.134347219999896, 0.0 ], [ 110.550353605821485, -8.134361333406073, 0.0 ] ] ] } },
{ "type": "Feature", "properties": { "FID_Garis_": 2746, "OBJECTID": 32974, "NAMOBJ": "Garis Pantai", "FCODE": "DB02080140", "REMARK": null, "METADATA": null, "SRS_ID": "4326", "DTMVER": 2, "ELEVAS": 0.0, "KARGPN": 5, "TIPGPN": 4, "KODGPN": null, "THNSBDATA": "2025", "SBDATA": 6, "SKL": 6, "THNPBL": "2025", "KET": null, "SHAPE_Leng": 0.00488158815, "FID_Batas_": 4628, "OBJECTID_1": 4058.0, "NAMOBJ_1": "Kemadang", "FCODE_1": "BA03070040", "REMARK_1": null, "METADATA_1": "TASWIL1000020221227_DATA_BATAS_DESAKELURAHAN", "SRS_ID_1": "4326", "KDBBPS": null, "KDCBPS": null, "KDCPUM": "34.03.17", "KDEBPS": null, "KDEPUM": "34.03.17.2003", "KDPBPS": null, "KDPKAB": "34.03", "KDPPUM": "34", "LUASWH": 0.0, "TIPADM": 1.0, "WADMKC": "Tanjungsari", "WADMKD": "Kemadang", "WADMKK": "Gunungkidul", "WADMPR": "Daerah Istimewa Yogyakarta", "WIADKC": null, "WIADKK": null, "WIADPR": null, "WIADKD": null, "UUPP": "Data dari Pemerintah Daerah", "LUAS": 19.12350612 }, "geometry": { "type": "MultiLineString", "coordinates": [ [ [ 110.54779817043331, -8.128953054376655, 0.0 ], [ 110.54779412600007, -8.128900326999968, 0.0 ], [ 110.547790319000029, -8.128871773999915, 0.0 ], [ 110.547786512000059, -8.128841316999971, 0.0 ], [ 110.54778080100003, -8.128814666999986, 0.0 ], [ 110.547767476000089, -8.128784209999953, 0.0 ], [ 110.547756055000036, -8.128770884999916, 0.0 ], [ 110.547752248000066, -8.12875375299992, 0.0 ], [ 110.547752248000066, -8.128734716999944, 0.0 ], [ 110.547754151000049, -8.128702355999931, 0.0 ], [ 110.547760819000075, -8.128663490999912, 0.0 ], [ 110.547748339000094, -8.128632638999935, 0.0 ], [ 110.547719887000056, -8.128601466999932, 0.0 ], [ 110.547700851000087, -8.128588141999984, 0.0 ], [ 110.547649455000084, -8.128561492, 0.0 ], [ 110.547634226000071, -8.128550070999943, 0.0 ], [ 110.547615191, -8.128529130999897, 0.0 ], [ 110.547605673000106, -8.128506288999962, 0.0 ], [ 110.547601866000065, -8.128477734999908, 0.0 ], [ 110.547603769000034, -8.128452989, 0.0 ], [ 110.547611384000049, -8.128437759999976, 0.0 ], [ 110.547630419000114, -8.128430145999967, 0.0 ], [ 110.547643374321723, -8.128430145999967, 0.0 ] ], [ [ 110.549140628073019, -8.129062138657908, 0.0 ], [ 110.549197094000064, -8.129113397999923, 0.0 ], [ 110.54908639100006, -8.129370554999973, 0.0 ], [ 110.548990023000073, -8.129531167999939, 0.0 ], [ 110.548920298659368, -8.129573953602733, 0.0 ] ] ] } },
{ "type": "Feature", "properties": { "FID_Garis_": 2749, "OBJECTID": 32977, "NAMOBJ": "Garis Pantai", "FCODE": "DB02080140", "REMARK": null, "METADATA": null, "SRS_ID": "4326", "DTMVER": 2, "ELEVAS": 0.0, "KARGPN": 3, "TIPGPN": 4, "KODGPN": null, "THNSBDATA": "2025", "SBDATA": 6, "SKL": 6, "THNPBL": "2025", "KET": null, "SHAPE_Leng": 0.00335163846, "FID_Batas_": 4621, "OBJECTID_1": 4051.0, "NAMOBJ_1": "Kanigoro", "FCODE_1": "BA03070040", "REMARK_1": null, "METADATA_1": "TASWIL1000020221227_DATA_BATAS_DESAKELURAHAN", "SRS_ID_1": "4326", "KDBBPS": null, "KDCBPS": null, "KDCPUM": "34.03.15", "KDEBPS": null, "KDEPUM": "34.03.15.2005", "KDPBPS": null, "KDPKAB": "34.03", "KDPPUM": "34", "LUASWH": 0.0, "TIPADM": 1.0, "WADMKC": "Saptosari", "WADMKD": "Kanigoro", "WADMKK": "Gunungkidul", "WADMPR": "Daerah Istimewa Yogyakarta", "WIADKC": null, "WIADKK": null, "WIADPR": null, "WIADKD": null, "UUPP": "Data dari Pemerintah Daerah", "LUAS": 25.10340289 }, "geometry": { "type": "MultiLineString", "coordinates": [ [ [ 110.54643283640516, -8.131471672302251, 0.0 ], [ 110.546426888000013, -8.131458287999962, 0.0 ], [ 110.546394527000089, -8.131408794999953, 0.0 ], [ 110.546377395, -8.131378337999919, 0.0 ], [ 110.546364070000052, -8.131342169999947, 0.0 ], [ 110.546358305007573, -8.131310461027077, 0.0 ] ] ] } },
{ "type": "Feature", "properties": { "FID_Garis_": 2751, "OBJECTID": 32979, "NAMOBJ": "Garis Pantai", "FCODE": "DB02080140", "REMARK": null, "METADATA": null, "SRS_ID": "4326", "DTMVER": 2, "ELEVAS": 0.0, "KARGPN": 3, "TIPGPN": 4, "KODGPN": null, "THNSBDATA": "2025", "SBDATA": 6, "SKL": 6, "THNPBL": "2025", "KET": null, "SHAPE_Leng": 0.02200259029, "FID_Batas_": 4621, "OBJECTID_1": 4051.0, "NAMOBJ_1": "Kanigoro", "FCODE_1": "BA03070040", "REMARK_1": null, "METADATA_1": "TASWIL1000020221227_DATA_BATAS_DESAKELURAHAN", "SRS_ID_1": "4326", "KDBBPS": null, "KDCBPS": null, "KDCPUM": "34.03.15", "KDEBPS": null, "KDEPUM": "34.03.15.2005", "KDPBPS": null, "KDPKAB": "34.03", "KDPPUM": "34", "LUASWH": 0.0, "TIPADM": 1.0, "WADMKC": "Saptosari", "WADMKD": "Kanigoro", "WADMKK": "Gunungkidul", "WADMPR": "Daerah Istimewa Yogyakarta", "WIADKC": null, "WIADKK": null, "WIADPR": null, "WIADKD": null, "UUPP": "Data dari Pemerintah Daerah", "LUAS": 25.10340289 }, "geometry": { "type": "MultiLineString", "coordinates": [ [ [ 110.534938362003885, -8.130664469003825, 0.0 ], [ 110.534940377000055, -8.130666484, 0.0 ], [ 110.53494989500004, -8.130680760999933, 0.0 ], [ 110.534961792000047, -8.13069503799996, 0.0 ], [ 110.534962970633245, -8.130698279179285, 0.0 ] ], [ [ 110.536526092673483, -8.131723207819288, 0.0 ], [ 110.536534330000038, -8.131724201999937, 0.0 ], [ 110.536561694000085, -8.131720632999908, 0.0 ], [ 110.536592627000061, -8.131714683999949, 0.0 ], [ 110.536621181000029, -8.131703976999951, 0.0 ], [ 110.536644975000044, -8.131692079999944, 0.0 ], [ 110.536665201000034, -8.131680181999936, 0.0 ], [ 110.53668066700007, -8.131665905, 0.0 ], [ 110.536691375000061, -8.131649248999953, 0.0 ], [ 110.536702082000062, -8.131626643999947, 0.0 ], [ 110.536720567000089, -8.131596451999936, 0.0 ], [ 110.536765029000037, -8.131558700999921, 0.0 ], [ 110.536781794, -8.1315219479999, 0.0 ], [ 110.536786553000042, -8.131506481999953, 0.0 ], [ 110.53679012200007, -8.131487445999976, 0.0 ], [ 110.53679012200007, -8.131467219999902, 0.0 ], [ 110.536787743000048, -8.131433907999988, 0.0 ], [ 110.53678536400011, -8.131399405999975, 0.0 ], [ 110.536779415000069, -8.13137680099997, 0.0 ], [ 110.536771087, -8.131357765, 0.0 ], [ 110.536756810000071, -8.131342298999957, 0.0 ], [ 110.536738964, -8.131322072999971, 0.0 ], [ 110.536718727000022, -8.131268737, 0.0 ], [ 110.53671041000004, -8.131231653999951, 0.0 ], [ 110.536692565000081, -8.13118644399994, 0.0 ], [ 110.536671149000085, -8.13114004499992, 0.0 ], [ 110.53665207100002, -8.131074483999914, 0.0 ], [ 110.536641406000015, -8.131034158999952, 0.0 ], [ 110.536630699000028, -8.131006795, 0.0 ], [ 110.536630699000028, -8.130996134100101, 0.0 ] ], [ [ 110.53514756644752, -8.131051852597562, 0.0 ], [ 110.535166426000018, -8.131063853999922, 0.0 ], [ 110.53518784100001, -8.131080509999968, 0.0 ], [ 110.535204497000052, -8.131090027999957, 0.0 ], [ 110.535242569, -8.131118581999921, 0.0 ], [ 110.535271122000069, -8.131142375999936, 0.0 ], [ 110.535299676000108, -8.131163791999931, 0.0 ], [ 110.535323470000037, -8.131173308999919, 0.0 ], [ 110.535344885000129, -8.131180447999977, 0.0 ], [ 110.53537581800002, -8.131187585999946, 0.0 ], [ 110.535406751000011, -8.131201862999973, 0.0 ], [ 110.535430546000015, -8.131216139999911, 0.0 ], [ 110.535466238000041, -8.131230415999937, 0.0 ], [ 110.535490033000059, -8.131239933999925, 0.0 ], [ 110.535560539000116, -8.131250700999928, 0.0 ], [ 110.535614006000102, -8.131258487999951, 0.0 ], [ 110.535697097000053, -8.131265496, 0.0 ], [ 110.53575972200008, -8.131270777999902, 0.0 ], [ 110.535804121000112, -8.131287523999955, 0.0 ], [ 110.535835054000088, -8.131294661999924, 0.0 ], [ 110.535849331000037, -8.131306558999931, 0.0 ], [ 110.535860364636349, -8.131317593563683, 0.0 ] ], [ [ 110.535952361664656, -8.131360216239827, 0.0 ], [ 110.535958786000023, -8.13136128699993, 0.0 ], [ 110.535984960000064, -8.131368424999987, 0.0 ], [ 110.536072047000076, -8.131387287999949, 0.0 ], [ 110.53619538600006, -8.131451480999932, 0.0 ] ], [ [ 110.537545173987127, -8.131385463065524, 0.0 ], [ 110.537552740000109, -8.131400595999896, 0.0 ], [ 110.537545664000049, -8.13142448, 0.0 ], [ 110.537518237000086, -8.131451753999954, 0.0 ], [ 110.537486008000087, -8.131466572999937, 0.0 ], [ 110.537450423000081, -8.13147316899995, 0.0 ], [ 110.537426628000063, -8.131479118, 0.0 ], [ 110.537416934246622, -8.131485176659528, 0.0 ] ], [ [ 110.537657939784367, -8.131937516281642, 0.0 ], [ 110.537708488000106, -8.131938493999904, 0.0 ], [ 110.537764036000084, -8.131936211999982, 0.0 ], [ 110.537798300000077, -8.131936211999982, 0.0 ], [ 110.537830661000015, -8.131936211999982, 0.0 ], [ 110.537859214000065, -8.131938115999962, 0.0 ], [ 110.537901093000059, -8.131941922999921, 0.0 ], [ 110.537907830073266, -8.131943607342009, 0.0 ] ], [ [ 110.538829842926447, -8.132775209862988, 0.0 ], [ 110.538847166000011, -8.132781397000013, 0.0 ], [ 110.53888904500009, -8.132796624999941, 0.0 ], [ 110.538919502000041, -8.132806142999929, 0.0 ], [ 110.538942345000066, -8.132815660999917, 0.0 ], [ 110.538978513000032, -8.132828985999954, 0.0 ], [ 110.53901658400008, -8.13284611799995, 0.0 ], [ 110.539085113000056, -8.132863249999946, 0.0 ], [ 110.539172296000089, -8.132877868, 0.0 ], [ 110.539195350000028, -8.132885817999949, 0.0 ], [ 110.539323330000059, -8.132908567999966, 0.0 ], [ 110.539384159000022, -8.132931300999893, 0.0 ], [ 110.539410910307865, -8.132940217582032, 0.0 ] ], [ [ 110.541345858459877, -8.133184606278334, 0.0 ], [ 110.541400243000041, -8.133182449999978, 0.0 ], [ 110.541475297000034, -8.133203593999951, 0.0 ], [ 110.541523494000018, -8.133226085999947, 0.0 ], [ 110.541579246000111, -8.133252103999968, 0.0 ], [ 110.541623232000106, -8.133297895999938, 0.0 ], [ 110.541661303000055, -8.133324070999972, 0.0 ], [ 110.541708893000077, -8.133355003999956, 0.0 ], [ 110.541727528418448, -8.133369912021351, 0.0 ] ], [ [ 110.541843015266267, -8.133429436266617, 0.0 ], [ 110.541846901000042, -8.13343114599995, 0.0 ], [ 110.541873341417983, -8.133440760697344, 0.0 ] ], [ [ 110.541937178966123, -8.133461244476639, 0.0 ], [ 110.541956357000046, -8.133466837999972, 0.0 ], [ 110.542008705000029, -8.13347873499989, 0.0 ], [ 110.542080089000066, -8.133493012, 0.0 ], [ 110.542155437191667, -8.133522754948377, 0.0 ] ], [ [ 110.545360079348811, -8.133898778265216, 0.0 ], [ 110.545343281000058, -8.133892951999968, 0.0 ], [ 110.54533186, -8.13388438599997, 0.0 ], [ 110.545319011000089, -8.133875819999972, 0.0 ], [ 110.545316156000041, -8.133862970999886, 0.0 ], [ 110.545321967615763, -8.133854425670375, 0.0 ] ], [ [ 110.544498370762454, -8.134005989212092, 0.0 ], [ 110.54450711800007, -8.134003364999955, 0.0 ], [ 110.544602377000047, -8.133957066999944, 0.0 ], [ 110.544690417000041, -8.133952307999905, 0.0 ], [ 110.544759362000065, -8.133964335999924, 0.0 ], [ 110.544795054000076, -8.133968619000012, 0.0 ], [ 110.544835029000097, -8.13397575699998, 0.0 ], [ 110.544878084000032, -8.133986540999985, 0.0 ], [ 110.54489483416981, -8.134004022644028, 0.0 ] ], [ [ 110.542985110649425, -8.134070088992775, 0.0 ], [ 110.543024735000074, -8.134085497999912, 0.0 ], [ 110.543041391000116, -8.134099774999939, 0.0 ], [ 110.543072324, -8.134109292999927, 0.0 ], [ 110.543096118000022, -8.134118810999915, 0.0 ], [ 110.543127051000099, -8.134140225999911, 0.0 ], [ 110.543222209000064, -8.134178255999949, 0.0 ], [ 110.54333285400007, -8.134370992, 0.0 ], [ 110.543379284382183, -8.134487068205623, 0.0 ] ], [ [ 110.545587349447558, -8.134512116804373, 0.0 ], [ 110.545611803638408, -8.134506065656257, 0.0 ] ], [ [ 110.543490856821393, -8.134752424942828, 0.0 ], [ 110.543596974000081, -8.13478501799997, 0.0 ], [ 110.543620091829865, -8.134757526791638, 0.0 ] ], [ [ 110.545576954932883, -8.134969421100937, 0.0 ], [ 110.545586423657085, -8.134958768765479, 0.0 ] ] ] } },
{ "type": "Feature", "properties": { "FID_Garis_": 2752, "OBJECTID": 32980, "NAMOBJ": "Garis Pantai", "FCODE": "DB02080140", "REMARK": null, "METADATA": null, "SRS_ID": "4326", "DTMVER": 2, "ELEVAS": 0.0, "KARGPN": 5, "TIPGPN": 4, "KODGPN": null, "THNSBDATA": "2025", "SBDATA": 6, "SKL": 6, "THNPBL": "2025", "KET": null, "SHAPE_Leng": 0.00103340066, "FID_Batas_": 4621, "OBJECTID_1": 4051.0, "NAMOBJ_1": "Kanigoro", "FCODE_1": "BA03070040", "REMARK_1": null, "METADATA_1": "TASWIL1000020221227_DATA_BATAS_DESAKELURAHAN", "SRS_ID_1": "4326", "KDBBPS": null, "KDCBPS": null, "KDCPUM": "34.03.15", "KDEBPS": null, "KDEPUM": "34.03.15.2005", "KDPBPS": null, "KDPKAB": "34.03", "KDPPUM": "34", "LUASWH": 0.0, "TIPADM": 1.0, "WADMKC": "Saptosari", "WADMKD": "Kanigoro", "WADMKK": "Gunungkidul", "WADMPR": "Daerah Istimewa Yogyakarta", "WIADKC": null, "WIADKK": null, "WIADPR": null, "WIADKD": null, "UUPP": "Data dari Pemerintah Daerah", "LUAS": 25.10340289 }, "geometry": { "type": "MultiLineString", "coordinates": [ [ [ 110.53394732700005, -8.129878959999939, 0.0 ], [ 110.533957660000098, -8.129844855999959, 0.0 ], [ 110.53395194900007, -8.129804880999938, 0.0 ], [ 110.533943383000064, -8.129777755999914, 0.0 ], [ 110.533945060995947, -8.129759857116472, 0.0 ] ] ] } },
{ "type": "Feature", "properties": { "FID_Garis_": 2753, "OBJECTID": 32981, "NAMOBJ": "Garis Pantai", "FCODE": "DB02080140", "REMARK": null, "METADATA": null, "SRS_ID": "4326", "DTMVER": 2, "ELEVAS": 0.0, "KARGPN": 3, "TIPGPN": 4, "KODGPN": null, "THNSBDATA": "2025", "SBDATA": 6, "SKL": 6, "THNPBL": "2025", "KET": null, "SHAPE_Leng": 0.02024654521, "FID_Batas_": 4621, "OBJECTID_1": 4051.0, "NAMOBJ_1": "Kanigoro", "FCODE_1": "BA03070040", "REMARK_1": null, "METADATA_1": "TASWIL1000020221227_DATA_BATAS_DESAKELURAHAN", "SRS_ID_1": "4326", "KDBBPS": null, "KDCBPS": null, "KDCPUM": "34.03.15", "KDEBPS": null, "KDEPUM": "34.03.15.2005", "KDPBPS": null, "KDPKAB": "34.03", "KDPPUM": "34", "LUASWH": 0.0, "TIPADM": 1.0, "WADMKC": "Saptosari", "WADMKD": "Kanigoro", "WADMKK": "Gunungkidul", "WADMPR": "Daerah Istimewa Yogyakarta", "WIADKC": null, "WIADKK": null, "WIADPR": null, "WIADKD": null, "UUPP": "Data dari Pemerintah Daerah", "LUAS": 25.10340289 }, "geometry": { "type": "MultiLineString", "coordinates": [ [ [ 110.526401470769599, -8.128955697457965, 0.0 ], [ 110.526401521000082, -8.128955817999941, 0.0 ], [ 110.526407231000036, -8.128972949999937, 0.0 ], [ 110.526407231000036, -8.128997221, 0.0 ], [ 110.526401521000082, -8.129028629999926, 0.0 ], [ 110.526392955000091, -8.129054327999921, 0.0 ], [ 110.526374395000062, -8.129091447999972, 0.0 ], [ 110.526351552000037, -8.129124283999936, 0.0 ], [ 110.526308993000072, -8.129151851999907, 0.0 ], [ 110.526231627000072, -8.129169969999985, 0.0 ], [ 110.526184037745125, -8.129183567065947, 0.0 ] ], [ [ 110.52684551588743, -8.129313809675267, 0.0 ], [ 110.526900297000054, -8.129234924999942, 0.0 ], [ 110.527025218000091, -8.12919566399998, 0.0 ], [ 110.527087323180638, -8.129198932958772, 0.0 ] ], [ [ 110.526715272903743, -8.129846633633289, 0.0 ], [ 110.526717993000076, -8.129825589999964, 0.0 ], [ 110.526713468000054, -8.129808497999971, 0.0 ], [ 110.52671251600006, -8.129793269999954, 0.0 ], [ 110.526715372000041, -8.129781847999897, 0.0 ], [ 110.526722034000045, -8.12977233, 0.0 ], [ 110.526727745000073, -8.129762812999921, 0.0 ], [ 110.526743248000031, -8.129726934999972, 0.0 ], [ 110.526749645000024, -8.129699914999957, 0.0 ], [ 110.526754395000069, -8.12962385199997, 0.0 ], [ 110.526765816000122, -8.129543901999927, 0.0 ], [ 110.52678706540307, -8.129458100795386, 0.0 ] ], [ [ 110.527754737916752, -8.129734908749988, 0.0 ], [ 110.527758051000063, -8.129744847999945, 0.0 ], [ 110.527755196, -8.12976626299994, 0.0 ], [ 110.527746630000095, -8.129789105999965, 0.0 ], [ 110.527739492000038, -8.129811947999901, 0.0 ], [ 110.527717651806739, -8.129842280704871, 0.0 ] ], [ [ 110.53304416711228, -8.13105793362924, 0.0 ], [ 110.533081132000049, -8.131045612000012, 0.0 ], [ 110.533123010000054, -8.131020864999918, 0.0 ], [ 110.533182021000044, -8.131022768999987, 0.0 ], [ 110.533197249000068, -8.131024671999967, 0.0 ], [ 110.533235321000106, -8.131032286999886, 0.0 ], [ 110.533258164000046, -8.131047515, 0.0 ], [ 110.533281006000067, -8.13105893699996, 0.0 ], [ 110.533311463000103, -8.131066550999968, 0.0 ], [ 110.53333240300006, -8.131064646999988, 0.0 ], [ 110.533353342000012, -8.131053225999931, 0.0 ], [ 110.533368571000025, -8.131041804999963, 0.0 ], [ 110.533378088000106, -8.131024671999967, 0.0 ], [ 110.533389510000077, -8.130998021999982, 0.0 ], [ 110.533399028000062, -8.130977082999937, 0.0 ], [ 110.533410449000115, -8.130958047999961, 0.0 ], [ 110.533426963000068, -8.130929511, 0.0 ], [ 110.533465649000064, -8.13091127599991, 0.0 ], [ 110.533476965000034, -8.130899784999936, 0.0 ], [ 110.533503724000113, -8.130862868999902, 0.0 ], [ 110.533528470000107, -8.130811472999913, 0.0 ], [ 110.533539892000078, -8.130788629999888, 0.0 ], [ 110.53354750600009, -8.130760075999923, 0.0 ], [ 110.533555120000102, -8.130727716, 0.0 ], [ 110.533562735000103, -8.130693450999917, 0.0 ], [ 110.533583674000056, -8.130642054999928, 0.0 ], [ 110.533604613000108, -8.130619211999903, 0.0 ], [ 110.533625552000061, -8.130596368999967, 0.0 ], [ 110.533640781000088, -8.130573526999942, 0.0 ], [ 110.533663624000013, -8.130541165999929, 0.0 ], [ 110.533688370000021, -8.130522129999953, 0.0 ], [ 110.533711213000046, -8.130499286999928, 0.0 ], [ 110.533734056000071, -8.130470733999964, 0.0 ], [ 110.533743574000056, -8.130445987999959, 0.0 ], [ 110.533751188000068, -8.130413626999946, 0.0 ], [ 110.533766026000052, -8.130356011999975, 0.0 ], [ 110.533828165000045, -8.130232480999968, 0.0 ], [ 110.533896317000085, -8.130082123999962, 0.0 ], [ 110.53391242, -8.13003259599995, 0.0 ], [ 110.533921938000077, -8.130007848999945, 0.0 ], [ 110.533928600000095, -8.129977391999912, 0.0 ], [ 110.533933819580767, -8.129929683309403, 0.0 ] ], [ [ 110.526255080687591, -8.129996868280411, 0.0 ], [ 110.526263274000115, -8.129993143999972, 0.0 ], [ 110.526282310000084, -8.129991241, 0.0 ], [ 110.526300394000074, -8.129994095999962, 0.0 ], [ 110.526320619382062, -8.130006445843598, 0.0 ] ], [ [ 110.52648465300004, -8.130111573, 0.0 ], [ 110.526555424000037, -8.130037942999948, 0.0 ], [ 110.526572618239314, -8.130015456124742, 0.0 ] ], [ [ 110.530231501264041, -8.130293788278244, 0.0 ], [ 110.530231112000052, -8.130291322999952, 0.0 ], [ 110.530229685000023, -8.130271334999986, 0.0 ], [ 110.530232540000071, -8.130251347999931, 0.0 ], [ 110.530232540000071, -8.130229931999935, 0.0 ], [ 110.530228257, -8.130211372999909, 0.0 ], [ 110.530221119000117, -8.130191384999943, 0.0 ], [ 110.530218263000052, -8.130168542, 0.0 ], [ 110.530221119000117, -8.130145699999982, 0.0 ], [ 110.530223214000017, -8.130055839999919, 0.0 ], [ 110.530247022014336, -8.130067490672968, 0.0 ] ], [ [ 110.530346259293879, -8.130116053357863, 0.0 ], [ 110.530351396051387, -8.130118567077851, 0.0 ] ], [ [ 110.52925138418118, -8.131578774167494, 0.0 ], [ 110.529252829000114, -8.131572273999979, 0.0 ], [ 110.529259967000073, -8.131555141999982, 0.0 ], [ 110.529267105000045, -8.131532298999957, 0.0 ], [ 110.529272816000073, -8.13152016299993, 0.0 ], [ 110.529287807000074, -8.131505172999933, 0.0 ], [ 110.529291376000103, -8.131501603999904, 0.0 ], [ 110.529293518000102, -8.131499462, 0.0 ], [ 110.529294945000032, -8.131493750999965, 0.0 ], [ 110.529297087000131, -8.131487326999967, 0.0 ], [ 110.529297087000131, -8.131481615999938, 0.0 ], [ 110.529292804000036, -8.131462342999942, 0.0 ], [ 110.529292804000036, -8.131428077999949, 0.0 ], [ 110.529294231000065, -8.131382392999988, 0.0 ], [ 110.529295659000098, -8.131343844999908, 0.0 ], [ 110.529302797000071, -8.131323857999941, 0.0 ], [ 110.529305653000037, -8.131302442999946, 0.0 ], [ 110.529311363000062, -8.131285310999949, 0.0 ], [ 110.529314219000042, -8.131271033999923, 0.0 ], [ 110.529314219000042, -8.131258185000014, 0.0 ], [ 110.529314791000076, -8.131197106999934, 0.0 ], [ 110.529320204000086, -8.131172161999913, 0.0 ], [ 110.529335872000047, -8.131129217999913, 0.0 ], [ 110.529335872000047, -8.131105422999987, 0.0 ], [ 110.529331113000097, -8.131076869999934, 0.0 ], [ 110.529321595000027, -8.131039987999902, 0.0 ], [ 110.529309698000105, -8.131007865999909, 0.0 ], [ 110.529290662000037, -8.130967414999937, 0.0 ], [ 110.529253737, -8.130901725999919, 0.0 ], [ 110.529220468000091, -8.130847251999942, 0.0 ], [ 110.52920024300002, -8.130821077999908, 0.0 ], [ 110.529176448, -8.130786575999895, 0.0 ], [ 110.529155033, -8.13076040199995, 0.0 ], [ 110.529103673000023, -8.130685613999979, 0.0 ], [ 110.52907869100008, -8.130655109999942, 0.0 ], [ 110.529071058000085, -8.130644699999969, 0.0 ], [ 110.529058665000036, -8.13061763399995, 0.0 ], [ 110.529057475000016, -8.130602166999914, 0.0 ], [ 110.529055096, -8.130580751999918, 0.0 ], [ 110.529055096, -8.130564095999961, 0.0 ], [ 110.529055096, -8.130547439999916, 0.0 ], [ 110.529057475000016, -8.130535542999908, 0.0 ], [ 110.529064613000074, -8.130520075999961, 0.0 ], [ 110.529074131000073, -8.130509367999963, 0.0 ], [ 110.529076338183216, -8.130508364757851, 0.0 ] ], [ [ 110.530105048102058, -8.130615518504882, 0.0 ], [ 110.530106574356466, -8.130614183069831, 0.0 ] ], [ [ 110.531417773058081, -8.130824953250162, 0.0 ], [ 110.531423123000081, -8.130834315999937, 0.0 ], [ 110.531423123000081, -8.130859061999942, 0.0 ], [ 110.531423123000081, -8.130878097999918, 0.0 ], [ 110.531417413000057, -8.130912361999911, 0.0 ], [ 110.531414205126367, -8.130923054256947, 0.0 ] ], [ [ 110.532533898452868, -8.131440723058905, 0.0 ], [ 110.532540518000076, -8.131422517999933, 0.0 ], [ 110.532548132, -8.131397771999929, 0.0 ], [ 110.532557848000096, -8.131342540999977, 0.0 ], [ 110.532573909000092, -8.131312528999981, 0.0 ], [ 110.532612854000035, -8.131287364999942, 0.0 ], [ 110.532635697000046, -8.131270232999945, 0.0 ], [ 110.532654732000111, -8.131258810999977, 0.0 ], [ 110.532675671000078, -8.1312492939999, 0.0 ], [ 110.532698514000103, -8.131228353999944, 0.0 ], [ 110.532713743000031, -8.131211221999948, 0.0 ], [ 110.532727068000071, -8.131190283, 0.0 ], [ 110.532736586000055, -8.131167439999967, 0.0 ], [ 110.532744200000053, -8.131136982999934, 0.0 ], [ 110.532761332000064, -8.131108428999969, 0.0 ], [ 110.532782271000102, -8.131091296999973, 0.0 ], [ 110.532812728000039, -8.131074164999976, 0.0 ], [ 110.532831764000022, -8.131066550999968, 0.0 ], [ 110.532864125000032, -8.131057032999891, 0.0 ], [ 110.532907907, -8.13105893699996, 0.0 ], [ 110.532938364000046, -8.13105893699996, 0.0 ], [ 110.532965014000041, -8.131062743999919, 0.0 ], [ 110.532975864943637, -8.131063647968197, 0.0 ] ], [ [ 110.527450621731447, -8.131320153003454, 0.0 ], [ 110.527452529000101, -8.131316719999973, 0.0 ], [ 110.52747251600006, -8.131288165999919, 0.0 ], [ 110.527504389000029, -8.131239508999979, 0.0 ], [ 110.527534478000035, -8.131215088, 0.0 ], [ 110.527579870000068, -8.131183126999932, 0.0 ], [ 110.527638984000077, -8.131151641, 0.0 ], [ 110.527677296000036, -8.131135110999956, 0.0 ], [ 110.527710890794907, -8.131126518527712, 0.0 ] ], [ [ 110.527192333000059, -8.131209445999978, 0.0 ], [ 110.527225528000059, -8.131219637999934, 0.0 ], [ 110.527241232000023, -8.131231059, 0.0 ], [ 110.527259792000052, -8.131249618999927, 0.0 ], [ 110.527282635000077, -8.131272461999952, 0.0 ], [ 110.527304050000069, -8.131299586999976, 0.0 ], [ 110.52732668200008, -8.131332135, 0.0 ] ], [ [ 110.531529033939222, -8.131377669649744, 0.0 ], [ 110.531546855000016, -8.131380639999932, 0.0 ], [ 110.531573505000011, -8.131380639999932, 0.0 ], [ 110.531609673000077, -8.131380639999932, 0.0 ], [ 110.531645841000042, -8.131382543, 0.0 ], [ 110.531674394, -8.131378735999952, 0.0 ], [ 110.5317162730001, -8.131369217999964, 0.0 ], [ 110.531742923000081, -8.131365410999916, 0.0 ], [ 110.531775283000087, -8.131363507999936, 0.0 ], [ 110.531824776000107, -8.131373025999924, 0.0 ], [ 110.531851426000088, -8.131380639999932, 0.0 ], [ 110.531879980000056, -8.131386350999961, 0.0 ], [ 110.531912340000062, -8.131384446999981, 0.0 ], [ 110.531995039000066, -8.13136690099995, 0.0 ], [ 110.532097696000037, -8.131377706999956, 0.0 ], [ 110.532161708, -8.131399675, 0.0 ], [ 110.532205490000081, -8.131411096999965, 0.0 ], [ 110.532266404000055, -8.131449167999918, 0.0 ], [ 110.532294958000108, -8.131464396999935, 0.0 ], [ 110.532302774449903, -8.13147319076263, 0.0 ] ], [ [ 110.529065883244968, -8.131707824831604, 0.0 ], [ 110.529077225000051, -8.131690056999954, 0.0 ], [ 110.529087218000086, -8.131676493999986, 0.0 ], [ 110.529100781000054, -8.131664358999959, 0.0 ], [ 110.529111489000044, -8.131655792999961, 0.0 ], [ 110.529126173378913, -8.131649612640004, 0.0 ] ] ] } },
{ "type": "Feature", "properties": { "FID_Garis_": 2754, "OBJECTID": 32982, "NAMOBJ": "Garis Pantai", "FCODE": "DB02080140", "REMARK": null, "METADATA": null, "SRS_ID": "4326", "DTMVER": 2, "ELEVAS": 0.0, "KARGPN": 5, "TIPGPN": 4, "KODGPN": null, "THNSBDATA": "2025", "SBDATA": 6, "SKL": 6, "THNPBL": "2025", "KET": null, "SHAPE_Leng": 0.00047724549, "FID_Batas_": 4621, "OBJECTID_1": 4051.0, "NAMOBJ_1": "Kanigoro", "FCODE_1": "BA03070040", "REMARK_1": null, "METADATA_1": "TASWIL1000020221227_DATA_BATAS_DESAKELURAHAN", "SRS_ID_1": "4326", "KDBBPS": null, "KDCBPS": null, "KDCPUM": "34.03.15", "KDEBPS": null, "KDEPUM": "34.03.15.2005", "KDPBPS": null, "KDPKAB": "34.03", "KDPPUM": "34", "LUASWH": 0.0, "TIPADM": 1.0, "WADMKC": "Saptosari", "WADMKD": "Kanigoro", "WADMKK": "Gunungkidul", "WADMPR": "Daerah Istimewa Yogyakarta", "WIADKC": null, "WIADKK": null, "WIADPR": null, "WIADKD": null, "UUPP": "Data dari Pemerintah Daerah", "LUAS": 25.10340289 }, "geometry": { "type": "MultiLineString", "coordinates": [ [ [ 110.523893635000064, -8.127768941999971, 0.0 ], [ 110.523881653000046, -8.127651097, 0.0 ], [ 110.523927148406429, -8.127593469315322, 0.0 ] ] ] } },
{ "type": "Feature", "properties": { "FID_Garis_": 2755, "OBJECTID": 32983, "NAMOBJ": "Garis Pantai", "FCODE": "DB02080140", "REMARK": null, "METADATA": null, "SRS_ID": "4326", "DTMVER": 2, "ELEVAS": 0.0, "KARGPN": 3, "TIPGPN": 4, "KODGPN": null, "THNSBDATA": "2025", "SBDATA": 6, "SKL": 6, "THNPBL": "2025", "KET": null, "SHAPE_Leng": 0.00281599577, "FID_Batas_": 4621, "OBJECTID_1": 4051.0, "NAMOBJ_1": "Kanigoro", "FCODE_1": "BA03070040", "REMARK_1": null, "METADATA_1": "TASWIL1000020221227_DATA_BATAS_DESAKELURAHAN", "SRS_ID_1": "4326", "KDBBPS": null, "KDCBPS": null, "KDCPUM": "34.03.15", "KDEBPS": null, "KDEPUM": "34.03.15.2005", "KDPBPS": null, "KDPKAB": "34.03", "KDPPUM": "34", "LUASWH": 0.0, "TIPADM": 1.0, "WADMKC": "Saptosari", "WADMKD": "Kanigoro", "WADMKK": "Gunungkidul", "WADMPR": "Daerah Istimewa Yogyakarta", "WIADKC": null, "WIADKK": null, "WIADPR": null, "WIADKD": null, "UUPP": "Data dari Pemerintah Daerah", "LUAS": 25.10340289 }, "geometry": { "type": "MultiLineString", "coordinates": [ [ [ 110.524482490239919, -8.127767096236607, 0.0 ], [ 110.524499123000069, -8.127765310999937, 0.0 ], [ 110.524546132820632, -8.127779137508941, 0.0 ] ], [ [ 110.524697647582258, -8.12792590284598, 0.0 ], [ 110.524701665000038, -8.12793221599998, 0.0 ], [ 110.524706424000073, -8.127965528999894, 0.0 ], [ 110.524687388000103, -8.128034532999919, 0.0 ], [ 110.524673111000084, -8.12807736299991, 0.0 ], [ 110.524672344431934, -8.128080429433684, 0.0 ] ] ] } },
{ "type": "Feature", "properties": { "FID_Garis_": 2756, "OBJECTID": 32984, "NAMOBJ": "Garis Pantai", "FCODE": "DB02080140", "REMARK": null, "METADATA": null, "SRS_ID": "4326", "DTMVER": 2, "ELEVAS": 0.0, "KARGPN": 3, "TIPGPN": 4, "KODGPN": null, "THNSBDATA": "2025", "SBDATA": 6, "SKL": 6, "THNPBL": "2025", "KET": null, "SHAPE_Leng": 0.00778506533, "FID_Batas_": 4621, "OBJECTID_1": 4051.0, "NAMOBJ_1": "Kanigoro", "FCODE_1": "BA03070040", "REMARK_1": null, "METADATA_1": "TASWIL1000020221227_DATA_BATAS_DESAKELURAHAN", "SRS_ID_1": "4326", "KDBBPS": null, "KDCBPS": null, "KDCPUM": "34.03.15", "KDEBPS": null, "KDEPUM": "34.03.15.2005", "KDPBPS": null, "KDPKAB": "34.03", "KDPPUM": "34", "LUASWH": 0.0, "TIPADM": 1.0, "WADMKC": "Saptosari", "WADMKD": "Kanigoro", "WADMKK": "Gunungkidul", "WADMPR": "Daerah Istimewa Yogyakarta", "WIADKC": null, "WIADKK": null, "WIADPR": null, "WIADKD": null, "UUPP": "Data dari Pemerintah Daerah", "LUAS": 25.10340289 }, "geometry": { "type": "MultiLineString", "coordinates": [ [ [ 110.520277741000115, -8.125298212, 0.0 ], [ 110.520244905178942, -8.125338345415525, 0.0 ] ], [ [ 110.520228248000109, -8.125386297769079, 0.0 ], [ 110.520228248000109, -8.125416233999907, 0.0 ], [ 110.520227860000062, -8.125477524999916, 0.0 ], [ 110.520219683000022, -8.125533302999912, 0.0 ], [ 110.520220429535911, -8.125538529274081, 0.0 ] ], [ [ 110.520237978268867, -8.125580442992266, 0.0 ], [ 110.520246248, -8.125594985999953, 0.0 ], [ 110.520275471883124, -8.125631860146267, 0.0 ] ], [ [ 110.522097227000103, -8.126133706999941, 0.0 ], [ 110.5222087490001, -8.126215437999953, 0.0 ], [ 110.522210683669243, -8.126228485345379, 0.0 ] ], [ [ 110.52240713688542, -8.126408602486848, 0.0 ], [ 110.522419613000054, -8.126414060999956, 0.0 ], [ 110.522431510000061, -8.126447968, 0.0 ], [ 110.522441028000046, -8.126469383, 0.0 ], [ 110.522438649000023, -8.126490798, 0.0 ], [ 110.522421993000066, -8.126512213, 0.0 ], [ 110.522417630362611, -8.126516911300854, 0.0 ] ], [ [ 110.522424475752302, -8.127663526589792, 0.0 ], [ 110.522428992000115, -8.12765466599993, 0.0 ], [ 110.522464684000056, -8.127640389, 0.0 ], [ 110.522483736164077, -8.127661060000726, 0.0 ] ], [ [ 110.522351824898067, -8.12773592710915, 0.0 ], [ 110.522368335000067, -8.127724948999973, 0.0 ], [ 110.522376318270474, -8.127722252603711, 0.0 ] ], [ [ 110.52392578900006, -8.128199757999912, 0.0 ], [ 110.523909541000052, -8.12805888599998, 0.0 ], [ 110.523895720000056, -8.128030583999948, 0.0 ], [ 110.523878371000052, -8.128015496999943, 0.0 ], [ 110.523859336000072, -8.12798694399989, 0.0 ], [ 110.523856956000046, -8.127960769999945, 0.0 ], [ 110.523861715000095, -8.127939354999949, 0.0 ], [ 110.523861715000095, -8.127910800999896, 0.0 ], [ 110.523864095000107, -8.12788700599997, 0.0 ], [ 110.523878371000052, -8.127860831999936, 0.0 ], [ 110.52389263600007, -8.127801489, 0.0 ] ], [ [ 110.52389923845341, -8.128447892454318, 0.0 ], [ 110.523902498, -8.128441682999945, 0.0 ], [ 110.523921678000079, -8.128407156999931, 0.0 ], [ 110.523925485000035, -8.128376698999986, 0.0 ], [ 110.52393119500006, -8.128346241999953, 0.0 ], [ 110.523946071000054, -8.12827384, 0.0 ], [ 110.523944946000043, -8.128247644999966, 0.0 ] ], [ [ 110.523690511365345, -8.128362344511721, 0.0 ], [ 110.523697272000078, -8.128360269999959, 0.0 ], [ 110.523733224000026, -8.128359567, 0.0 ], [ 110.523759874000092, -8.128369084999978, 0.0 ], [ 110.523807790000063, -8.128398979999965, 0.0 ], [ 110.523823233630623, -8.128423412810051, 0.0 ] ], [ [ 110.523176918454837, -8.12853849869585, 0.0 ], [ 110.523183743000033, -8.128535070999945, 0.0 ], [ 110.523218626620832, -8.128529055911518, 0.0 ] ], [ [ 110.522694904697047, -8.128603591426611, 0.0 ], [ 110.522714071000081, -8.128610778999903, 0.0 ], [ 110.522742625000035, -8.128617916999961, 0.0 ], [ 110.522789738000114, -8.128625056000018, 0.0 ], [ 110.522840423000048, -8.128625881999909, 0.0 ], [ 110.522883253000131, -8.128625881999909, 0.0 ], [ 110.522966086000054, -8.128610718999898, 0.0 ], [ 110.522992024000075, -8.128603033999973, 0.0 ], [ 110.523031016000104, -8.128605067999963, 0.0 ], [ 110.523052431000096, -8.128603640999934, 0.0 ], [ 110.523068135000059, -8.128600784999964, 0.0 ], [ 110.523079557000031, -8.128599357999935, 0.0 ], [ 110.52308977258636, -8.128594249759526, 0.0 ] ] ] } },
{ "type": "Feature", "properties": { "FID_Garis_": 2757, "OBJECTID": 32985, "NAMOBJ": "Garis Pantai", "FCODE": "DB02080140", "REMARK": null, "METADATA": null, "SRS_ID": "4326", "DTMVER": 2, "ELEVAS": 0.0, "KARGPN": 5, "TIPGPN": 4, "KODGPN": null, "THNSBDATA": "2025", "SBDATA": 6, "SKL": 6, "THNPBL": "2025", "KET": null, "SHAPE_Leng": 0.00071206802, "FID_Batas_": 4621, "OBJECTID_1": 4051.0, "NAMOBJ_1": "Kanigoro", "FCODE_1": "BA03070040", "REMARK_1": null, "METADATA_1": "TASWIL1000020221227_DATA_BATAS_DESAKELURAHAN", "SRS_ID_1": "4326", "KDBBPS": null, "KDCBPS": null, "KDCPUM": "34.03.15", "KDEBPS": null, "KDEPUM": "34.03.15.2005", "KDPBPS": null, "KDPKAB": "34.03", "KDPPUM": "34", "LUASWH": 0.0, "TIPADM": 1.0, "WADMKC": "Saptosari", "WADMKD": "Kanigoro", "WADMKK": "Gunungkidul", "WADMPR": "Daerah Istimewa Yogyakarta", "WIADKC": null, "WIADKK": null, "WIADPR": null, "WIADKD": null, "UUPP": "Data dari Pemerintah Daerah", "LUAS": 25.10340289 }, "geometry": { "type": "MultiLineString", "coordinates": [ [ [ 110.520314921518604, -8.125199541646069, 0.0 ], [ 110.520308198000052, -8.125227779999946, 0.0 ], [ 110.520296777000084, -8.125260140999959, 0.0 ], [ 110.520277741000115, -8.125298212, 0.0 ] ] ] } },
{ "type": "Feature", "properties": { "FID_Garis_": 2758, "OBJECTID": 32986, "NAMOBJ": "Garis Pantai", "FCODE": "DB02080140", "REMARK": null, "METADATA": null, "SRS_ID": "4326", "DTMVER": 2, "ELEVAS": 0.0, "KARGPN": 3, "TIPGPN": 4, "KODGPN": null, "THNSBDATA": "2025", "SBDATA": 6, "SKL": 6, "THNPBL": "2025", "KET": null, "SHAPE_Leng": 0.0079374514, "FID_Batas_": 4621, "OBJECTID_1": 4051.0, "NAMOBJ_1": "Kanigoro", "FCODE_1": "BA03070040", "REMARK_1": null, "METADATA_1": "TASWIL1000020221227_DATA_BATAS_DESAKELURAHAN", "SRS_ID_1": "4326", "KDBBPS": null, "KDCBPS": null, "KDCPUM": "34.03.15", "KDEBPS": null, "KDEPUM": "34.03.15.2005", "KDPBPS": null, "KDPKAB": "34.03", "KDPPUM": "34", "LUASWH": 0.0, "TIPADM": 1.0, "WADMKC": "Saptosari", "WADMKD": "Kanigoro", "WADMKK": "Gunungkidul", "WADMPR": "Daerah Istimewa Yogyakarta", "WIADKC": null, "WIADKK": null, "WIADPR": null, "WIADKD": null, "UUPP": "Data dari Pemerintah Daerah", "LUAS": 25.10340289 }, "geometry": { "type": "MultiLineString", "coordinates": [ [ [ 110.517107632657613, -8.124601288355073, 0.0 ], [ 110.517128743000058, -8.124557202999974, 0.0 ], [ 110.517207265000081, -8.124564340999942, 0.0 ], [ 110.517203722014088, -8.124589343175206, 0.0 ] ], [ [ 110.516638514000093, -8.124783229999935, 0.0 ], [ 110.516672858000092, -8.124792815000017, 0.0 ], [ 110.516701411000057, -8.124799952999986, 0.0 ], [ 110.516715688, -8.124809470999974, 0.0 ], [ 110.51672996500011, -8.124818988999962, 0.0 ], [ 110.516741893039026, -8.124855715078851, 0.0 ] ], [ [ 110.516947569985348, -8.12482198196415, 0.0 ], [ 110.516984560507098, -8.124794013272432, 0.0 ] ], [ [ 110.517555885341125, -8.125084773102866, 0.0 ], [ 110.517579432000048, -8.125045037999925, 0.0 ], [ 110.517626851000074, -8.124987180999934, 0.0 ], [ 110.517639462000048, -8.124948738999951, 0.0 ], [ 110.517649013961488, -8.124934006499931, 0.0 ] ], [ [ 110.518700145107701, -8.125559786763716, 0.0 ], [ 110.518715662, -8.125562187, 0.0 ], [ 110.518775146000038, -8.125574505999946, 0.0 ], [ 110.518857284982943, -8.125605043946074, 0.0 ] ] ] } },
{ "type": "Feature", "properties": { "FID_Garis_": 2759, "OBJECTID": 32987, "NAMOBJ": "Garis Pantai", "FCODE": "DB02080140", "REMARK": null, "METADATA": null, "SRS_ID": "4326", "DTMVER": 2, "ELEVAS": 0.0, "KARGPN": 5, "TIPGPN": 4, "KODGPN": null, "THNSBDATA": "2025", "SBDATA": 6, "SKL": 6, "THNPBL": "2025", "KET": null, "SHAPE_Leng": 0.00064368367, "FID_Batas_": 4621, "OBJECTID_1": 4051.0, "NAMOBJ_1": "Kanigoro", "FCODE_1": "BA03070040", "REMARK_1": null, "METADATA_1": "TASWIL1000020221227_DATA_BATAS_DESAKELURAHAN", "SRS_ID_1": "4326", "KDBBPS": null, "KDCBPS": null, "KDCPUM": "34.03.15", "KDEBPS": null, "KDEPUM": "34.03.15.2005", "KDPBPS": null, "KDPKAB": "34.03", "KDPPUM": "34", "LUASWH": 0.0, "TIPADM": 1.0, "WADMKC": "Saptosari", "WADMKD": "Kanigoro", "WADMKK": "Gunungkidul", "WADMPR": "Daerah Istimewa Yogyakarta", "WIADKC": null, "WIADKK": null, "WIADPR": null, "WIADKD": null, "UUPP": "Data dari Pemerintah Daerah", "LUAS": 25.10340289 }, "geometry": { "type": "MultiLineString", "coordinates": [ [ [ 110.516061336000035, -8.122639402999923, 0.0 ], [ 110.516105109000108, -8.122582756999943, 0.0 ] ], [ [ 110.516407728677336, -8.122703070492001, 0.0 ], [ 110.516403979000046, -8.122727443000013, 0.0 ], [ 110.516389702000112, -8.122765513999965, 0.0 ], [ 110.516382974220889, -8.122782333212211, 0.0 ] ] ] } },
{ "type": "Feature", "properties": { "FID_Garis_": 2760, "OBJECTID": 32988, "NAMOBJ": "Garis Pantai", "FCODE": "DB02080140", "REMARK": null, "METADATA": null, "SRS_ID": "4326", "DTMVER": 2, "ELEVAS": 0.0, "KARGPN": 3, "TIPGPN": 4, "KODGPN": null, "THNSBDATA": "2025", "SBDATA": 6, "SKL": 6, "THNPBL": "2025", "KET": null, "SHAPE_Leng": 0.00433520991, "FID_Batas_": 4621, "OBJECTID_1": 4051.0, "NAMOBJ_1": "Kanigoro", "FCODE_1": "BA03070040", "REMARK_1": null, "METADATA_1": "TASWIL1000020221227_DATA_BATAS_DESAKELURAHAN", "SRS_ID_1": "4326", "KDBBPS": null, "KDCBPS": null, "KDCPUM": "34.03.15", "KDEBPS": null, "KDEPUM": "34.03.15.2005", "KDPBPS": null, "KDPKAB": "34.03", "KDPPUM": "34", "LUASWH": 0.0, "TIPADM": 1.0, "WADMKC": "Saptosari", "WADMKD": "Kanigoro", "WADMKK": "Gunungkidul", "WADMPR": "Daerah Istimewa Yogyakarta", "WIADKC": null, "WIADKK": null, "WIADPR": null, "WIADKD": null, "UUPP": "Data dari Pemerintah Daerah", "LUAS": 25.10340289 }, "geometry": { "type": "MultiLineString", "coordinates": [ [ [ 110.514591067000055, -8.12160838199997, 0.0 ], [ 110.514582229782263, -8.121620284285882, 0.0 ] ], [ [ 110.516044628055766, -8.122693028588515, 0.0 ], [ 110.516061336000035, -8.122639402999923, 0.0 ] ], [ [ 110.514409339666429, -8.122680991389633, 0.0 ], [ 110.514476833000032, -8.122769037999902, 0.0 ], [ 110.514468039470302, -8.122909732012698, 0.0 ] ], [ [ 110.514895974786995, -8.123096098271212, 0.0 ], [ 110.514926551000116, -8.123061710999959, 0.0 ], [ 110.515051473000057, -8.123065280999988, 0.0 ], [ 110.515105267117121, -8.123176033437254, 0.0 ] ], [ [ 110.514582358989216, -8.123513668093931, 0.0 ], [ 110.514620783000026, -8.123498298999934, 0.0 ], [ 110.514667210000056, -8.123448894999932, 0.0 ], [ 110.514695764000109, -8.123377510999976, 0.0 ], [ 110.514724317000073, -8.123309696999961, 0.0 ], [ 110.514749302000013, -8.123263296999941, 0.0 ], [ 110.51477094112046, -8.123237723694423, 0.0 ] ] ] } },
{ "type": "Feature", "properties": { "FID_Garis_": 2761, "OBJECTID": 32989, "NAMOBJ": "Garis Pantai", "FCODE": "DB02080140", "REMARK": null, "METADATA": null, "SRS_ID": "4326", "DTMVER": 2, "ELEVAS": 0.0, "KARGPN": 5, "TIPGPN": 4, "KODGPN": null, "THNSBDATA": "2025", "SBDATA": 6, "SKL": 6, "THNPBL": "2025", "KET": null, "SHAPE_Leng": 0.00104675686, "FID_Batas_": 4621, "OBJECTID_1": 4051.0, "NAMOBJ_1": "Kanigoro", "FCODE_1": "BA03070040", "REMARK_1": null, "METADATA_1": "TASWIL1000020221227_DATA_BATAS_DESAKELURAHAN", "SRS_ID_1": "4326", "KDBBPS": null, "KDCBPS": null, "KDCPUM": "34.03.15", "KDEBPS": null, "KDEPUM": "34.03.15.2005", "KDPBPS": null, "KDPKAB": "34.03", "KDPPUM": "34", "LUASWH": 0.0, "TIPADM": 1.0, "WADMKC": "Saptosari", "WADMKD": "Kanigoro", "WADMKK": "Gunungkidul", "WADMPR": "Daerah Istimewa Yogyakarta", "WIADKC": null, "WIADKK": null, "WIADPR": null, "WIADKD": null, "UUPP": "Data dari Pemerintah Daerah", "LUAS": 25.10340289 }, "geometry": { "type": "MultiLineString", "coordinates": [ [ [ 110.514590812028018, -8.121600523353703, 0.0 ], [ 110.514591067000055, -8.12160838199997, 0.0 ] ] ] } },
{ "type": "Feature", "properties": { "FID_Garis_": 2762, "OBJECTID": 32990, "NAMOBJ": "Garis Pantai", "FCODE": "DB02080140", "REMARK": null, "METADATA": null, "SRS_ID": "4326", "DTMVER": 2, "ELEVAS": 0.0, "KARGPN": 3, "TIPGPN": 4, "KODGPN": null, "THNSBDATA": "2025", "SBDATA": 6, "SKL": 6, "THNPBL": "2025", "KET": null, "SHAPE_Leng": 0.01125064175, "FID_Batas_": 4621, "OBJECTID_1": 4051.0, "NAMOBJ_1": "Kanigoro", "FCODE_1": "BA03070040", "REMARK_1": null, "METADATA_1": "TASWIL1000020221227_DATA_BATAS_DESAKELURAHAN", "SRS_ID_1": "4326", "KDBBPS": null, "KDCBPS": null, "KDCPUM": "34.03.15", "KDEBPS": null, "KDEPUM": "34.03.15.2005", "KDPBPS": null, "KDPKAB": "34.03", "KDPPUM": "34", "LUASWH": 0.0, "TIPADM": 1.0, "WADMKC": "Saptosari", "WADMKD": "Kanigoro", "WADMKK": "Gunungkidul", "WADMPR": "Daerah Istimewa Yogyakarta", "WIADKC": null, "WIADKK": null, "WIADPR": null, "WIADKD": null, "UUPP": "Data dari Pemerintah Daerah", "LUAS": 25.10340289 }, "geometry": { "type": "MultiLineString", "coordinates": [ [ [ 110.507749855000057, -8.120710706999947, 0.0 ], [ 110.507708453000092, -8.120736404999942, 0.0 ], [ 110.507665622000019, -8.120749253999939, 0.0 ], [ 110.507607088000057, -8.120766385999936, 0.0 ], [ 110.507606475034819, -8.120766618495292, 0.0 ] ], [ [ 110.507601628000046, -8.12092411399993, 0.0 ], [ 110.50795117700001, -8.120904047999957, 0.0 ], [ 110.507967490064431, -8.120905114163381, 0.0 ] ], [ [ 110.508668007574826, -8.121009752066879, 0.0 ], [ 110.508762558000086, -8.121002287999914, 0.0 ], [ 110.50883037200002, -8.121080809999928, 0.0 ], [ 110.508984320000053, -8.121119021999981, 0.0 ], [ 110.509022391000087, -8.121097606999985, 0.0 ], [ 110.509065258000092, -8.121064541999914, 0.0 ], [ 110.509105672000061, -8.12102860299996, 0.0 ], [ 110.509136605000037, -8.121004807999945, 0.0 ], [ 110.509184194000071, -8.12098339299995, 0.0 ], [ 110.50923873400005, -8.120964174999958, 0.0 ], [ 110.509246086981918, -8.120960907196153, 0.0 ] ], [ [ 110.508426198716109, -8.120961284375152, 0.0 ], [ 110.508462746000063, -8.120966595999981, 0.0 ], [ 110.508508205532735, -8.12097944318694, 0.0 ] ], [ [ 110.51074314614948, -8.121930125128731, 0.0 ], [ 110.510763205000075, -8.121934938999988, 0.0 ], [ 110.510805083000065, -8.121944456999888, 0.0 ], [ 110.510846962000073, -8.121953974999965, 0.0 ], [ 110.510883130000039, -8.121967299999913, 0.0 ], [ 110.510921201000087, -8.121980624999949, 0.0 ], [ 110.510935850615908, -8.121988763865442, 0.0 ] ], [ [ 110.513079844173802, -8.123030572066128, 0.0 ], [ 110.513063929000097, -8.123033678999949, 0.0 ], [ 110.513056791000039, -8.123025112999951, 0.0 ], [ 110.513065357000031, -8.123005125999985, 0.0 ], [ 110.513075351000055, -8.122965150999963, 0.0 ], [ 110.513099621000023, -8.122923747999913, 0.0 ], [ 110.51314338625545, -8.122834861071073, 0.0 ] ], [ [ 110.513007022636387, -8.123101159417558, 0.0 ], [ 110.513015788000104, -8.123090436999938, 0.0 ], [ 110.513018947, -8.123068829999927, 0.0 ], [ 110.51302846500009, -8.123063118999898, 0.0 ], [ 110.513039886000058, -8.123063118999898, 0.0 ], [ 110.51304750000007, -8.123065022999967, 0.0 ], [ 110.513048903162542, -8.123072037338499, 0.0 ] ], [ [ 110.51295736446076, -8.123334335594325, 0.0 ], [ 110.512956854000024, -8.123334918999916, 0.0 ], [ 110.512948288000118, -8.123333490999887, 0.0 ], [ 110.512944004000119, -8.123320641999978, 0.0 ], [ 110.512944004000119, -8.123300655000012, 0.0 ], [ 110.512944004000119, -8.123283522999927, 0.0 ], [ 110.512944004000119, -8.12326353499996, 0.0 ], [ 110.512945973341161, -8.123242533752553, 0.0 ] ], [ [ 110.512639516929539, -8.123864586999954, 0.0 ], [ 110.512642765000066, -8.123864586999954, 0.0 ], [ 110.512657041000097, -8.123860303999955, 0.0 ], [ 110.512674174, -8.123843171999958, 0.0 ], [ 110.51268559500005, -8.123830322999961, 0.0 ], [ 110.512707010000042, -8.123808907999965, 0.0 ], [ 110.512732708000044, -8.123780354, 0.0 ], [ 110.512769828, -8.123743234999949, 0.0 ], [ 110.512792671000028, -8.123716108999925, 0.0 ], [ 110.512806948000062, -8.123688983, 0.0 ], [ 110.51284692200008, -8.123627592999974, 0.0 ], [ 110.512865482000024, -8.12359618399995, 0.0 ], [ 110.512895463000092, -8.123553353999959, 0.0 ], [ 110.512911168000073, -8.123536220999963, 0.0 ], [ 110.512922589000127, -8.12350766799991, 0.0 ], [ 110.512931155000032, -8.123486252999914, 0.0 ], [ 110.512941149000056, -8.123451987999921, 0.0 ], [ 110.512961137000019, -8.123396308999933, 0.0 ], [ 110.512966529477865, -8.123388220047136, 0.0 ] ], [ [ 110.512433641575441, -8.123596234525845, 0.0 ], [ 110.512437179000102, -8.123601894999979, 0.0 ], [ 110.512444318000078, -8.123623309999974, 0.0 ], [ 110.512444318000078, -8.12365043599991, 0.0 ], [ 110.512440035000083, -8.123677560999933, 0.0 ], [ 110.51243860700005, -8.123707542999927, 0.0 ], [ 110.512442176000079, -8.123721104999984, 0.0 ], [ 110.512457167000065, -8.12374037899998, 0.0 ], [ 110.512468588000047, -8.123746089999919, 0.0 ], [ 110.512491431000058, -8.123754655999917, 0.0 ], [ 110.51250285200004, -8.123758939, 0.0 ], [ 110.512521412000055, -8.123766076999974, 0.0 ], [ 110.512538544000051, -8.123776070999913, 0.0 ], [ 110.512552821000085, -8.123800341999967, 0.0 ], [ 110.512569953000082, -8.123824611999932, 0.0 ], [ 110.512588130262714, -8.123841175238979, 0.0 ] ] ] } },
{ "type": "Feature", "properties": { "FID_Garis_": 2765, "OBJECTID": 32993, "NAMOBJ": "Garis Pantai", "FCODE": "DB02080140", "REMARK": null, "METADATA": null, "SRS_ID": "4326", "DTMVER": 2, "ELEVAS": 0.0, "KARGPN": 3, "TIPGPN": 4, "KODGPN": null, "THNSBDATA": "2025", "SBDATA": 6, "SKL": 6, "THNPBL": "2025", "KET": null, "SHAPE_Leng": 0.00293897625, "FID_Batas_": 4621, "OBJECTID_1": 4051.0, "NAMOBJ_1": "Kanigoro", "FCODE_1": "BA03070040", "REMARK_1": null, "METADATA_1": "TASWIL1000020221227_DATA_BATAS_DESAKELURAHAN", "SRS_ID_1": "4326", "KDBBPS": null, "KDCBPS": null, "KDCPUM": "34.03.15", "KDEBPS": null, "KDEPUM": "34.03.15.2005", "KDPBPS": null, "KDPKAB": "34.03", "KDPPUM": "34", "LUASWH": 0.0, "TIPADM": 1.0, "WADMKC": "Saptosari", "WADMKD": "Kanigoro", "WADMKK": "Gunungkidul", "WADMPR": "Daerah Istimewa Yogyakarta", "WIADKC": null, "WIADKK": null, "WIADPR": null, "WIADKD": null, "UUPP": "Data dari Pemerintah Daerah", "LUAS": 25.10340289 }, "geometry": { "type": "MultiLineString", "coordinates": [ [ [ 110.500978113633209, -8.118755885924092, 0.0 ], [ 110.501042075000072, -8.118706684999957, 0.0 ], [ 110.501092639, -8.118697761999929, 0.0 ], [ 110.501122382000062, -8.118697761999929, 0.0 ], [ 110.501187817000044, -8.118700735999909, 0.0 ], [ 110.501199271809512, -8.118704554483749, 0.0 ] ], [ [ 110.50081212695342, -8.118867259194253, 0.0 ], [ 110.500836847000059, -8.118852426999936, 0.0 ], [ 110.50086659000003, -8.118831607, 0.0 ], [ 110.500914179000063, -8.118795914999968, 0.0 ], [ 110.500931857101264, -8.118785515952389, 0.0 ] ] ] } },
{ "type": "Feature", "properties": { "FID_Garis_": 2766, "OBJECTID": 32994, "NAMOBJ": "Garis Pantai", "FCODE": "DB02080140", "REMARK": null, "METADATA": null, "SRS_ID": "4326", "DTMVER": 2, "ELEVAS": 0.0, "KARGPN": 5, "TIPGPN": 4, "KODGPN": null, "THNSBDATA": "2025", "SBDATA": 6, "SKL": 6, "THNPBL": "2025", "KET": null, "SHAPE_Leng": 0.00019244559, "FID_Batas_": 4621, "OBJECTID_1": 4051.0, "NAMOBJ_1": "Kanigoro", "FCODE_1": "BA03070040", "REMARK_1": null, "METADATA_1": "TASWIL1000020221227_DATA_BATAS_DESAKELURAHAN", "SRS_ID_1": "4326", "KDBBPS": null, "KDCBPS": null, "KDCPUM": "34.03.15", "KDEBPS": null, "KDEPUM": "34.03.15.2005", "KDPBPS": null, "KDPKAB": "34.03", "KDPPUM": "34", "LUASWH": 0.0, "TIPADM": 1.0, "WADMKC": "Saptosari", "WADMKD": "Kanigoro", "WADMKK": "Gunungkidul", "WADMPR": "Daerah Istimewa Yogyakarta", "WIADKC": null, "WIADKK": null, "WIADPR": null, "WIADKD": null, "UUPP": "Data dari Pemerintah Daerah", "LUAS": 25.10340289 }, "geometry": { "type": "MultiLineString", "coordinates": [ [ [ 110.507850543340027, -8.120678536131134, 0.0 ], [ 110.507845510000067, -8.120685007999953, 0.0 ], [ 110.507831233000033, -8.120690718999981, 0.0 ], [ 110.50779696900004, -8.120695001999891, 0.0 ], [ 110.507749855000057, -8.120710706999947, 0.0 ] ] ] } },
{ "type": "Feature", "properties": { "FID_Garis_": 2767, "OBJECTID": 32995, "NAMOBJ": "Garis Pantai", "FCODE": "DB02080140", "REMARK": null, "METADATA": null, "SRS_ID": "4326", "DTMVER": 2, "ELEVAS": 0.0, "KARGPN": 5, "TIPGPN": 4, "KODGPN": null, "THNSBDATA": "2025", "SBDATA": 6, "SKL": 6, "THNPBL": "2025", "KET": null, "SHAPE_Leng": 0.00026613541, "FID_Batas_": 4621, "OBJECTID_1": 4051.0, "NAMOBJ_1": "Kanigoro", "FCODE_1": "BA03070040", "REMARK_1": null, "METADATA_1": "TASWIL1000020221227_DATA_BATAS_DESAKELURAHAN", "SRS_ID_1": "4326", "KDBBPS": null, "KDCBPS": null, "KDCPUM": "34.03.15", "KDEBPS": null, "KDEPUM": "34.03.15.2005", "KDPBPS": null, "KDPKAB": "34.03", "KDPPUM": "34", "LUASWH": 0.0, "TIPADM": 1.0, "WADMKC": "Saptosari", "WADMKD": "Kanigoro", "WADMKK": "Gunungkidul", "WADMPR": "Daerah Istimewa Yogyakarta", "WIADKC": null, "WIADKK": null, "WIADPR": null, "WIADKD": null, "UUPP": "Data dari Pemerintah Daerah", "LUAS": 25.10340289 }, "geometry": { "type": "MultiLineString", "coordinates": [ [ [ 110.507434, -8.120529024999925, 0.0 ], [ 110.507438622000052, -8.120497982999932, 0.0 ], [ 110.507435766000086, -8.120469428999968, 0.0 ], [ 110.507435766000086, -8.120449441999913, 0.0 ], [ 110.507432911000123, -8.120430881999976, 0.0 ], [ 110.507437194000033, -8.120420887999948, 0.0 ], [ 110.507456231925048, -8.120414663024924, 0.0 ] ] ] } },
{ "type": "Feature", "properties": { "FID_Garis_": 2769, "OBJECTID": 32997, "NAMOBJ": "Garis Pantai", "FCODE": "DB02080140", "REMARK": null, "METADATA": null, "SRS_ID": "4326", "DTMVER": 2, "ELEVAS": 0.0, "KARGPN": 3, "TIPGPN": 4, "KODGPN": null, "THNSBDATA": "2025", "SBDATA": 6, "SKL": 6, "THNPBL": "2025", "KET": null, "SHAPE_Leng": 0.00684016084, "FID_Batas_": 4621, "OBJECTID_1": 4051.0, "NAMOBJ_1": "Kanigoro", "FCODE_1": "BA03070040", "REMARK_1": null, "METADATA_1": "TASWIL1000020221227_DATA_BATAS_DESAKELURAHAN", "SRS_ID_1": "4326", "KDBBPS": null, "KDCBPS": null, "KDCPUM": "34.03.15", "KDEBPS": null, "KDEPUM": "34.03.15.2005", "KDPBPS": null, "KDPKAB": "34.03", "KDPPUM": "34", "LUASWH": 0.0, "TIPADM": 1.0, "WADMKC": "Saptosari", "WADMKD": "Kanigoro", "WADMKK": "Gunungkidul", "WADMPR": "Daerah Istimewa Yogyakarta", "WIADKC": null, "WIADKK": null, "WIADPR": null, "WIADKD": null, "UUPP": "Data dari Pemerintah Daerah", "LUAS": 25.10340289 }, "geometry": { "type": "MultiLineString", "coordinates": [ [ [ 110.504978929000032, -8.119490751999905, 0.0 ], [ 110.504973266, -8.119378305999927, 0.0 ], [ 110.505098188000034, -8.119324767999938, 0.0 ], [ 110.505105521111489, -8.119353332295844, 0.0 ] ], [ [ 110.503545753739076, -8.119553432063, 0.0 ], [ 110.503576201000044, -8.119542470999921, 0.0 ], [ 110.503641637000044, -8.119500829999939, 0.0 ], [ 110.503715995000064, -8.119468111999897, 0.0 ], [ 110.503796301000051, -8.119438368999923, 0.0 ], [ 110.503885531000066, -8.119402676999901, 0.0 ], [ 110.503939069000054, -8.119375907999906, 0.0 ], [ 110.503958835594275, -8.119375907999906, 0.0 ] ], [ [ 110.505587776928991, -8.119742758149986, 0.0 ], [ 110.505782283000059, -8.119792331999989, 0.0 ], [ 110.505953604000112, -8.119917253999933, 0.0 ], [ 110.506024988000064, -8.12006716, 0.0 ], [ 110.506071387000091, -8.120152819999973, 0.0 ], [ 110.506153479000034, -8.120224203999928, 0.0 ], [ 110.506217724000024, -8.120349125999962, 0.0 ], [ 110.506235570000086, -8.120427647999975, 0.0 ], [ 110.506222372000053, -8.120461809999959, 0.0 ], [ 110.506244132000077, -8.120505596999941, 0.0 ], [ 110.506270782000058, -8.120517019, 0.0 ], [ 110.506297432000054, -8.120526535999986, 0.0 ], [ 110.506324082000035, -8.120537957999954, 0.0 ], [ 110.506343118000103, -8.120551282999902, 0.0 ], [ 110.506354539000071, -8.120566510999918, 0.0 ], [ 110.506354539000071, -8.120569528254009, 0.0 ] ], [ [ 110.507422481274062, -8.12057192373933, 0.0 ], [ 110.507434, -8.120529024999925, 0.0 ] ], [ [ 110.506475957997324, -8.12071233161026, 0.0 ], [ 110.506487789000076, -8.12069976099993, 0.0 ], [ 110.506510632000101, -8.120673110999945, 0.0 ], [ 110.506523957000056, -8.120642653999912, 0.0 ], [ 110.506541089000052, -8.120629328999964, 0.0 ], [ 110.50656583500006, -8.120625521999916, 0.0 ], [ 110.506566381430602, -8.120626159470348, 0.0 ] ] ] } },
{ "type": "Feature", "properties": { "FID_Garis_": 2770, "OBJECTID": 32998, "NAMOBJ": "Garis Pantai", "FCODE": "DB02080140", "REMARK": null, "METADATA": null, "SRS_ID": "4326", "DTMVER": 2, "ELEVAS": 0.0, "KARGPN": 5, "TIPGPN": 4, "KODGPN": null, "THNSBDATA": "2025", "SBDATA": 6, "SKL": 6, "THNPBL": "2025", "KET": null, "SHAPE_Leng": 0.0022157805, "FID_Batas_": 4621, "OBJECTID_1": 4051.0, "NAMOBJ_1": "Kanigoro", "FCODE_1": "BA03070040", "REMARK_1": null, "METADATA_1": "TASWIL1000020221227_DATA_BATAS_DESAKELURAHAN", "SRS_ID_1": "4326", "KDBBPS": null, "KDCBPS": null, "KDCPUM": "34.03.15", "KDEBPS": null, "KDEPUM": "34.03.15.2005", "KDPBPS": null, "KDPKAB": "34.03", "KDPPUM": "34", "LUASWH": 0.0, "TIPADM": 1.0, "WADMKC": "Saptosari", "WADMKD": "Kanigoro", "WADMKK": "Gunungkidul", "WADMPR": "Daerah Istimewa Yogyakarta", "WIADKC": null, "WIADKK": null, "WIADPR": null, "WIADKD": null, "UUPP": "Data dari Pemerintah Daerah", "LUAS": 25.10340289 }, "geometry": { "type": "MultiLineString", "coordinates": [ [ [ 110.501885154564988, -8.118389932334615, 0.0 ], [ 110.501901382000113, -8.118383690999966, 0.0 ], [ 110.502142701709573, -8.118411270892025, 0.0 ] ], [ [ 110.502194822182489, -8.118413490563938, 0.0 ], [ 110.502401069000072, -8.118419382999988, 0.0 ], [ 110.502684702465857, -8.118459628111765, 0.0 ] ], [ [ 110.501715434487707, -8.11845889278743, 0.0 ], [ 110.501715784000041, -8.118455074999922, 0.0 ], [ 110.501731357090677, -8.118449091035576, 0.0 ] ], [ [ 110.501698457000117, -8.11864434099995, 0.0 ], [ 110.501706280889735, -8.118558879218121, 0.0 ] ] ] } },
{ "type": "Feature", "properties": { "FID_Garis_": 2772, "OBJECTID": 33000, "NAMOBJ": "Garis Pantai", "FCODE": "DB02080140", "REMARK": null, "METADATA": null, "SRS_ID": "4326", "DTMVER": 2, "ELEVAS": 0.0, "KARGPN": 3, "TIPGPN": 4, "KODGPN": null, "THNSBDATA": "2025", "SBDATA": 6, "SKL": 6, "THNPBL": "2025", "KET": null, "SHAPE_Leng": 0.00417164428, "FID_Batas_": 4621, "OBJECTID_1": 4051.0, "NAMOBJ_1": "Kanigoro", "FCODE_1": "BA03070040", "REMARK_1": null, "METADATA_1": "TASWIL1000020221227_DATA_BATAS_DESAKELURAHAN", "SRS_ID_1": "4326", "KDBBPS": null, "KDCBPS": null, "KDCPUM": "34.03.15", "KDEBPS": null, "KDEPUM": "34.03.15.2005", "KDPBPS": null, "KDPKAB": "34.03", "KDPPUM": "34", "LUASWH": 0.0, "TIPADM": 1.0, "WADMKC": "Saptosari", "WADMKD": "Kanigoro", "WADMKK": "Gunungkidul", "WADMPR": "Daerah Istimewa Yogyakarta", "WIADKC": null, "WIADKK": null, "WIADPR": null, "WIADKD": null, "UUPP": "Data dari Pemerintah Daerah", "LUAS": 25.10340289 }, "geometry": { "type": "MultiLineString", "coordinates": [ [ [ 110.496939123579153, -8.117962317689233, 0.0 ], [ 110.49694642800003, -8.117960128999915, 0.0 ], [ 110.496999966000033, -8.117948231999907, 0.0 ], [ 110.497038632000027, -8.117930385999941, 0.0 ], [ 110.497095144000085, -8.117921463, 0.0 ], [ 110.497144855000016, -8.117915438999947, 0.0 ], [ 110.497161987000112, -8.117918293999917, 0.0 ], [ 110.497184830000037, -8.117924004999946, 0.0 ], [ 110.497227671000033, -8.117930652999963, 0.0 ], [ 110.497240886000071, -8.117936333999989, 0.0 ], [ 110.497283876217139, -8.117947548784556, 0.0 ] ], [ [ 110.497594180196188, -8.118022589999931, 0.0 ], [ 110.497615652000079, -8.118022589999931, 0.0 ], [ 110.497657292000056, -8.118010693000013, 0.0 ], [ 110.497701907000106, -8.117995820999937, 0.0 ], [ 110.49774949600004, -8.117975000999902, 0.0 ], [ 110.49777923900011, -8.117969051999943, 0.0 ], [ 110.497806008000012, -8.117972025999922, 0.0 ], [ 110.497859546000086, -8.118001769999985, 0.0 ], [ 110.497899376225433, -8.118013611212884, 0.0 ] ], [ [ 110.498830769000079, -8.118039648000011, 0.0 ], [ 110.498865344929484, -8.118046391199343, 0.0 ] ], [ [ 110.49804962172405, -8.118050492413822, 0.0 ], [ 110.498088569000032, -8.118058281999954, 0.0 ], [ 110.498136159000069, -8.118061255999933, 0.0 ], [ 110.498204568000034, -8.118082075999968, 0.0 ], [ 110.498204720674266, -8.118082141431806, 0.0 ] ] ] } },
{ "type": "Feature", "properties": { "FID_Garis_": 2774, "OBJECTID": 33002, "NAMOBJ": "Garis Pantai", "FCODE": "DB02080140", "REMARK": null, "METADATA": null, "SRS_ID": "4326", "DTMVER": 2, "ELEVAS": 0.0, "KARGPN": 3, "TIPGPN": 4, "KODGPN": null, "THNSBDATA": "2025", "SBDATA": 6, "SKL": 6, "THNPBL": "2025", "KET": null, "SHAPE_Leng": 0.00196062702, "FID_Batas_": 4633, "OBJECTID_1": 4063.0, "NAMOBJ_1": "Krambilsawit", "FCODE_1": "BA03070040", "REMARK_1": null, "METADATA_1": "TASWIL1000020221227_DATA_BATAS_DESAKELURAHAN", "SRS_ID_1": "4326", "KDBBPS": null, "KDCBPS": null, "KDCPUM": "34.03.15", "KDEBPS": null, "KDEPUM": "34.03.15.2001", "KDPBPS": null, "KDPKAB": "34.03", "KDPPUM": "34", "LUASWH": 0.0, "TIPADM": 1.0, "WADMKC": "Saptosari", "WADMKD": "Krambilsawit", "WADMKK": "Gunungkidul", "WADMPR": "Daerah Istimewa Yogyakarta", "WIADKC": null, "WIADKK": null, "WIADPR": null, "WIADKD": null, "UUPP": "Data dari Pemerintah Daerah", "LUAS": 14.45394894 }, "geometry": { "type": "MultiLineString", "coordinates": [ [ [ 110.4948292750001, -8.116697858999924, 0.0 ], [ 110.49490604000006, -8.116633579999935, 0.0 ], [ 110.494924303867549, -8.116615316132449, 0.0 ] ], [ [ 110.494393412000093, -8.116967101999908, 0.0 ], [ 110.494455483000081, -8.116960961999933, 0.0 ], [ 110.494495583000031, -8.116963729999984, 0.0 ], [ 110.494569941000051, -8.116957780999936, 0.0 ], [ 110.494637784000062, -8.116929578999912, 0.0 ], [ 110.49466809400009, -8.11689234599994, 0.0 ], [ 110.494674043000046, -8.116859627999897, 0.0 ], [ 110.494690528696765, -8.116835647842393, 0.0 ] ] ] } },
{ "type": "Feature", "properties": { "FID_Garis_": 2775, "OBJECTID": 33003, "NAMOBJ": "Garis Pantai", "FCODE": "DB02080140", "REMARK": null, "METADATA": null, "SRS_ID": "4326", "DTMVER": 2, "ELEVAS": 0.0, "KARGPN": 3, "TIPGPN": 4, "KODGPN": null, "THNSBDATA": "2025", "SBDATA": 6, "SKL": 6, "THNPBL": "2025", "KET": null, "SHAPE_Leng": 0.01146206921, "FID_Batas_": 4633, "OBJECTID_1": 4063.0, "NAMOBJ_1": "Krambilsawit", "FCODE_1": "BA03070040", "REMARK_1": null, "METADATA_1": "TASWIL1000020221227_DATA_BATAS_DESAKELURAHAN", "SRS_ID_1": "4326", "KDBBPS": null, "KDCBPS": null, "KDCPUM": "34.03.15", "KDEBPS": null, "KDEPUM": "34.03.15.2001", "KDPBPS": null, "KDPKAB": "34.03", "KDPPUM": "34", "LUASWH": 0.0, "TIPADM": 1.0, "WADMKC": "Saptosari", "WADMKD": "Krambilsawit", "WADMKK": "Gunungkidul", "WADMPR": "Daerah Istimewa Yogyakarta", "WIADKC": null, "WIADKK": null, "WIADPR": null, "WIADKD": null, "UUPP": "Data dari Pemerintah Daerah", "LUAS": 14.45394894 }, "geometry": { "type": "MultiLineString", "coordinates": [ [ [ 110.489445457405338, -8.115127771181854, 0.0 ], [ 110.489461812000087, -8.115135517999974, 0.0 ], [ 110.489475375000055, -8.115140514999943, 0.0 ], [ 110.489500359000075, -8.11515550599994, 0.0 ], [ 110.489513378000083, -8.115166098000017, 0.0 ], [ 110.489543189000074, -8.115208329999959, 0.0 ], [ 110.489551755000065, -8.115236882999923, 0.0 ], [ 110.489564604000066, -8.115255442999949, 0.0 ], [ 110.48956551479435, -8.115256581452925, 0.0 ] ], [ [ 110.489971792154549, -8.115674298854305, 0.0 ], [ 110.489974824000072, -8.11567613199994, 0.0 ], [ 110.489987197000033, -8.115686601999919, 0.0 ], [ 110.489992432000022, -8.11569688099997, 0.0 ], [ 110.489995287000085, -8.115707825999987, 0.0 ], [ 110.489996242854673, -8.115719245934052, 0.0 ] ], [ [ 110.490227570462238, -8.116041002504062, 0.0 ], [ 110.490247101000051, -8.116035576999927, 0.0 ], [ 110.490274465000084, -8.116029628999968, 0.0 ], [ 110.490292311000047, -8.11601892099997, 0.0 ], [ 110.490306044000036, -8.115996883000012, 0.0 ], [ 110.490321273000049, -8.115979750999927, 0.0 ], [ 110.490337453000052, -8.115969281999948, 0.0 ], [ 110.49035347800006, -8.115963162999975, 0.0 ], [ 110.490370833000071, -8.115953485999974, 0.0 ], [ 110.490388679000034, -8.115940398999957, 0.0 ], [ 110.490417233000088, -8.115917793999952, 0.0 ], [ 110.490437458000073, -8.115902327999915, 0.0 ], [ 110.490445786000052, -8.115893998999937, 0.0 ], [ 110.490472763000071, -8.115875499, 0.0 ], [ 110.490480288000072, -8.115871394999932, 0.0 ], [ 110.490507652000105, -8.115860686999934, 0.0 ], [ 110.490544534000051, -8.115854737999975, 0.0 ], [ 110.490558811000085, -8.115848790000015, 0.0 ], [ 110.490567139000063, -8.115840461999948, 0.0 ], [ 110.490583795000106, -8.115823804999902, 0.0 ], [ 110.490592123000084, -8.115821425999972, 0.0 ], [ 110.49059807200004, -8.115824995, 0.0 ], [ 110.490599261000057, -8.115834512999989, 0.0 ], [ 110.490598764948487, -8.115851759014561, 0.0 ] ], [ [ 110.492164519422488, -8.116792084308457, 0.0 ], [ 110.492176824000097, -8.116782239999978, 0.0 ], [ 110.492188246000069, -8.116770818999921, 0.0 ], [ 110.492219333000065, -8.116739661999919, 0.0 ], [ 110.492245743000041, -8.11672584299993, 0.0 ], [ 110.492265731000089, -8.116721559999931, 0.0 ], [ 110.492281435000052, -8.116718704999961, 0.0 ], [ 110.492297140000019, -8.116718704999961, 0.0 ], [ 110.49230570600011, -8.116718704999961, 0.0 ], [ 110.492324398000051, -8.116722111999977, 0.0 ], [ 110.492368464000066, -8.11673693699996, 0.0 ], [ 110.492404156000077, -8.116742885999919, 0.0 ], [ 110.492455625000076, -8.116762202999919, 0.0 ], [ 110.492496131000053, -8.116773007999925, 0.0 ], [ 110.492560459000046, -8.116780615999932, 0.0 ], [ 110.492584281000063, -8.116777417999934, 0.0 ], [ 110.492618545000056, -8.116773610999886, 0.0 ], [ 110.492645195000051, -8.116775513999954, 0.0 ], [ 110.49266423100002, -8.116783128999963, 0.0 ], [ 110.492692785000074, -8.116802163999939, 0.0 ], [ 110.492717531000082, -8.116815488999976, 0.0 ], [ 110.492757506000103, -8.116828814000012, 0.0 ], [ 110.492808902, -8.116859270999957, 0.0 ], [ 110.492844801438793, -8.11689133363366, 0.0 ] ], [ [ 110.491004037129812, -8.117018741684525, 0.0 ], [ 110.491010762000087, -8.117017679999918, 0.0 ], [ 110.4910421700001, -8.11700911399992, 0.0 ], [ 110.491064061000046, -8.11700625899995, 0.0 ], [ 110.491081194000046, -8.11700720999994, 0.0 ], [ 110.491101181, -8.117010066, 0.0 ], [ 110.491124976000023, -8.117010066, 0.0 ], [ 110.491143060000098, -8.11700625899995, 0.0 ], [ 110.491163999000065, -8.116995788999972, 0.0 ], [ 110.49117351700005, -8.116985319, 0.0 ], [ 110.491182083000041, -8.116968186999909, 0.0 ], [ 110.49118779300008, -8.116951055, 0.0 ], [ 110.491191601000125, -8.116934875, 0.0 ], [ 110.491201118000021, -8.116924404999928, 0.0 ], [ 110.491212540000078, -8.116920597999968, 0.0 ], [ 110.491223961000046, -8.116921549999958, 0.0 ], [ 110.491235678000038, -8.11692851, 0.0 ], [ 110.491256617, -8.11693612399992, 0.0 ], [ 110.491277557000046, -8.116943738000018, 0.0 ], [ 110.491300399000068, -8.116951352999937, 0.0 ], [ 110.491311473000096, -8.1169541209999, 0.0 ], [ 110.491347693000066, -8.116967234999919, 0.0 ], [ 110.491370536, -8.116971042999968, 0.0 ], [ 110.49138862000008, -8.116974849999927, 0.0 ], [ 110.491419077000018, -8.116977704999986, 0.0 ], [ 110.491439064000076, -8.116976753, 0.0 ], [ 110.491464763000067, -8.116974849999927, 0.0 ], [ 110.491480943000084, -8.116968186999909, 0.0 ], [ 110.491493316000032, -8.116965331999939, 0.0 ], [ 110.491504738000089, -8.116965331999939, 0.0 ], [ 110.491509497000038, -8.116965331999939, 0.0 ], [ 110.49152187, -8.116964379999949, 0.0 ], [ 110.49153519500004, -8.116960572999989, 0.0 ], [ 110.491559745000117, -8.116947132999943, 0.0 ], [ 110.491608482000061, -8.116926308999908, 0.0 ], [ 110.491628470000123, -8.116918693999899, 0.0 ], [ 110.491676100000063, -8.116891453999955, 0.0 ], [ 110.491700371000036, -8.116874320999958, 0.0 ], [ 110.49172035800008, -8.116855761999933, 0.0 ], [ 110.491733208000085, -8.116848622999964, 0.0 ], [ 110.491766044000045, -8.116847196000023, 0.0 ], [ 110.49177813947675, -8.116850421083868, 0.0 ] ], [ [ 110.493261547604462, -8.117067364716704, 0.0 ], [ 110.493264065000091, -8.117036423999959, 0.0 ], [ 110.493265195, -8.116980972, 0.0 ], [ 110.493265661000038, -8.116958099999962, 0.0 ], [ 110.493272889987495, -8.116933268330175, 0.0 ] ], [ [ 110.493622184324508, -8.117579404406996, 0.0 ], [ 110.493640762000084, -8.11755597799996, 0.0 ], [ 110.493665508000092, -8.117538844999963, 0.0 ], [ 110.493703580000044, -8.117525519999926, 0.0 ], [ 110.493774012000102, -8.117502677999902, 0.0 ], [ 110.493798758000096, -8.117483641999925, 0.0 ], [ 110.493813987000024, -8.117458895999921, 0.0 ], [ 110.493838257000078, -8.11741582699991, 0.0 ], [ 110.493868, -8.11736228900001, 0.0 ], [ 110.493921538000052, -8.117267110999951, 0.0 ], [ 110.49395425600008, -8.117225469999969, 0.0 ], [ 110.494001845000028, -8.117183829999899, 0.0 ], [ 110.494075113000051, -8.117121754, 0.0 ], [ 110.494158400000103, -8.117086685999944, 0.0 ], [ 110.494283322000044, -8.117011732999959, 0.0 ], [ 110.494393412000093, -8.116967101999908, 0.0 ] ] ] } },
{ "type": "Feature", "properties": { "FID_Garis_": 2776, "OBJECTID": 33004, "NAMOBJ": "Garis Pantai", "FCODE": "DB02080140", "REMARK": null, "METADATA": null, "SRS_ID": "4326", "DTMVER": 2, "ELEVAS": 0.0, "KARGPN": 5, "TIPGPN": 4, "KODGPN": null, "THNSBDATA": "2025", "SBDATA": 6, "SKL": 6, "THNPBL": "2025", "KET": null, "SHAPE_Leng": 0.0003968072, "FID_Batas_": 4633, "OBJECTID_1": 4063.0, "NAMOBJ_1": "Krambilsawit", "FCODE_1": "BA03070040", "REMARK_1": null, "METADATA_1": "TASWIL1000020221227_DATA_BATAS_DESAKELURAHAN", "SRS_ID_1": "4326", "KDBBPS": null, "KDCBPS": null, "KDCPUM": "34.03.15", "KDEBPS": null, "KDEPUM": "34.03.15.2001", "KDPBPS": null, "KDPKAB": "34.03", "KDPPUM": "34", "LUASWH": 0.0, "TIPADM": 1.0, "WADMKC": "Saptosari", "WADMKD": "Krambilsawit", "WADMKK": "Gunungkidul", "WADMPR": "Daerah Istimewa Yogyakarta", "WIADKC": null, "WIADKK": null, "WIADPR": null, "WIADKD": null, "UUPP": "Data dari Pemerintah Daerah", "LUAS": 14.45394894 }, "geometry": { "type": "MultiLineString", "coordinates": [ [ [ 110.489949001219628, -8.11402363805346, 0.0 ], [ 110.489875552000029, -8.11408790599998, 0.0 ], [ 110.489865995955896, -8.114091728457797, 0.0 ] ] ] } },
{ "type": "Feature", "properties": { "FID_Garis_": 2777, "OBJECTID": 33005, "NAMOBJ": "Garis Pantai", "FCODE": "DB02080140", "REMARK": null, "METADATA": null, "SRS_ID": "4326", "DTMVER": 2, "ELEVAS": 0.0, "KARGPN": 3, "TIPGPN": 4, "KODGPN": null, "THNSBDATA": "2025", "SBDATA": 6, "SKL": 6, "THNPBL": "2025", "KET": null, "SHAPE_Leng": 0.00614555098, "FID_Batas_": 4633, "OBJECTID_1": 4063.0, "NAMOBJ_1": "Krambilsawit", "FCODE_1": "BA03070040", "REMARK_1": null, "METADATA_1": "TASWIL1000020221227_DATA_BATAS_DESAKELURAHAN", "SRS_ID_1": "4326", "KDBBPS": null, "KDCBPS": null, "KDCPUM": "34.03.15", "KDEBPS": null, "KDEPUM": "34.03.15.2001", "KDPBPS": null, "KDPKAB": "34.03", "KDPPUM": "34", "LUASWH": 0.0, "TIPADM": 1.0, "WADMKC": "Saptosari", "WADMKD": "Krambilsawit", "WADMKK": "Gunungkidul", "WADMPR": "Daerah Istimewa Yogyakarta", "WIADKC": null, "WIADKK": null, "WIADPR": null, "WIADKD": null, "UUPP": "Data dari Pemerintah Daerah", "LUAS": 14.45394894 }, "geometry": { "type": "MultiLineString", "coordinates": [ [ [ 110.485981434000067, -8.112083692999974, 0.0 ], [ 110.485973343000097, -8.112129854999974, 0.0 ], [ 110.485973343000097, -8.112156980999909, 0.0 ], [ 110.485971916000068, -8.112179822999934, 0.0 ], [ 110.485963350000077, -8.112209804999928, 0.0 ], [ 110.485956211000115, -8.112241212999951, 0.0 ], [ 110.48594621800008, -8.112265484, 0.0 ], [ 110.485934796000024, -8.11229260999994, 0.0 ], [ 110.48592908500008, -8.112319735999964, 0.0 ], [ 110.485921947000023, -8.112346861999988, 0.0 ], [ 110.485913381000032, -8.112378269999923, 0.0 ], [ 110.485904815000112, -8.112399685999918, 0.0 ], [ 110.485891966000025, -8.112443943999939, 0.0 ], [ 110.485871978000063, -8.112513899999954, 0.0 ], [ 110.485861985000042, -8.112562440999973, 0.0 ], [ 110.485850563000071, -8.112596704999966, 0.0 ], [ 110.485843425000013, -8.11262668599996, 0.0 ], [ 110.48583771400007, -8.112648100999955, 0.0 ], [ 110.485831330207205, -8.112673635532488, 0.0 ] ], [ [ 110.486155100766183, -8.113398013425357, 0.0 ], [ 110.486163224000094, -8.113391920999948, 0.0 ], [ 110.48618065600003, -8.113371534999949, 0.0 ], [ 110.486200916000101, -8.113352316999958, 0.0 ], [ 110.486228184000055, -8.113333386, 0.0 ], [ 110.486246030000103, -8.113323391999963, 0.0 ], [ 110.486283149000073, -8.113307688, 0.0 ], [ 110.48630884700006, -8.113297693999968, 0.0 ], [ 110.486350305000116, -8.113289483, 0.0 ], [ 110.486384514000108, -8.113264858, 0.0 ], [ 110.486410212000095, -8.113244869999949, 0.0 ], [ 110.48642734500001, -8.113232020999952, 0.0 ], [ 110.486453043000012, -8.113214888999956, 0.0 ], [ 110.486480169000032, -8.113200611999929, 0.0 ], [ 110.486511577000044, -8.113189190999961, 0.0 ], [ 110.486550125000036, -8.113180624999963, 0.0 ], [ 110.486587244000091, -8.113174913999934, 0.0 ], [ 110.486641496000061, -8.113167775999965, 0.0 ], [ 110.486682899000101, -8.113166347999936, 0.0 ], [ 110.486718591000042, -8.113170630999935, 0.0 ], [ 110.486776451000111, -8.113176532999979, 0.0 ], [ 110.48683566000004, -8.113182052, 0.0 ], [ 110.486871352000065, -8.113182052, 0.0 ], [ 110.486905616000058, -8.113179196999933, 0.0 ], [ 110.486947019000112, -8.113170630999935, 0.0 ], [ 110.486986324000071, -8.113160809999922, 0.0 ], [ 110.487064802000077, -8.113144683, 0.0 ], [ 110.48709906600007, -8.113137068999912, 0.0 ], [ 110.487150463000063, -8.11314087599996, 0.0 ], [ 110.48719424500004, -8.11314087599996, 0.0 ], [ 110.487230413000106, -8.113148489999968, 0.0 ], [ 110.487259098279949, -8.113156927159828, 0.0 ] ], [ [ 110.485792929698562, -8.113259898748684, 0.0 ], [ 110.485820582000073, -8.113256291999917, 0.0 ], [ 110.485843425000013, -8.113256291999917, 0.0 ], [ 110.48588593500007, -8.113262619, 0.0 ], [ 110.485969496000052, -8.113303952999953, 0.0 ], [ 110.485998109202441, -8.113326891399311, 0.0 ] ] ] } },
{ "type": "Feature", "properties": { "FID_Garis_": 2778, "OBJECTID": 33006, "NAMOBJ": "Garis Pantai", "FCODE": "DB02080140", "REMARK": null, "METADATA": null, "SRS_ID": "4326", "DTMVER": 2, "ELEVAS": 0.0, "KARGPN": 5, "TIPGPN": 4, "KODGPN": null, "THNSBDATA": "2025", "SBDATA": 6, "SKL": 6, "THNPBL": "2025", "KET": null, "SHAPE_Leng": 0.00077679046, "FID_Batas_": 4633, "OBJECTID_1": 4063.0, "NAMOBJ_1": "Krambilsawit", "FCODE_1": "BA03070040", "REMARK_1": null, "METADATA_1": "TASWIL1000020221227_DATA_BATAS_DESAKELURAHAN", "SRS_ID_1": "4326", "KDBBPS": null, "KDCBPS": null, "KDCPUM": "34.03.15", "KDEBPS": null, "KDEPUM": "34.03.15.2001", "KDPBPS": null, "KDPKAB": "34.03", "KDPPUM": "34", "LUASWH": 0.0, "TIPADM": 1.0, "WADMKC": "Saptosari", "WADMKD": "Krambilsawit", "WADMKK": "Gunungkidul", "WADMPR": "Daerah Istimewa Yogyakarta", "WIADKC": null, "WIADKK": null, "WIADPR": null, "WIADKD": null, "UUPP": "Data dari Pemerintah Daerah", "LUAS": 14.45394894 }, "geometry": { "type": "MultiLineString", "coordinates": [ [ [ 110.485922056500527, -8.111954606096852, 0.0 ], [ 110.485949073000057, -8.111975189999967, 0.0 ], [ 110.485971916000068, -8.112001839999952, 0.0 ], [ 110.485981434000067, -8.112022779, 0.0 ], [ 110.485985241000023, -8.112045621999933, 0.0 ], [ 110.485981434000067, -8.112083692999974, 0.0 ] ] ] } },
{ "type": "Feature", "properties": { "FID_Garis_": 2779, "OBJECTID": 33007, "NAMOBJ": "Garis Pantai", "FCODE": "DB02080140", "REMARK": null, "METADATA": null, "SRS_ID": "4326", "DTMVER": 2, "ELEVAS": 0.0, "KARGPN": 3, "TIPGPN": 4, "KODGPN": null, "THNSBDATA": "2025", "SBDATA": 6, "SKL": 6, "THNPBL": "2025", "KET": null, "SHAPE_Leng": 0.00698171022, "FID_Batas_": 4633, "OBJECTID_1": 4063.0, "NAMOBJ_1": "Krambilsawit", "FCODE_1": "BA03070040", "REMARK_1": null, "METADATA_1": "TASWIL1000020221227_DATA_BATAS_DESAKELURAHAN", "SRS_ID_1": "4326", "KDBBPS": null, "KDCBPS": null, "KDCPUM": "34.03.15", "KDEBPS": null, "KDEPUM": "34.03.15.2001", "KDPBPS": null, "KDPKAB": "34.03", "KDPPUM": "34", "LUASWH": 0.0, "TIPADM": 1.0, "WADMKC": "Saptosari", "WADMKD": "Krambilsawit", "WADMKK": "Gunungkidul", "WADMPR": "Daerah Istimewa Yogyakarta", "WIADKC": null, "WIADKK": null, "WIADPR": null, "WIADKD": null, "UUPP": "Data dari Pemerintah Daerah", "LUAS": 14.45394894 }, "geometry": { "type": "MultiLineString", "coordinates": [ [ [ 110.479754395065356, -8.111040593777066, 0.0 ], [ 110.47978187800004, -8.111042195999953, 0.0 ], [ 110.479972235000062, -8.111123097999986, 0.0 ], [ 110.480110244000031, -8.11119924099998, 0.0 ], [ 110.48025301200002, -8.111327731999953, 0.0 ], [ 110.480443368000053, -8.111432427999912, 0.0 ], [ 110.480557583000092, -8.111494293999968, 0.0 ], [ 110.480643243000074, -8.11157995399995, 0.0 ], [ 110.480771734000044, -8.111632302999929, 0.0 ], [ 110.481028716000083, -8.111670373999971, 0.0 ], [ 110.481147689000068, -8.111732239999938, 0.0 ], [ 110.481328528000105, -8.11181790099992, 0.0 ], [ 110.481461778000025, -8.111927356, 0.0 ], [ 110.481537920000022, -8.112003499, 0.0 ], [ 110.481601798000071, -8.112018852999938, 0.0 ], [ 110.481652361000073, -8.111965314999949, 0.0 ], [ 110.48173659900003, -8.111873317999976, 0.0 ], [ 110.481744292000045, -8.111868074999986, 0.0 ], [ 110.48179650900002, -8.111815110999956, 0.0 ], [ 110.481915031000057, -8.111709560999927, 0.0 ], [ 110.481972434000085, -8.111669580999905, 0.0 ], [ 110.482149074000048, -8.111566754999924, 0.0 ], [ 110.482282918000024, -8.111513217000024, 0.0 ], [ 110.482332902000081, -8.111499887999987, 0.0 ], [ 110.482407840000064, -8.111489423, 0.0 ], [ 110.4827895170001, -8.111460980999965, 0.0 ], [ 110.483036981000069, -8.111475257999903, 0.0 ], [ 110.483146436000055, -8.111527605999971, 0.0 ], [ 110.483308239000038, -8.111598989999926, 0.0 ], [ 110.483431971000059, -8.111656096999944, 0.0 ], [ 110.483443003184647, -8.111660621385077, 0.0 ] ], [ [ 110.48410198850776, -8.111611692142375, 0.0 ], [ 110.484221952000055, -8.111608508, 0.0 ], [ 110.484398033000062, -8.111746516999965, 0.0 ], [ 110.484417068000127, -8.111855971999962, 0.0 ], [ 110.484555077, -8.111913078999979, 0.0 ], [ 110.484582151835355, -8.111918588595248, 0.0 ] ] ] } },
{ "type": "Feature", "properties": { "FID_Garis_": 2780, "OBJECTID": 33008, "NAMOBJ": "Garis Pantai", "FCODE": "DB02080140", "REMARK": null, "METADATA": null, "SRS_ID": "4326", "DTMVER": 2, "ELEVAS": 0.0, "KARGPN": 5, "TIPGPN": 4, "KODGPN": null, "THNSBDATA": "2025", "SBDATA": 6, "SKL": 6, "THNPBL": "2025", "KET": null, "SHAPE_Leng": 0.00110510767, "FID_Batas_": 4633, "OBJECTID_1": 4063.0, "NAMOBJ_1": "Krambilsawit", "FCODE_1": "BA03070040", "REMARK_1": null, "METADATA_1": "TASWIL1000020221227_DATA_BATAS_DESAKELURAHAN", "SRS_ID_1": "4326", "KDBBPS": null, "KDCBPS": null, "KDCPUM": "34.03.15", "KDEBPS": null, "KDEPUM": "34.03.15.2001", "KDPBPS": null, "KDPKAB": "34.03", "KDPPUM": "34", "LUASWH": 0.0, "TIPADM": 1.0, "WADMKC": "Saptosari", "WADMKD": "Krambilsawit", "WADMKK": "Gunungkidul", "WADMPR": "Daerah Istimewa Yogyakarta", "WIADKC": null, "WIADKK": null, "WIADPR": null, "WIADKD": null, "UUPP": "Data dari Pemerintah Daerah", "LUAS": 14.45394894 }, "geometry": { "type": "MultiLineString", "coordinates": [ [ [ 110.478925665398322, -8.110582997111351, 0.0 ], [ 110.479026399000048, -8.110483022999961, 0.0 ], [ 110.479216756000085, -8.110506817999976, 0.0 ], [ 110.479341678000111, -8.110518714999984, 0.0 ], [ 110.479514189, -8.11058414999998, 0.0 ], [ 110.479551510000064, -8.110631649, 0.0 ], [ 110.479547802000027, -8.11069196899993, 0.0 ], [ 110.479529631043462, -8.110705980187518, 0.0 ] ] ] } },
{ "type": "Feature", "properties": { "FID_Garis_": 2781, "OBJECTID": 33009, "NAMOBJ": "Garis Pantai", "FCODE": "DB02080140", "REMARK": null, "METADATA": null, "SRS_ID": "4326", "DTMVER": 2, "ELEVAS": 0.0, "KARGPN": 3, "TIPGPN": 4, "KODGPN": null, "THNSBDATA": "2025", "SBDATA": 6, "SKL": 6, "THNPBL": "2025", "KET": null, "SHAPE_Leng": 0.01381578184, "FID_Batas_": 4633, "OBJECTID_1": 4063.0, "NAMOBJ_1": "Krambilsawit", "FCODE_1": "BA03070040", "REMARK_1": null, "METADATA_1": "TASWIL1000020221227_DATA_BATAS_DESAKELURAHAN", "SRS_ID_1": "4326", "KDBBPS": null, "KDCBPS": null, "KDCPUM": "34.03.15", "KDEBPS": null, "KDEPUM": "34.03.15.2001", "KDPBPS": null, "KDPKAB": "34.03", "KDPPUM": "34", "LUASWH": 0.0, "TIPADM": 1.0, "WADMKC": "Saptosari", "WADMKD": "Krambilsawit", "WADMKK": "Gunungkidul", "WADMPR": "Daerah Istimewa Yogyakarta", "WIADKC": null, "WIADKK": null, "WIADPR": null, "WIADKD": null, "UUPP": "Data dari Pemerintah Daerah", "LUAS": 14.45394894 }, "geometry": { "type": "MultiLineString", "coordinates": [ [ [ 110.469237914284122, -8.108047831678569, 0.0 ], [ 110.469279568000061, -8.108059191999963, 0.0 ], [ 110.469305743000092, -8.108066329999932, 0.0 ], [ 110.469325968000078, -8.108069898999961, 0.0 ], [ 110.469359280000077, -8.108084175999988, 0.0 ], [ 110.469372367000105, -8.108094883999986, 0.0 ], [ 110.469391403000074, -8.108121057999931, 0.0 ], [ 110.469405680000108, -8.108151990999914, 0.0 ], [ 110.46941757700003, -8.10817102599998, 0.0 ], [ 110.469443751000057, -8.108180543999968, 0.0 ], [ 110.469481823000095, -8.108211476999951, 0.0 ], [ 110.469517515000035, -8.108240031, 0.0 ], [ 110.469533040025297, -8.108261201596747, 0.0 ] ], [ [ 110.469972384687111, -8.108334171587064, 0.0 ], [ 110.470028567000043, -8.1082817019999, 0.0 ], [ 110.470109468000075, -8.108224593999971, 0.0 ], [ 110.47021122700005, -8.108251463999974, 0.0 ], [ 110.470202799000063, -8.108259066999981, 0.0 ], [ 110.47016047328043, -8.108334884295889, 0.0 ] ], [ [ 110.471512370795779, -8.108995476491589, 0.0 ], [ 110.471512455000067, -8.108995271999966, 0.0 ], [ 110.471521973000051, -8.108972428999941, 0.0 ], [ 110.471542912000103, -8.108951489999985, 0.0 ], [ 110.471571465000068, -8.108936260999968, 0.0 ], [ 110.471590501000037, -8.1089343579999, 0.0 ], [ 110.471611440000089, -8.108940068000017, 0.0 ], [ 110.471615247000045, -8.108957199999924, 0.0 ], [ 110.47160953700002, -8.108981946999929, 0.0 ], [ 110.471600019000036, -8.10902382499993, 0.0 ], [ 110.471600019000036, -8.109043027250387, 0.0 ] ], [ [ 110.476160934356798, -8.109822930568313, 0.0 ], [ 110.476195908000065, -8.109799866999925, 0.0 ], [ 110.476233496000077, -8.109775973, 0.0 ], [ 110.476263953000014, -8.109758841, 0.0 ], [ 110.476296313000034, -8.109741708999909, 0.0 ], [ 110.476328377000101, -8.109723183999975, 0.0 ], [ 110.476361458, -8.109708575999921, 0.0 ], [ 110.476407836000106, -8.109693585999924, 0.0 ], [ 110.476446696000039, -8.1096922159999, 0.0 ], [ 110.476729129000049, -8.109709377999899, 0.0 ], [ 110.477043218000091, -8.109880698999952, 0.0 ], [ 110.477200262000039, -8.110018707999913, 0.0 ], [ 110.477371583, -8.110180510999978, 0.0 ], [ 110.477485798000117, -8.110309001999951, 0.0 ], [ 110.477580976000098, -8.110461287999939, 0.0 ], [ 110.477709467000068, -8.110565983999987, 0.0 ], [ 110.477799886000085, -8.110670679999945, 0.0 ], [ 110.477872468000058, -8.110815320999922, 0.0 ], [ 110.477893408000099, -8.110824839, 0.0 ], [ 110.477927672000092, -8.110841971, 0.0 ], [ 110.477965743000041, -8.110859103999903, 0.0 ], [ 110.477994297000095, -8.110880042999948, 0.0 ], [ 110.478001101773998, -8.110885057024078, 0.0 ] ], [ [ 110.47391766890847, -8.11006527700572, 0.0 ], [ 110.47392540900006, -8.110063352999966, 0.0 ], [ 110.474001105000099, -8.110058699999936, 0.0 ], [ 110.474087017000016, -8.110067729999972, 0.0 ], [ 110.474133859000077, -8.110091965000024, 0.0 ], [ 110.474179545000126, -8.110118615, 0.0 ], [ 110.474208098000091, -8.110137650999985, 0.0 ], [ 110.47422713400006, -8.110149071999952, 0.0 ], [ 110.474255688000113, -8.110156686999961, 0.0 ], [ 110.474278531000053, -8.110168107999929, 0.0 ], [ 110.474303277000061, -8.110183336999945, 0.0 ], [ 110.474324216000099, -8.110202371999922, 0.0 ], [ 110.474340458135828, -8.110210493067829, 0.0 ] ], [ [ 110.473213948643206, -8.110300844397358, 0.0 ], [ 110.473242989000084, -8.110274707999956, 0.0 ], [ 110.47327915700005, -8.110238539999983, 0.0 ], [ 110.473330553000039, -8.11021189, 0.0 ], [ 110.473366721000019, -8.110196661999982, 0.0 ], [ 110.473393371, -8.110187144, 0.0 ], [ 110.473459996000088, -8.110160493999921, 0.0 ], [ 110.473515645000077, -8.110134810000016, 0.0 ], [ 110.473567547000115, -8.110117662999929, 0.0 ], [ 110.473600860000033, -8.110109096999931, 0.0 ], [ 110.473602751121945, -8.110108753173275, 0.0 ] ], [ [ 110.474944105913806, -8.110205380520732, 0.0 ], [ 110.474973333000079, -8.110192853999934, 0.0 ], [ 110.475009501000045, -8.110181432999966, 0.0 ], [ 110.475045669000025, -8.110168107999929, 0.0 ], [ 110.47506851200005, -8.110152879999912, 0.0 ], [ 110.475091977457268, -8.110145057906983, 0.0 ] ], [ [ 110.474357338837379, -8.110216416183071, 0.0 ], [ 110.474385130000087, -8.110219503999918, 0.0 ], [ 110.474423202000125, -8.110232828999955, 0.0 ], [ 110.474451755000089, -8.110244250999923, 0.0 ], [ 110.474480309000057, -8.110248057999971, 0.0 ], [ 110.474518380000092, -8.110249961999951, 0.0 ], [ 110.474548837000043, -8.110238539999983, 0.0 ], [ 110.474588812000064, -8.110219503999918, 0.0 ], [ 110.474607848000034, -8.11020998699993, 0.0 ], [ 110.474632594000042, -8.110196661999982, 0.0 ], [ 110.474649215000085, -8.11018028899996, 0.0 ], [ 110.474676376000019, -8.110187144, 0.0 ], [ 110.474695412000088, -8.110194758, 0.0 ], [ 110.474714448000057, -8.11020617899997, 0.0 ], [ 110.474729676000081, -8.110215696999958, 0.0 ], [ 110.47475251900002, -8.110229021999906, 0.0 ], [ 110.474757627308804, -8.110230724918601, 0.0 ] ], [ [ 110.471584340890644, -8.110260302740482, 0.0 ], [ 110.471607724000052, -8.110253459999974, 0.0 ], [ 110.471623676000036, -8.110254190999946, 0.0 ], [ 110.471659220000049, -8.110267093999948, 0.0 ], [ 110.47168587000003, -8.110270901, 0.0 ], [ 110.471706809000068, -8.110268996999928, 0.0 ], [ 110.471723941000079, -8.110261383, 0.0 ], [ 110.471752495000032, -8.110251864999931, 0.0 ], [ 110.471773434000085, -8.110251864999931, 0.0 ], [ 110.471803891000022, -8.110267093999948, 0.0 ], [ 110.471836252000031, -8.110289935999972, 0.0 ], [ 110.471853514589711, -8.110305358949379, 0.0 ] ], [ [ 110.472346669978592, -8.110571279207903, 0.0 ], [ 110.472373058000045, -8.110556436, 0.0 ], [ 110.47240922600011, -8.11053169, 0.0 ], [ 110.472439683000047, -8.110506942999987, 0.0 ], [ 110.472468237000015, -8.110486003999942, 0.0 ], [ 110.472515826000048, -8.110459353999957, 0.0 ], [ 110.472532958000045, -8.11044602899992, 0.0 ], [ 110.472574836000035, -8.110434607999952, 0.0 ], [ 110.472605294000076, -8.110423185999895, 0.0 ], [ 110.472649076000053, -8.110407957999968, 0.0 ], [ 110.472694761000099, -8.110402246999939, 0.0 ], [ 110.472730929000079, -8.110404150999919, 0.0 ], [ 110.47276329, -8.110407957999968, 0.0 ], [ 110.472799458000068, -8.110425089999964, 0.0 ], [ 110.472826108000049, -8.110428896999924, 0.0 ], [ 110.472866082000067, -8.110432703999972, 0.0 ], [ 110.472898443000076, -8.110423185999895, 0.0 ], [ 110.472930804000015, -8.110396535999911, 0.0 ], [ 110.47295555, -8.110367982999946, 0.0 ], [ 110.472972682, -8.110356560999978, 0.0 ], [ 110.473010754000057, -8.11035275399993, 0.0 ], [ 110.473048825, -8.110356560999978, 0.0 ], [ 110.473084993000072, -8.11035465799991, 0.0 ], [ 110.473092709178246, -8.110353555633623, 0.0 ] ] ] } },
{ "type": "Feature", "properties": { "FID_Garis_": 2783, "OBJECTID": 33011, "NAMOBJ": "Garis Pantai", "FCODE": "DB02080140", "REMARK": null, "METADATA": null, "SRS_ID": "4326", "DTMVER": 2, "ELEVAS": 0.0, "KARGPN": 3, "TIPGPN": 4, "KODGPN": null, "THNSBDATA": "2025", "SBDATA": 6, "SKL": 6, "THNPBL": "2025", "KET": null, "SHAPE_Leng": 0.04254300753, "FID_Batas_": 4603, "OBJECTID_1": 4033.0, "NAMOBJ_1": "Girikarto", "FCODE_1": "BA03070040", "REMARK_1": null, "METADATA_1": "TASWIL1000020221227_DATA_BATAS_DESAKELURAHAN", "SRS_ID_1": "4326", "KDBBPS": null, "KDCBPS": null, "KDCPUM": "34.03.06", "KDEBPS": null, "KDEPUM": "34.03.06.2001", "KDPBPS": null, "KDPKAB": "34.03", "KDPPUM": "34", "LUASWH": 0.0, "TIPADM": 1.0, "WADMKC": "Panggang", "WADMKD": "Girikarto", "WADMKK": "Gunungkidul", "WADMPR": "Daerah Istimewa Yogyakarta", "WIADKC": null, "WIADKK": null, "WIADPR": null, "WIADKD": null, "UUPP": "Data dari Pemerintah Daerah", "LUAS": 13.88810543 }, "geometry": { "type": "MultiLineString", "coordinates": [ [ [ 110.440845277000093, -8.098999632, 0.0 ], [ 110.440845277000093, -8.099037769920372, 0.0 ] ], [ [ 110.441154381967323, -8.099767500247825, 0.0 ], [ 110.441259105000057, -8.099791105999934, 0.0 ], [ 110.44133524700004, -8.099829176999975, 0.0 ], [ 110.441335065000033, -8.099896688999966, 0.0 ], [ 110.441351722000078, -8.099913344999923, 0.0 ], [ 110.441361239000059, -8.099927621999949, 0.0 ], [ 110.441365998, -8.099946657000014, 0.0 ], [ 110.441368378000035, -8.099960933999952, 0.0 ], [ 110.441370757000044, -8.099994246999955, 0.0 ], [ 110.441361239000059, -8.100044215, 0.0 ], [ 110.441349342000052, -8.10006325099998, 0.0 ], [ 110.441333638000089, -8.100088472999936, 0.0 ], [ 110.441323644000065, -8.100101321999933, 0.0 ], [ 110.44132347935026, -8.100101634643089, 0.0 ] ], [ [ 110.443496598999644, -8.100941189389701, 0.0 ], [ 110.443802091000052, -8.100675248, 0.0 ], [ 110.443809229000109, -8.10064955, 0.0 ], [ 110.443827789000039, -8.100619568999914, 0.0 ], [ 110.44387204700007, -8.100559607000015, 0.0 ], [ 110.443894890000081, -8.10053961899996, 0.0 ], [ 110.444128735000078, -8.100176577999942, 0.0 ], [ 110.444402066000038, -8.099986248999915, 0.0 ], [ 110.444455947553394, -8.099970747788134, 0.0 ] ], [ [ 110.446090294728492, -8.100213549841531, 0.0 ], [ 110.446092084000071, -8.100214108999939, 0.0 ], [ 110.446120637000035, -8.100217915999988, 0.0 ], [ 110.446170130000041, -8.100227433999976, 0.0 ], [ 110.446250080000084, -8.100261697999969, 0.0 ], [ 110.44633574100007, -8.100324515999926, 0.0 ], [ 110.446366198000106, -8.100347358999951, 0.0 ], [ 110.446389041000131, -8.100368298, 0.0 ], [ 110.446406173000042, -8.100389236999952, 0.0 ], [ 110.446410950820052, -8.100395607519619, 0.0 ] ], [ [ 110.44739653757297, -8.101155303396403, 0.0 ], [ 110.447428389000066, -8.101141147, 0.0 ], [ 110.447460750000076, -8.101135435999964, 0.0 ], [ 110.447495014000069, -8.101120207999948, 0.0 ], [ 110.447523568000037, -8.10110878599998, 0.0 ], [ 110.447543198000062, -8.101089132999952, 0.0 ], [ 110.447585988000043, -8.101072433, 0.0 ], [ 110.44796138800011, -8.100773757999971, 0.0 ], [ 110.448324164000013, -8.100571996999975, 0.0 ], [ 110.448502184000091, -8.100485907999957, 0.0 ], [ 110.448687782, -8.100462113999942, 0.0 ], [ 110.448811514000013, -8.100495425999945, 0.0 ], [ 110.449039942000084, -8.100538255999936, 0.0 ], [ 110.449192228000072, -8.100547773999924, 0.0 ], [ 110.449287299000034, -8.100485163999984, 0.0 ], [ 110.449335029000082, -8.100435354999949, 0.0 ], [ 110.449386806000092, -8.100409465999938, 0.0 ], [ 110.449417757000077, -8.100405216999942, 0.0 ], [ 110.44946721197806, -8.100407455906957, 0.0 ] ], [ [ 110.449964297849988, -8.100442536999921, 0.0 ], [ 110.449977268000012, -8.100442536999921, 0.0 ], [ 110.45006102500011, -8.100453958999978, 0.0 ], [ 110.450137168000097, -8.100471090999974, 0.0 ], [ 110.450195516769739, -8.100485678018234, 0.0 ] ], [ [ 110.450666637857665, -8.100538585535269, 0.0 ], [ 110.45067968500004, -8.10053771599998, 0.0 ], [ 110.45069681700005, -8.10053771599998, 0.0 ], [ 110.450708238000104, -8.1005453299999, 0.0 ], [ 110.450710142000077, -8.100564365999965, 0.0 ], [ 110.45071204500006, -8.10058530500001, 0.0 ], [ 110.450707062000092, -8.100618437, 0.0 ], [ 110.450670167000055, -8.100674771999952, 0.0 ], [ 110.450664544771769, -8.100693512104709, 0.0 ] ], [ [ 110.441571309672028, -8.10071608782378, 0.0 ], [ 110.441582053000033, -8.100719505999923, 0.0 ], [ 110.441604896000058, -8.10073092799998, 0.0 ], [ 110.44162631100005, -8.100745204999917, 0.0 ], [ 110.441667714000019, -8.100779469, 0.0 ], [ 110.441675662368468, -8.100786281887231, 0.0 ] ], [ [ 110.442805223601638, -8.100822999795412, 0.0 ], [ 110.442818421000112, -8.100820870999961, 0.0 ], [ 110.442846975000066, -8.100820870999961, 0.0 ], [ 110.442872673000068, -8.100819443999931, 0.0 ], [ 110.442902654000051, -8.100818016, 0.0 ], [ 110.442925497, -8.100820870999961, 0.0 ], [ 110.442951195000077, -8.10082800999993, 0.0 ], [ 110.442992598000046, -8.100840858999927, 0.0 ], [ 110.443023232920325, -8.100852478708411, 0.0 ] ], [ [ 110.443337280636968, -8.100945242446258, 0.0 ], [ 110.443359511000025, -8.100940795999936, 0.0 ], [ 110.44338235400005, -8.100937940999966, 0.0 ], [ 110.443413763000066, -8.100937940999966, 0.0 ], [ 110.443436605, -8.100943652, 0.0 ], [ 110.443440885860554, -8.100945078897972, 0.0 ] ], [ [ 110.451829094510202, -8.101211677496281, 0.0 ], [ 110.451840862000026, -8.101226806999975, 0.0 ], [ 110.451854187000066, -8.101251553999891, 0.0 ], [ 110.451859768405882, -8.10127760381846, 0.0 ] ], [ [ 110.4522577907575, -8.101368967756386, 0.0 ], [ 110.452314080000093, -8.101342513999956, 0.0 ], [ 110.452452089000062, -8.101409138999962, 0.0 ], [ 110.452647205000034, -8.101480523, 0.0 ], [ 110.452794732000072, -8.101599496, 0.0 ], [ 110.452889910000039, -8.101680397999935, 0.0 ], [ 110.452972171000013, -8.101775373999978, 0.0 ] ], [ [ 110.453930955277059, -8.101887283485212, 0.0 ], [ 110.454189096000079, -8.101808888999908, 0.0 ], [ 110.454322345, -8.101761298999968, 0.0 ], [ 110.454503185000036, -8.101761298999968, 0.0 ], [ 110.455102143000033, -8.101851195999945, 0.0 ], [ 110.455252049000094, -8.101894025999936, 0.0 ], [ 110.455409093000029, -8.102043932, 0.0 ], [ 110.455554906000103, -8.102251467999935, 0.0 ], [ 110.455625156000053, -8.102317551999896, 0.0 ], [ 110.455661324000033, -8.102328973999953, 0.0 ], [ 110.455689878000072, -8.102353719999957, 0.0 ], [ 110.45571462400008, -8.102380369999942, 0.0 ], [ 110.455741274000076, -8.102408924, 0.0 ], [ 110.455769828000115, -8.102448898999928, 0.0 ], [ 110.455776776000079, -8.102457405999921, 0.0 ], [ 110.455814727000103, -8.10252228699996, 0.0 ], [ 110.45583695100008, -8.102577371999899, 0.0 ], [ 110.455872069000051, -8.102625201999949, 0.0 ], [ 110.455948760000098, -8.102686357999946, 0.0 ], [ 110.456016407, -8.102733792999963, 0.0 ], [ 110.45605345900006, -8.102782022999957, 0.0 ], [ 110.456059170000088, -8.102795348, 0.0 ], [ 110.456059170000088, -8.10281248, 0.0 ], [ 110.456051556000077, -8.102827708999918, 0.0 ], [ 110.456111700000079, -8.102984342, 0.0 ], [ 110.456108188643981, -8.103075635784354, 0.0 ] ], [ [ 110.453281881958318, -8.101918405300115, 0.0 ], [ 110.453329452000091, -8.101889248999985, 0.0 ], [ 110.453386560000098, -8.101874020999968, 0.0 ], [ 110.453426534000045, -8.10186830999994, 0.0 ], [ 110.45347602700005, -8.10186450299998, 0.0 ], [ 110.453516002000072, -8.101862599, 0.0 ], [ 110.453557881000066, -8.101860695999932, 0.0 ], [ 110.453601663000057, -8.101858791999952, 0.0 ], [ 110.453645445000035, -8.101858791999952, 0.0 ], [ 110.453685420000056, -8.101858791999952, 0.0 ], [ 110.453750140996618, -8.101868312590934, 0.0 ] ], [ [ 110.456109230933876, -8.103117233614512, 0.0 ], [ 110.456125977000013, -8.103184217000017, 0.0 ], [ 110.456168807000012, -8.103279395999987, 0.0 ], [ 110.456178325000081, -8.103322225999889, 0.0 ], [ 110.4562021200001, -8.103369814999919, 0.0 ], [ 110.45633061100007, -8.103474510999966, 0.0 ], [ 110.456368682000019, -8.103498305999981, 0.0 ], [ 110.456492414000053, -8.103564930999898, 0.0 ], [ 110.45655428, -8.103612519999928, 0.0 ], [ 110.456584555000035, -8.10371477199995, 0.0 ], [ 110.456622626000069, -8.103749035999943, 0.0 ], [ 110.456656891000065, -8.103773782999948, 0.0 ], [ 110.456675926000045, -8.103798528999953, 0.0 ], [ 110.456691155000058, -8.103834696999925, 0.0 ], [ 110.456706384000071, -8.103870864999987, 0.0 ], [ 110.456726345460112, -8.103926473796932, 0.0 ] ], [ [ 110.456814298029073, -8.104099970809333, 0.0 ], [ 110.457106315000033, -8.104069376999981, 0.0 ], [ 110.457234806000102, -8.104040822999927, 0.0 ], [ 110.457410886000019, -8.104083653, 0.0 ], [ 110.457524219000064, -8.104187628, 0.0 ], [ 110.457570618, -8.104216181999959, 0.0 ], [ 110.45775436800001, -8.104331943999945, 0.0 ] ], [ [ 110.457791803932409, -8.104352096125691, 0.0 ], [ 110.457853059954971, -8.104377722195935, 0.0 ] ], [ [ 110.458260325626739, -8.104522338625877, 0.0 ], [ 110.458308814000048, -8.104551418999986, 0.0 ], [ 110.458392788399578, -8.104609446037205, 0.0 ], [ 110.458662482000094, -8.104669000999944, 0.0 ], [ 110.458805250000097, -8.10473562599995, 0.0 ], [ 110.458838948405145, -8.104743258920202, 0.0 ] ], [ [ 110.459649557389071, -8.105626880083197, 0.0 ], [ 110.459654060000076, -8.105627145, 0.0 ], [ 110.459712903000053, -8.10561668299993, 0.0 ], [ 110.45976637000004, -8.105611915999891, 0.0 ], [ 110.459804442000078, -8.105611915999891, 0.0 ], [ 110.459844417000014, -8.105611915999891, 0.0 ], [ 110.459888199, -8.105611915999891, 0.0 ], [ 110.459935788000024, -8.105619529999988, 0.0 ], [ 110.459977666000029, -8.105632854999936, 0.0 ], [ 110.460032870000063, -8.105644277, 0.0 ], [ 110.460091881000068, -8.10565760199994, 0.0 ], [ 110.460152795000042, -8.105665215999949, 0.0 ], [ 110.460223227000085, -8.105680444999965, 0.0 ], [ 110.460233759218298, -8.105685232265216, 0.0 ] ], [ [ 110.461114219463639, -8.106285238064928, 0.0 ], [ 110.461121711, -8.106283875999978, 0.0 ], [ 110.461173108000082, -8.106266743999981, 0.0 ], [ 110.461203565000034, -8.106259129999973, 0.0 ], [ 110.461251154000053, -8.106247707999916, 0.0 ], [ 110.461264479000093, -8.106243900999957, 0.0 ], [ 110.461293033000061, -8.106240093999908, 0.0 ], [ 110.461336815000038, -8.106247707999916, 0.0 ], [ 110.4613729820001, -8.106255322000013, 0.0 ], [ 110.461424379000093, -8.106251514999965, 0.0 ], [ 110.461475775000082, -8.106230576, 0.0 ], [ 110.461513847000035, -8.106211539999943, 0.0 ], [ 110.461555725000039, -8.106192504999967, 0.0 ], [ 110.461595700000061, -8.106184889999959, 0.0 ], [ 110.461629964000053, -8.106175372999971, 0.0 ], [ 110.461649000000108, -8.106167757999962, 0.0 ], [ 110.461664228000046, -8.106159490999989, 0.0 ], [ 110.461694685000069, -8.106150925, 0.0 ], [ 110.461709914, -8.106150625999966, 0.0 ], [ 110.461734661, -8.106148722999897, 0.0 ], [ 110.461749889000117, -8.106152529999946, 0.0 ], [ 110.461787960000066, -8.106167757999962, 0.0 ], [ 110.461822225000049, -8.106173468999902, 0.0 ], [ 110.461866007000125, -8.106171564999922, 0.0 ], [ 110.461915500000046, -8.106163950999914, 0.0 ], [ 110.461964992000048, -8.106165854999983, 0.0 ], [ 110.461990627936189, -8.106167456772475, 0.0 ] ], [ [ 110.462338970279774, -8.106172531076563, 0.0 ], [ 110.462422031000031, -8.106163301999949, 0.0 ], [ 110.462493415000083, -8.106315587999937, 0.0 ], [ 110.462435174000063, -8.106417125999901, 0.0 ], [ 110.462435174000063, -8.106455196999942, 0.0 ], [ 110.462427560000052, -8.106478039999967, 0.0 ], [ 110.462421849000108, -8.106495171999963, 0.0 ], [ 110.462414235000011, -8.10651040099998, 0.0 ], [ 110.462406989045419, -8.106579960794793, 0.0 ] ], [ [ 110.462970668898791, -8.107392390128556, 0.0 ], [ 110.462996134096926, -8.107410536840689, 0.0 ] ], [ [ 110.463648670331395, -8.108159322287936, 0.0 ], [ 110.463651554000066, -8.108160794999932, 0.0 ], [ 110.463667903068213, -8.108174258819503, 0.0 ] ], [ [ 110.463908481464443, -8.108525852898065, 0.0 ], [ 110.463945194000118, -8.10852419599998, 0.0 ], [ 110.464057463000074, -8.108522919999963, 0.0 ], [ 110.46413744000003, -8.108511050999958, 0.0 ], [ 110.464160283000069, -8.108508195999988, 0.0 ], [ 110.464173132000056, -8.108508195999988, 0.0 ], [ 110.464180271000117, -8.108510337999988, 0.0 ], [ 110.46418526700009, -8.108513907000017, 0.0 ], [ 110.464188776000114, -8.108521427999928, 0.0 ], [ 110.464200306000095, -8.108537854999955, 0.0 ], [ 110.46420230590131, -8.108539522459814, 0.0 ] ], [ [ 110.464380313980072, -8.108542189032022, 0.0 ], [ 110.46440727100007, -8.108548170999921, 0.0 ], [ 110.464427259000033, -8.108559591999978, 0.0 ], [ 110.464437252000067, -8.108572441999975, 0.0 ], [ 110.464447232179239, -8.108603090908097, 0.0 ] ], [ [ 110.464539305481111, -8.108703512207551, 0.0 ], [ 110.464545756000064, -8.108700931999948, 0.0 ], [ 110.464577165, -8.108690938999921, 0.0 ], [ 110.46462474300003, -8.108677635999975, 0.0 ], [ 110.464680138000091, -8.10867090399995, 0.0 ], [ 110.464723948000071, -8.108680647999957, 0.0 ], [ 110.464756308000091, -8.108680647999957, 0.0 ], [ 110.464777248000047, -8.108680647999957, 0.0 ], [ 110.464800090000068, -8.108676839999909, 0.0 ], [ 110.46483435500005, -8.108671129999969, 0.0 ], [ 110.464893376000049, -8.108661255999952, 0.0 ], [ 110.46495427900004, -8.108652094, 0.0 ], [ 110.465003772000046, -8.108652094, 0.0 ], [ 110.465039940000011, -8.108652094, 0.0 ], [ 110.465114179000025, -8.108659707999912, 0.0 ], [ 110.465218442000037, -8.10868580899994, 0.0 ], [ 110.465242114422992, -8.108693616121823, 0.0 ] ], [ [ 110.468973925517531, -8.109052429431909, 0.0 ], [ 110.46896881100011, -8.109055412999968, 0.0 ], [ 110.468953106000043, -8.109061122999908, 0.0 ], [ 110.468935974000061, -8.109063978999966, 0.0 ], [ 110.468925981000027, -8.109063978999966, 0.0 ], [ 110.468911053000028, -8.109063709999944, 0.0 ], [ 110.468881281000051, -8.109052630999916, 0.0 ], [ 110.468833182000083, -8.109032569999943, 0.0 ], [ 110.468790351000081, -8.109004015999979, 0.0 ], [ 110.468767508000056, -8.108989738999952, 0.0 ], [ 110.468741810000068, -8.108962613999928, 0.0 ], [ 110.468727534000038, -8.108942625999962, 0.0 ], [ 110.468710401000038, -8.10890978999991, 0.0 ], [ 110.468706118000043, -8.108886946999974, 0.0 ], [ 110.468707546000076, -8.108862675999919, 0.0 ], [ 110.468724341000041, -8.108838284999944, 0.0 ], [ 110.468746093000064, -8.108829839999956, 0.0 ], [ 110.468768473107701, -8.108816675285038, 0.0 ] ], [ [ 110.46558749218805, -8.108856106783726, 0.0 ], [ 110.465626625058775, -8.108887490915819, 0.0 ], [ 110.465670676000059, -8.108912995, 0.0 ], [ 110.465730936000085, -8.108943339999932, 0.0 ], [ 110.46578233200006, -8.108962376, 0.0 ], [ 110.46582801800011, -8.108977603999925, 0.0 ], [ 110.465916729000085, -8.108998858999907, 0.0 ], [ 110.465951944000068, -8.1090148659999, 0.0 ], [ 110.465995866000057, -8.109047408999928, 0.0 ], [ 110.46602925200007, -8.109088452999949, 0.0 ], [ 110.466060017000046, -8.109126274999969, 0.0 ], [ 110.466060209540956, -8.109126655326673, 0.0 ] ], [ [ 110.469248320156012, -8.109278006145839, 0.0 ], [ 110.469242002000058, -8.10927238899998, 0.0 ], [ 110.469193698162954, -8.109193376088832, 0.0 ] ], [ [ 110.46789487792492, -8.109490645647401, 0.0 ], [ 110.468028655601245, -8.109316449746586, 0.0 ] ], [ [ 110.469297937006559, -8.10936796437657, 0.0 ], [ 110.469277844, -8.109364661999976, 0.0 ], [ 110.46925720200008, -8.109366645999962, 0.0 ], [ 110.469247208000041, -8.109359508, 0.0 ], [ 110.469244352, -8.109348085999937, 0.0 ], [ 110.469248635000071, -8.109338093, 0.0 ], [ 110.469262593000082, -8.109331095999952, 0.0 ], [ 110.469267878657149, -8.109317841460086, 0.0 ] ], [ [ 110.467361871925235, -8.109361105437642, 0.0 ], [ 110.46737695100002, -8.109365217999933, 0.0 ], [ 110.467391228000054, -8.109370928999962, 0.0 ], [ 110.467404077000054, -8.109376639999901, 0.0 ], [ 110.467418354000074, -8.109390916999928, 0.0 ], [ 110.467436914000103, -8.109415186999982, 0.0 ], [ 110.467485, -8.109465280999952, 0.0 ], [ 110.467519158000073, -8.109512673999966, 0.0 ], [ 110.467558765095887, -8.109550707863935, 0.0 ] ], [ [ 110.468911552136589, -8.110431844863477, 0.0 ], [ 110.468920270000083, -8.110423126999891, 0.0 ], [ 110.468935974000061, -8.110411704999922, 0.0 ], [ 110.468947396000019, -8.110393145999986, 0.0 ], [ 110.468953106000043, -8.11037458599996, 0.0 ], [ 110.468957389000053, -8.110341748999907, 0.0 ], [ 110.468961672000049, -8.11032747199997, 0.0 ], [ 110.468963100000082, -8.110314622999972, 0.0 ], [ 110.468963100000082, -8.110297490999887, 0.0 ], [ 110.468958817000072, -8.110283214999949, 0.0 ], [ 110.468946111, -8.110261502999929, 0.0 ], [ 110.468938830000113, -8.110244666999957, 0.0 ], [ 110.468938830000113, -8.110238957000018, 0.0 ], [ 110.468944540000052, -8.11023181799996, 0.0 ], [ 110.468954534, -8.11023181799996, 0.0 ], [ 110.468977377000016, -8.110248114999976, 0.0 ], [ 110.469017352000037, -8.11028607, 0.0 ], [ 110.469043050000039, -8.110307485, 0.0 ], [ 110.469071604000078, -8.110316050999913, 0.0 ], [ 110.469093019000084, -8.110311768, 0.0 ], [ 110.469113006000043, -8.110303201999916, 0.0 ], [ 110.469132994000105, -8.110290352999918, 0.0 ], [ 110.469141560000097, -8.110271792999981, 0.0 ], [ 110.469142987000041, -8.110233245999989, 0.0 ], [ 110.469138704000045, -8.110210402999964, 0.0 ], [ 110.469132994000105, -8.11018755999994, 0.0 ], [ 110.46913013800004, -8.110159006999975, 0.0 ], [ 110.469124428000015, -8.110140446999949, 0.0 ], [ 110.469117289000053, -8.110124741999893, 0.0 ], [ 110.469100157000042, -8.110107609999986, 0.0 ], [ 110.469088736000089, -8.110086195, 0.0 ], [ 110.46906589300005, -8.110067634999965, 0.0 ], [ 110.469057327000058, -8.110050502999968, 0.0 ], [ 110.469057327000058, -8.110027659999943, 0.0 ], [ 110.469057327000058, -8.110011955999976, 0.0 ], [ 110.469055899000026, -8.110001961999949, 0.0 ], [ 110.469051863000047, -8.109983876999962, 0.0 ], [ 110.469060182000121, -8.109939144, 0.0 ], [ 110.46907874200005, -8.109867760999947, 0.0 ], [ 110.469087308000056, -8.109836351999924, 0.0 ], [ 110.469088736000089, -8.10980637099993, 0.0 ], [ 110.469088736000089, -8.109789237999934, 0.0 ], [ 110.469071066000041, -8.109745604999965, 0.0 ], [ 110.469074048000024, -8.109714361999956, 0.0 ], [ 110.469083008000055, -8.109702840999979, 0.0 ], [ 110.469100157000042, -8.109700721999982, 0.0 ], [ 110.469118717000072, -8.109705004999981, 0.0 ], [ 110.469134421000035, -8.10970928899998, 0.0 ], [ 110.469157264000074, -8.109703577999952, 0.0 ], [ 110.469200094000058, -8.109689300999925, 0.0 ], [ 110.469225793000049, -8.109675023999987, 0.0 ], [ 110.469285755000044, -8.109645042999905, 0.0 ], [ 110.469320019000037, -8.109627911, 0.0 ], [ 110.46934429, -8.10961934499991, 0.0 ], [ 110.469362850000024, -8.109602213, 0.0 ], [ 110.469384265000116, -8.109586507999946, 0.0 ], [ 110.469408535000071, -8.10956937599995, 0.0 ], [ 110.469421384000071, -8.109555099000012, 0.0 ], [ 110.469429950000062, -8.109533683999928, 0.0 ], [ 110.469431378000095, -8.109517979999961, 0.0 ], [ 110.469424240000038, -8.109500847999964, 0.0 ], [ 110.469417101000076, -8.109489425999907, 0.0 ], [ 110.469402825000046, -8.10947372199994, 0.0 ], [ 110.469381538990021, -8.109440491014066, 0.0 ] ], [ [ 110.467284446776716, -8.110223969885979, 0.0 ], [ 110.467299476, -8.11018827399991, 0.0 ], [ 110.467320415000046, -8.110152105999937, 0.0 ], [ 110.467332566000081, -8.110121054999944, 0.0 ], [ 110.467344686000018, -8.110105468999986, 0.0 ], [ 110.467352538000043, -8.110099757999958, 0.0 ], [ 110.467360390000067, -8.110091906000019, 0.0 ], [ 110.46736610100001, -8.110084766999961, 0.0 ], [ 110.467371812000039, -8.110076915000022, 0.0 ], [ 110.467381806000077, -8.110063351999965, 0.0 ], [ 110.467386802000036, -8.110052644999968, 0.0 ], [ 110.467396558000047, -8.110026470999934, 0.0 ], [ 110.467415594000016, -8.109992205999941, 0.0 ], [ 110.467434630000085, -8.109956038999968, 0.0 ], [ 110.467446051000053, -8.109927484999915, 0.0 ], [ 110.467453665000065, -8.109906545999959, 0.0 ], [ 110.467463183000049, -8.109881798999954, 0.0 ], [ 110.467472701000048, -8.109855148999969, 0.0 ], [ 110.467480315000046, -8.109801849999911, 0.0 ], [ 110.467478412000077, -8.109761874999979, 0.0 ], [ 110.467474605000021, -8.109721899999958, 0.0 ], [ 110.467462612000091, -8.109685017999926, 0.0 ], [ 110.467452618000067, -8.109659319999931, 0.0 ], [ 110.467442625000047, -8.109633621999937, 0.0 ], [ 110.46743548600007, -8.109620772999939, 0.0 ], [ 110.467426920000065, -8.109610779, 0.0 ], [ 110.467402159000073, -8.109575785999947, 0.0 ], [ 110.467387992000056, -8.109536915999929, 0.0 ] ], [ [ 110.467791828189604, -8.109595110959091, 0.0 ], [ 110.467799544000087, -8.109585081, 0.0 ], [ 110.467825242000075, -8.109562237999981, 0.0 ], [ 110.467834189035983, -8.109555174637375, 0.0 ] ], [ [ 110.468427665968647, -8.10965263108784, 0.0 ], [ 110.468432004000107, -8.109662174999901, 0.0 ], [ 110.46843343200004, -8.109680734999927, 0.0 ], [ 110.468427721000097, -8.109690728999954, 0.0 ], [ 110.468416300000044, -8.109700721999982, 0.0 ], [ 110.468403451000043, -8.109713571999979, 0.0 ], [ 110.468394885000052, -8.109734986999975, 0.0 ], [ 110.468390602000056, -8.109760684999969, 0.0 ], [ 110.468389495368115, -8.109766955828093, 0.0 ] ], [ [ 110.466500050328122, -8.109738617979225, 0.0 ], [ 110.46651703000002, -8.109742388999965, 0.0 ], [ 110.466576902000085, -8.109770066999946, 0.0 ], [ 110.46661174200004, -8.109798706999918, 0.0 ], [ 110.466669395000011, -8.109828499999896, 0.0 ], [ 110.466703659000089, -8.109841823999933, 0.0 ], [ 110.466728406000101, -8.109851341999921, 0.0 ], [ 110.46676647700005, -8.109874184999946, 0.0 ], [ 110.466791223000058, -8.109887509999982, 0.0 ], [ 110.466802645000115, -8.10990083499993, 0.0 ], [ 110.466817873000039, -8.109914159999967, 0.0 ], [ 110.466825764883367, -8.109926026505434, 0.0 ] ], [ [ 110.468580986480234, -8.11028370159196, 0.0 ], [ 110.468597615000036, -8.110290352999918, 0.0 ], [ 110.468611415224288, -8.110300013253582, 0.0 ] ], [ [ 110.468741755830422, -8.110322865698141, 0.0 ], [ 110.468744666000035, -8.110323188999971, 0.0 ], [ 110.468758942000065, -8.110323188999971, 0.0 ], [ 110.46877750200008, -8.11032604499994, 0.0 ], [ 110.468790351000081, -8.110331755999969, 0.0 ], [ 110.468808027000037, -8.110348514999934, 0.0 ], [ 110.468819425613646, -8.110363032182502, 0.0 ] ] ] } },
{ "type": "Feature", "properties": { "FID_Garis_": 2784, "OBJECTID": 33012, "NAMOBJ": "Garis Pantai", "FCODE": "DB02080140", "REMARK": null, "METADATA": null, "SRS_ID": "4326", "DTMVER": 2, "ELEVAS": 0.0, "KARGPN": 3, "TIPGPN": 4, "KODGPN": null, "THNSBDATA": "2025", "SBDATA": 6, "SKL": 6, "THNPBL": "2025", "KET": null, "SHAPE_Leng": 0.05685406428, "FID_Batas_": 4603, "OBJECTID_1": 4033.0, "NAMOBJ_1": "Girikarto", "FCODE_1": "BA03070040", "REMARK_1": null, "METADATA_1": "TASWIL1000020221227_DATA_BATAS_DESAKELURAHAN", "SRS_ID_1": "4326", "KDBBPS": null, "KDCBPS": null, "KDCPUM": "34.03.06", "KDEBPS": null, "KDEPUM": "34.03.06.2001", "KDPBPS": null, "KDPKAB": "34.03", "KDPPUM": "34", "LUASWH": 0.0, "TIPADM": 1.0, "WADMKC": "Panggang", "WADMKD": "Girikarto", "WADMKK": "Gunungkidul", "WADMPR": "Daerah Istimewa Yogyakarta", "WIADKC": null, "WIADKK": null, "WIADPR": null, "WIADKD": null, "UUPP": "Data dari Pemerintah Daerah", "LUAS": 13.88810543 }, "geometry": { "type": "MultiLineString", "coordinates": [ [ [ 110.434296687453113, -8.093195849513037, 0.0 ], [ 110.4343542270001, -8.093225869999934, 0.0 ], [ 110.434371379158648, -8.093236161410413, 0.0 ] ], [ [ 110.43474123390574, -8.09345041019979, 0.0 ], [ 110.434761709000071, -8.093466789999972, 0.0 ], [ 110.434794427000014, -8.093502482, 0.0 ], [ 110.434827144000067, -8.093535199999948, 0.0 ], [ 110.434856888000041, -8.093588737999937, 0.0 ], [ 110.434871759000117, -8.093624429999959, 0.0 ], [ 110.434886631000012, -8.093689864999956, 0.0 ], [ 110.434895554000036, -8.093779094999967, 0.0 ], [ 110.434907451000043, -8.093832631999955, 0.0 ], [ 110.434919348000051, -8.093874272999937, 0.0 ], [ 110.434931246000062, -8.093933758999974, 0.0 ], [ 110.434952066, -8.09400216899995, 0.0 ], [ 110.434963963000101, -8.094040834999952, 0.0 ], [ 110.434968425000122, -8.094100321999989, 0.0 ], [ 110.434963963000101, -8.094127090999983, 0.0 ], [ 110.434952066, -8.094177654, 0.0 ], [ 110.434928271000075, -8.094263909999935, 0.0 ], [ 110.43491042600003, -8.094329344999931, 0.0 ], [ 110.434895554000036, -8.094403702999955, 0.0 ], [ 110.43488960500008, -8.094448317999916, 0.0 ], [ 110.43487473400009, -8.09452267599994, 0.0 ], [ 110.434862836, -8.094549444999934, 0.0 ], [ 110.434839042000078, -8.094582162999888, 0.0 ], [ 110.43480929800009, -8.094611905999951, 0.0 ], [ 110.434782529000103, -8.094650571999953, 0.0 ], [ 110.434761709000071, -8.094692212999934, 0.0 ], [ 110.434752786000047, -8.094751698999971, 0.0 ], [ 110.434752786000047, -8.09480523699996, 0.0 ], [ 110.434764684000044, -8.094867697999977, 0.0 ], [ 110.434760833000084, -8.094960089999983, 0.0 ], [ 110.434740336000075, -8.095037433999988, 0.0 ], [ 110.434706231000092, -8.095112613, 0.0 ], [ 110.43466653100009, -8.095162155999915, 0.0 ], [ 110.434639762000103, -8.095165130999895, 0.0 ], [ 110.434628204277416, -8.095162818989134, 0.0 ] ], [ [ 110.434588935756977, -8.09524451906082, 0.0 ], [ 110.434589198000097, -8.095245436999967, 0.0 ], [ 110.434583250000045, -8.095272205999962, 0.0 ], [ 110.434561017071218, -8.095291660163131, 0.0 ] ], [ [ 110.434505998477093, -8.095502064861151, 0.0 ], [ 110.434513927000083, -8.095573510999934, 0.0 ], [ 110.434541411000055, -8.095633328, 0.0 ], [ 110.434517982602955, -8.095728225343848, 0.0 ] ], [ [ 110.4345724734698, -8.095920210466403, 0.0 ], [ 110.434738787000043, -8.095991105999936, 0.0 ], [ 110.43482801600004, -8.096091043999945, 0.0 ], [ 110.434942230000075, -8.096215965999889, 0.0 ], [ 110.434999338000097, -8.096305194999989, 0.0 ], [ 110.435027891000061, -8.09635159499992, 0.0 ], [ 110.435077860000021, -8.096480085999893, 0.0 ], [ 110.435113552000047, -8.096712082999904, 0.0 ], [ 110.435100465000033, -8.09682510799993, 0.0 ], [ 110.435086188000099, -8.097036879999955, 0.0 ], [ 110.435076323660439, -8.097083196725077, 0.0 ] ], [ [ 110.434520229322388, -8.098074672702129, 0.0 ], [ 110.434496994000099, -8.09807699599995, 0.0 ], [ 110.434470225000013, -8.09807699599995, 0.0 ], [ 110.43441966200001, -8.098053200999935, 0.0 ], [ 110.434384010509717, -8.098029434005607, 0.0 ] ], [ [ 110.434796274242203, -8.098069405052968, 0.0 ], [ 110.434794427000014, -8.098071047, 0.0 ], [ 110.434779555000034, -8.098088892999957, 0.0 ], [ 110.434758735000088, -8.098109714, 0.0 ], [ 110.43473494000007, -8.098112687999972, 0.0 ], [ 110.434716701129474, -8.098106055734036, 0.0 ] ], [ [ 110.43559571817184, -8.098173169006309, 0.0 ], [ 110.435600151000074, -8.098171881999985, 0.0 ], [ 110.435603101240304, -8.098172968975206, 0.0 ] ], [ [ 110.435445374274508, -8.098180950083336, 0.0 ], [ 110.435447866000089, -8.098179020999954, 0.0 ], [ 110.435455658782146, -8.098179020999954, 0.0 ] ], [ [ 110.435725129165846, -8.098210475057002, 0.0 ], [ 110.435740540000054, -8.098214712999976, 0.0 ], [ 110.435828580000049, -8.098236127999972, 0.0 ], [ 110.435888066000089, -8.098264680999936, 0.0 ], [ 110.4359332760001, -8.098297993999939, 0.0 ], [ 110.435954414000079, -8.098332787999976, 0.0 ], [ 110.435951752583037, -8.098344055644482, 0.0 ] ], [ [ 110.434507232885124, -8.098864280994746, 0.0 ], [ 110.434544583000047, -8.098838422999979, 0.0 ], [ 110.434571352000034, -8.098817602999944, 0.0 ], [ 110.434648685000042, -8.098775962999962, 0.0 ], [ 110.434681402000081, -8.098761090999975, 0.0 ], [ 110.434737915000056, -8.098734321999892, 0.0 ], [ 110.434764684000044, -8.09871945, 0.0 ], [ 110.434788478000058, -8.098689706999931, 0.0 ], [ 110.434860139000037, -8.098590667999908, 0.0 ], [ 110.434933902000097, -8.098538318999928, 0.0 ], [ 110.43502194200002, -8.098516903999933, 0.0 ], [ 110.435100782000063, -8.098520170999937, 0.0 ], [ 110.43514242300003, -8.098496375999922, 0.0 ], [ 110.435178115000056, -8.098475555999887, 0.0 ], [ 110.435201909000071, -8.098463657999968, 0.0 ], [ 110.435231653000045, -8.09845770999992, 0.0 ], [ 110.435252473000077, -8.098445812, 0.0 ], [ 110.43527626800001, -8.098416068999938, 0.0 ], [ 110.435303037000011, -8.098380376999916, 0.0 ], [ 110.435309158860534, -8.09836670286769, 0.0 ] ], [ [ 110.43591852463517, -8.098562578430659, 0.0 ], [ 110.435914240000045, -8.098595426999946, 0.0 ], [ 110.435876169, -8.098726296999939, 0.0 ], [ 110.435875365651583, -8.098727903696759, 0.0 ] ], [ [ 110.43414356272244, -8.098657520069832, 0.0 ], [ 110.43418437200009, -8.098650153999944, 0.0 ], [ 110.434234341000035, -8.098673948999959, 0.0 ], [ 110.434291171654621, -8.098719413714708, 0.0 ] ], [ [ 110.435780424758391, -8.099087667341234, 0.0 ], [ 110.43579526700006, -8.099073697999906, 0.0 ], [ 110.43585475400009, -8.09904990399998, 0.0 ], [ 110.435928517000065, -8.099042765000011, 0.0 ], [ 110.436002280000039, -8.09904752399996, 0.0 ], [ 110.436023537000025, -8.099094809999965, 0.0 ], [ 110.436036862000066, -8.099108134999913, 0.0 ], [ 110.436048284000023, -8.099129074999958, 0.0 ], [ 110.436053994000048, -8.099151916999983, 0.0 ], [ 110.436057802000022, -8.099170952999959, 0.0 ], [ 110.436065416000105, -8.099197602999944, 0.0 ], [ 110.436154566000113, -8.099273572999923, 0.0 ], [ 110.436187878000027, -8.099294987999919, 0.0 ], [ 110.436204535000073, -8.099323541999972, 0.0 ], [ 110.436206236000132, -8.099367240999946, 0.0 ], [ 110.43622189300001, -8.099402425999926, 0.0 ], [ 110.436213894000048, -8.099426030999926, 0.0 ], [ 110.436210087000092, -8.099439355999962, 0.0 ], [ 110.436202473, -8.099462198999987, 0.0 ], [ 110.436192955000095, -8.099479330999984, 0.0 ], [ 110.436177726000082, -8.099492655999931, 0.0 ], [ 110.436176203245537, -8.099494051958303, 0.0 ] ], [ [ 110.439235878314221, -8.099333965844338, 0.0 ], [ 110.439247865000084, -8.099318782999934, 0.0 ], [ 110.439262142000103, -8.099321161999953, 0.0 ], [ 110.439281178000087, -8.099356853999975, 0.0 ], [ 110.439304972000102, -8.099435375999988, 0.0 ], [ 110.439320519000063, -8.099494559999911, 0.0 ], [ 110.43940728900013, -8.099651906999963, 0.0 ], [ 110.439559575000033, -8.099728049999957, 0.0 ], [ 110.439652133000052, -8.099874239999973, 0.0 ], [ 110.439683716984547, -8.099929648544926, 0.0 ] ], [ [ 110.438064592377359, -8.099335246983888, 0.0 ], [ 110.43806987400005, -8.099334659999915, 0.0 ], [ 110.438105200000038, -8.099325642999968, 0.0 ], [ 110.438127672000036, -8.099335570999902, 0.0 ], [ 110.438155534000117, -8.099363213999968, 0.0 ], [ 110.438170763000045, -8.099382248999945, 0.0 ], [ 110.438189799000028, -8.099405091999969, 0.0 ], [ 110.43820693100011, -8.099427934999905, 0.0 ], [ 110.438231677000033, -8.099456487999959, 0.0 ], [ 110.438252616000071, -8.099471716999975, 0.0 ], [ 110.438269749000071, -8.099479330999984, 0.0 ], [ 110.438292591000092, -8.099481234999963, 0.0 ], [ 110.438347795000041, -8.09949646299998, 0.0 ], [ 110.438372541000049, -8.099515498999956, 0.0 ], [ 110.438401095000103, -8.099544052999921, 0.0 ], [ 110.438416323000027, -8.099572605999974, 0.0 ], [ 110.438420130000083, -8.099599255999959, 0.0 ], [ 110.438422034000055, -8.099624002999963, 0.0 ], [ 110.438422034000055, -8.099646844999899, 0.0 ], [ 110.438421918851716, -8.099647267203594, 0.0 ] ], [ [ 110.440293242000067, -8.099586154079166, 0.0 ], [ 110.440293242000067, -8.099561185, 0.0 ], [ 110.440293242000067, -8.099530727999973, 0.0 ], [ 110.440302760000066, -8.099490752999952, 0.0 ], [ 110.440323699000103, -8.099437452999982, 0.0 ], [ 110.4403408310001, -8.099361309999988, 0.0 ], [ 110.440349308108097, -8.09933117082057, 0.0 ] ], [ [ 110.437841746371973, -8.099358303814022, 0.0 ], [ 110.437866192000072, -8.099346080999972, 0.0 ], [ 110.43789474600004, -8.099340370999943, 0.0 ], [ 110.43790098081422, -8.099340937638857, 0.0 ] ], [ [ 110.436649457827016, -8.099538726620761, 0.0 ], [ 110.436673288000051, -8.099506759999944, 0.0 ], [ 110.436780364000114, -8.09943061699995, 0.0 ], [ 110.436851748000066, -8.099423478999981, 0.0 ], [ 110.436954065000094, -8.099506759999944, 0.0 ], [ 110.436992136000043, -8.099578143999988, 0.0 ], [ 110.437019077766294, -8.09959828271877, 0.0 ] ], [ [ 110.437365889727744, -8.099507426448174, 0.0 ], [ 110.437380950000062, -8.099500040999921, 0.0 ], [ 110.437414779000022, -8.099496986999934, 0.0 ], [ 110.437420757000069, -8.09949836699996, 0.0 ], [ 110.437441696000036, -8.09950027099994, 0.0 ], [ 110.437456925000049, -8.099509788000017, 0.0 ], [ 110.437484976000064, -8.099525779, 0.0 ] ], [ [ 110.440244432303956, -8.099776007494821, 0.0 ], [ 110.440245653000034, -8.099772480999903, 0.0 ], [ 110.440255171000032, -8.099747733999987, 0.0 ], [ 110.440268496000073, -8.099713469999905, 0.0 ], [ 110.44027611000007, -8.099694434999929, 0.0 ], [ 110.440292133981771, -8.099657045397581, 0.0 ] ], [ [ 110.436426024919541, -8.099979873161036, 0.0 ], [ 110.436447240000092, -8.099937442999963, 0.0 ], [ 110.436459137, -8.099877955999926, 0.0 ], [ 110.436468655000084, -8.09981133099992, 0.0 ], [ 110.436485311000041, -8.099763741999979, 0.0 ], [ 110.436508947000036, -8.099707759999966, 0.0 ], [ 110.436529887000091, -8.099684916999941, 0.0 ], [ 110.436546523984049, -8.099670359570634, 0.0 ] ], [ [ 110.436171353781944, -8.099717013094789, 0.0 ], [ 110.43617641796871, -8.099731529005751, 0.0 ] ], [ [ 110.438406552312216, -8.100507211638277, 0.0 ], [ 110.438425841000111, -8.100484416000011, 0.0 ], [ 110.438437263000068, -8.100455861999958, 0.0 ], [ 110.438458202000021, -8.100444441, 0.0 ], [ 110.438482948000029, -8.100444441, 0.0 ], [ 110.438524827000037, -8.100459669, 0.0 ], [ 110.438545766000075, -8.100471090999974, 0.0 ], [ 110.438585741000011, -8.100482511999942, 0.0 ], [ 110.438610487000105, -8.10049583699989, 0.0 ], [ 110.438631427000061, -8.100507257999947, 0.0 ], [ 110.438654269, -8.100511066, 0.0 ], [ 110.438688534000079, -8.100514872999955, 0.0 ], [ 110.438720894000085, -8.100511066, 0.0 ], [ 110.43874754400008, -8.100511066, 0.0 ], [ 110.438768484000036, -8.100501547999919, 0.0 ], [ 110.438774194000061, -8.100482511999942, 0.0 ], [ 110.438778001000017, -8.100450150999929, 0.0 ], [ 110.438778001000017, -8.100431115999953, 0.0 ], [ 110.438770387, -8.100413983999957, 0.0 ], [ 110.438755159, -8.100404465999969, 0.0 ], [ 110.438741834000041, -8.10039685099996, 0.0 ], [ 110.438738026000095, -8.100387333999972, 0.0 ], [ 110.438745641000096, -8.100368298, 0.0 ], [ 110.438757062000064, -8.100354972999959, 0.0 ], [ 110.438766580000049, -8.100337840999963, 0.0 ], [ 110.438766580000049, -8.100313093999958, 0.0 ], [ 110.438758966000051, -8.100292155, 0.0 ], [ 110.438751351000036, -8.100271215999957, 0.0 ], [ 110.438745641000096, -8.100244565999972, 0.0 ], [ 110.438743737000024, -8.100223626999927, 0.0 ], [ 110.438758966000051, -8.100191266, 0.0 ], [ 110.438772291000078, -8.10016652, 0.0 ], [ 110.438787519000101, -8.100145579999953, 0.0 ], [ 110.438804651000098, -8.100122737999929, 0.0 ], [ 110.438814169000082, -8.100097990999924, 0.0 ], [ 110.438844626000019, -8.100073245, 0.0 ], [ 110.438861525000092, -8.100045382999923, 0.0 ], [ 110.438875083000056, -8.100012330999942, 0.0 ], [ 110.438880794000085, -8.099981872999908, 0.0 ], [ 110.438888408000096, -8.099953319999944, 0.0 ], [ 110.438909348000053, -8.099911440999943, 0.0 ], [ 110.438928383000118, -8.09987908099993, 0.0 ], [ 110.438949323000074, -8.099844816999937, 0.0 ], [ 110.438983587000067, -8.099791516999968, 0.0 ], [ 110.439024148337111, -8.099743900832603, 0.0 ] ] ] } },
{ "type": "Feature", "properties": { "FID_Garis_": 2784, "OBJECTID": 33012, "NAMOBJ": "Garis Pantai", "FCODE": "DB02080140", "REMARK": null, "METADATA": null, "SRS_ID": "4326", "DTMVER": 2, "ELEVAS": 0.0, "KARGPN": 3, "TIPGPN": 4, "KODGPN": null, "THNSBDATA": "2025", "SBDATA": 6, "SKL": 6, "THNPBL": "2025", "KET": null, "SHAPE_Leng": 0.05685406428, "FID_Batas_": 4611, "OBJECTID_1": 4041.0, "NAMOBJ_1": "Giriwungu", "FCODE_1": "BA03070040", "REMARK_1": null, "METADATA_1": "TASWIL1000020221227_DATA_BATAS_DESAKELURAHAN", "SRS_ID_1": "4326", "KDBBPS": null, "KDCBPS": null, "KDCPUM": "34.03.06", "KDEBPS": null, "KDEPUM": "34.03.06.2004", "KDPBPS": null, "KDPKAB": "34.03", "KDPPUM": "34", "LUASWH": 0.0, "TIPADM": 1.0, "WADMKC": "Panggang", "WADMKD": "Giriwungu", "WADMKK": "Gunungkidul", "WADMPR": "Daerah Istimewa Yogyakarta", "WIADKC": null, "WIADKK": null, "WIADPR": null, "WIADKD": null, "UUPP": "Data dari Pemerintah Daerah", "LUAS": 11.18818229 }, "geometry": { "type": "MultiLineString", "coordinates": [ [ [ 110.408968197000021, -8.079371814999927, 0.0 ], [ 110.4091441140001, -8.07952642599993, 0.0 ], [ 110.409201221000018, -8.07957282599995, 0.0 ], [ 110.409333281000031, -8.079654917, 0.0 ], [ 110.40944749600007, -8.079765562, 0.0 ], [ 110.409540295000014, -8.079890483999943, 0.0 ], [ 110.409583125000012, -8.079990420999952, 0.0 ], [ 110.409604540000089, -8.080086788999932, 0.0 ], [ 110.409590263000069, -8.080325924999912, 0.0 ], [ 110.409568848000063, -8.080411585999983, 0.0 ], [ 110.409565279000034, -8.080529368999958, 0.0 ], [ 110.409593832, -8.080597182999973, 0.0 ], [ 110.409675924000041, -8.080714966999949, 0.0 ], [ 110.409736600000087, -8.080843457999922, 0.0 ], [ 110.409804415000025, -8.080982655999982, 0.0 ], [ 110.40988293700012, -8.081046901999969, 0.0 ], [ 110.409936475000023, -8.081104008999986, 0.0 ], [ 110.409993721000049, -8.081152603999922, 0.0 ], [ 110.410046545000071, -8.081156886999921, 0.0 ], [ 110.410096514000116, -8.081166879999948, 0.0 ], [ 110.410149338000053, -8.081181156999975, 0.0 ], [ 110.410386193000107, -8.081189668999968, 0.0 ], [ 110.410735974, -8.081189668999968, 0.0 ], [ 110.410910864000087, -8.081221791999962, 0.0 ], [ 110.411060770000049, -8.081300313999975, 0.0 ], [ 110.411192830000061, -8.081418097999951, 0.0 ], [ 110.41138556700011, -8.081510896999902, 0.0 ], [ 110.411660394000108, -8.081692924999953, 0.0 ], [ 110.411895961000056, -8.081821415999926, 0.0 ], [ 110.412142235, -8.081882091999972, 0.0 ], [ 110.412285003000093, -8.081907076999908, 0.0 ], [ 110.412823951000092, -8.08194276899993, 0.0 ], [ 110.413080932000042, -8.081874953999915, 0.0 ], [ 110.413234408000051, -8.081821415999926, 0.0 ], [ 110.413537789000102, -8.081778585999935, 0.0 ], [ 110.41383760100004, -8.081864245999917, 0.0 ], [ 110.414058891000053, -8.081882091999972, 0.0 ], [ 110.414212366000044, -8.081907076999908, 0.0 ], [ 110.414405103, -8.081971321999983, 0.0 ], [ 110.414472917000111, -8.08198916799995, 0.0 ], [ 110.414480056000087, -8.081996306999919, 0.0 ], [ 110.414558578000097, -8.082092674999988, 0.0 ], [ 110.414804852000131, -8.082410332999892, 0.0 ], [ 110.414976173000099, -8.082524546999927, 0.0 ], [ 110.415108551000031, -8.082655708999944, 0.0 ], [ 110.415129061000044, -8.082680802999977, 0.0 ], [ 110.415146341844618, -8.0826904193699, 0.0 ] ], [ [ 110.416276302984471, -8.082491247555925, 0.0 ], [ 110.41628638400006, -8.082486767, 0.0 ], [ 110.416343491000077, -8.082493905999968, 0.0 ], [ 110.416372045000031, -8.082503423999956, 0.0 ], [ 110.416412496000106, -8.082517699999894, 0.0 ], [ 110.416438670000048, -8.08253435699994, 0.0 ], [ 110.41646008500004, -8.082541494999909, 0.0 ], [ 110.416488638, -8.082558150999954, 0.0 ], [ 110.416512433000022, -8.08257956599995, 0.0 ], [ 110.416531469000091, -8.082603360999965, 0.0 ], [ 110.416540987000076, -8.082629535, 0.0 ], [ 110.416548125000048, -8.082660467999983, 0.0 ], [ 110.416550504000057, -8.082686641999928, 0.0 ], [ 110.416557643000033, -8.082719954999931, 0.0 ], [ 110.416548125000048, -8.082779440999968, 0.0 ], [ 110.416550504000057, -8.082812753999971, 0.0 ], [ 110.416548125000048, -8.082855583999962, 0.0 ], [ 110.416548125000048, -8.082905552999922, 0.0 ], [ 110.4165338480001, -8.082969798, 0.0 ], [ 110.416524330000115, -8.083003109999911, 0.0 ], [ 110.41650529500005, -8.083045941, 0.0 ], [ 110.416486259000067, -8.083060217999929, 0.0 ], [ 110.416474362000059, -8.083079252999905, 0.0 ], [ 110.416450567000055, -8.083107806999958, 0.0 ], [ 110.416436290000021, -8.083129221999954, 0.0 ], [ 110.416426772000037, -8.083155395999899, 0.0 ], [ 110.416421924012155, -8.08316388016971, 0.0 ] ], [ [ 110.416407909555005, -8.08320232279133, 0.0 ], [ 110.416408233000098, -8.083227842999943, 0.0 ], [ 110.416398915879157, -8.083242063474962, 0.0 ] ], [ [ 110.417728363572067, -8.083833042440105, 0.0 ], [ 110.41776728100011, -8.083809455999926, 0.0 ], [ 110.417793050752579, -8.083811296598267, 0.0 ] ], [ [ 110.416768375917101, -8.084194981723005, 0.0 ], [ 110.416812245000045, -8.084180943999932, 0.0 ], [ 110.41686697300004, -8.084164286999975, 0.0 ], [ 110.416912182000061, -8.084147630999929, 0.0 ], [ 110.416967829000043, -8.08412247899998, 0.0 ], [ 110.417033535000058, -8.084114319000015, 0.0 ], [ 110.417083504000018, -8.084107179999958, 0.0 ], [ 110.417431777000061, -8.084012899999973, 0.0 ], [ 110.417649498000046, -8.083880839999971, 0.0 ], [ 110.417667913114272, -8.08386967926781, 0.0 ] ], [ [ 110.418205343241254, -8.084006252405231, 0.0 ], [ 110.418270537000097, -8.084062867999933, 0.0 ], [ 110.418287033830921, -8.084104210886025, 0.0 ] ], [ [ 110.416215954416643, -8.084216396960056, 0.0 ], [ 110.416245933000084, -8.084204737999947, 0.0 ], [ 110.416317317000036, -8.084190462, 0.0 ], [ 110.416372045000031, -8.084190462, 0.0 ], [ 110.416426772000037, -8.08419284099994, 0.0 ], [ 110.416472257949621, -8.084196796335998, 0.0 ] ], [ [ 110.418645815883963, -8.085285407914746, 0.0 ], [ 110.418652758000093, -8.085293341999957, 0.0 ], [ 110.418664655000015, -8.085311187999924, 0.0 ], [ 110.418658707000048, -8.085337957, 0.0 ], [ 110.418652430681121, -8.085343827945515, 0.0 ] ], [ [ 110.420592914036106, -8.086366773630651, 0.0 ], [ 110.420608357000077, -8.086361427999957, 0.0 ], [ 110.420854632000029, -8.086393550999951, 0.0 ], [ 110.421000968000058, -8.086418534999975, 0.0 ], [ 110.421143736000062, -8.086489918999931, 0.0 ], [ 110.421293642000109, -8.086596993999908, 0.0 ], [ 110.421397149000057, -8.08667908599995, 0.0 ], [ 110.421464963000076, -8.086732623999939, 0.0 ], [ 110.421506014560094, -8.086776282051691, 0.0 ] ], [ [ 110.41882919751616, -8.08650655179143, 0.0 ], [ 110.418872858000015, -8.086521737999899, 0.0 ], [ 110.418926396000089, -8.08651578999994, 0.0 ], [ 110.418971011000053, -8.086527686999947, 0.0 ], [ 110.419018600000072, -8.086554455999941, 0.0 ], [ 110.419071352000088, -8.086597668999964, 0.0 ], [ 110.419277049000058, -8.08667908599995, 0.0 ], [ 110.419498339000071, -8.086736192999968, 0.0 ], [ 110.419637537000042, -8.08675047, 0.0 ], [ 110.419805289000067, -8.086736192999968, 0.0 ], [ 110.419885107813585, -8.086706871654172, 0.0 ] ], [ [ 110.424090350218719, -8.086829617012405, 0.0 ], [ 110.424131149000061, -8.086818283999921, 0.0 ], [ 110.424288194000084, -8.086843268999946, 0.0 ], [ 110.424388131000086, -8.086871822, 0.0 ], [ 110.42446665300011, -8.086896806999935, 0.0 ], [ 110.424559452000054, -8.086932497999957, 0.0 ], [ 110.42477987000008, -8.08703332299995, 0.0 ], [ 110.424827460000117, -8.087057116999965, 0.0 ], [ 110.424886946000058, -8.087086859999939, 0.0 ], [ 110.424922638000083, -8.087134449999969, 0.0 ], [ 110.424961304000078, -8.08717608999995, 0.0 ], [ 110.425005919000043, -8.087202858999945, 0.0 ], [ 110.425047560000024, -8.087241524999946, 0.0 ], [ 110.425086226000118, -8.087283165999928, 0.0 ], [ 110.425127866000096, -8.08732183199993, 0.0 ], [ 110.425169507000078, -8.087363472999911, 0.0 ], [ 110.425234942000074, -8.087437830999935, 0.0 ], [ 110.425264685000059, -8.087488393999944, 0.0 ], [ 110.425275958492421, -8.087512193875703, 0.0 ] ], [ [ 110.423720829038217, -8.086983898748414, 0.0 ], [ 110.423777799000035, -8.086943205999955, 0.0 ], [ 110.423916985671923, -8.086887973046277, 0.0 ] ], [ [ 110.422131428258609, -8.087561360720343, 0.0 ], [ 110.422150248000023, -8.087574952999912, 0.0 ], [ 110.422210924000069, -8.087603505999965, 0.0 ], [ 110.422328708000038, -8.087642767999927, 0.0 ], [ 110.422471475000037, -8.087664182999923, 0.0 ], [ 110.422628520000075, -8.087667751999952, 0.0 ], [ 110.422717750000089, -8.087789103999956, 0.0 ], [ 110.422853379000031, -8.087860487999912, 0.0 ], [ 110.42292478546014, -8.087878340150869, 0.0 ] ], [ [ 110.423166957092675, -8.087750190782064, 0.0 ], [ 110.423167468000074, -8.087746273999965, 0.0 ], [ 110.423146053000082, -8.087721289999941, 0.0 ], [ 110.423163898000041, -8.087660612999983, 0.0 ], [ 110.423204971017299, -8.087631320162671, 0.0 ] ], [ [ 110.426923697437701, -8.08835274860499, 0.0 ], [ 110.426949984000046, -8.088355752999945, 0.0 ], [ 110.426974923000074, -8.088368794999958, 0.0 ], [ 110.427001692000061, -8.088398538000021, 0.0 ], [ 110.427037384000087, -8.088434229999955, 0.0 ], [ 110.42707605, -8.088466948, 0.0 ], [ 110.427114716000091, -8.088493717, 0.0 ], [ 110.427186100000043, -8.088514536999938, 0.0 ], [ 110.427298021206752, -8.088527174319751, 0.0 ] ], [ [ 110.427925796881752, -8.088553661617706, 0.0 ], [ 110.428166417238899, -8.08848127857317, 0.0 ] ], [ [ 110.428683812864975, -8.088487511384148, 0.0 ], [ 110.428728268000015, -8.088488665999929, 0.0 ], [ 110.428992388000012, -8.088567187999942, 0.0 ], [ 110.429338600000065, -8.088749216999904, 0.0 ], [ 110.429567028000051, -8.088731370999938, 0.0 ], [ 110.429816871000114, -8.088731370999938, 0.0 ], [ 110.430038161000127, -8.088827738999917, 0.0 ], [ 110.430209483000084, -8.088927675999926, 0.0 ], [ 110.430327266000063, -8.088999059999971, 0.0 ], [ 110.430441480000098, -8.089052597999959, 0.0 ], [ 110.430528011222734, -8.089083845367231, 0.0 ] ], [ [ 110.430827447397078, -8.089242853400727, 0.0 ], [ 110.430859075000015, -8.08926675, 0.0 ], [ 110.430962582000049, -8.089377394999921, 0.0 ], [ 110.431073227000056, -8.089509454999924, 0.0 ], [ 110.431123196000016, -8.0895737, 0.0 ], [ 110.431198149000096, -8.089677206999948, 0.0 ], [ 110.43136947000005, -8.089862804999939, 0.0 ], [ 110.431472976000094, -8.089987725999972, 0.0 ], [ 110.431505099000091, -8.090091232999921, 0.0 ], [ 110.431580052000072, -8.090248276999947, 0.0 ], [ 110.431615744000098, -8.090376767999921, 0.0 ], [ 110.431669282000087, -8.090490981999956, 0.0 ], [ 110.431722820000076, -8.09056593499994, 0.0 ], [ 110.431769219, -8.090637318999896, 0.0 ], [ 110.431851311000045, -8.090812209999978, 0.0 ], [ 110.431883433000039, -8.090937131000011, 0.0 ], [ 110.431947679000118, -8.0910442069999, 0.0 ], [ 110.43196909400011, -8.091101313999918, 0.0 ], [ 110.432036909000033, -8.091254788999915, 0.0 ], [ 110.432119, -8.091347587999955, 0.0 ], [ 110.432243922000026, -8.091454663999933, 0.0 ], [ 110.432354567000033, -8.091547462999884, 0.0 ], [ 110.43255444100005, -8.091658107999891, 0.0 ], [ 110.43274360900007, -8.091740198999933, 0.0 ], [ 110.432829269000052, -8.09179730599995, 0.0 ], [ 110.433004159000035, -8.091972196999944, 0.0 ], [ 110.433079113000119, -8.092061426999955, 0.0 ], [ 110.433179050000035, -8.092214901999952, 0.0 ], [ 110.433257572000045, -8.092304131999963, 0.0 ], [ 110.433339663000083, -8.092389791999945, 0.0 ], [ 110.433461016000095, -8.092493298999983, 0.0 ], [ 110.43357523000013, -8.092589666999963, 0.0 ], [ 110.433700152000071, -8.092661050999919, 0.0 ], [ 110.433746551000098, -8.092718157999936, 0.0 ], [ 110.43376796600009, -8.092760987999927, 0.0 ], [ 110.433766321264542, -8.09282416045777, 0.0 ] ] ] } },
{ "type": "Feature", "properties": { "FID_Garis_": 2785, "OBJECTID": 33013, "NAMOBJ": "Garis Pantai", "FCODE": "DB02080140", "REMARK": null, "METADATA": null, "SRS_ID": "4326", "DTMVER": 2, "ELEVAS": 0.0, "KARGPN": 5, "TIPGPN": 4, "KODGPN": null, "THNSBDATA": "2025", "SBDATA": 6, "SKL": 6, "THNPBL": "2025", "KET": null, "SHAPE_Leng": 0.00058908428, "FID_Batas_": 4603, "OBJECTID_1": 4033.0, "NAMOBJ_1": "Girikarto", "FCODE_1": "BA03070040", "REMARK_1": null, "METADATA_1": "TASWIL1000020221227_DATA_BATAS_DESAKELURAHAN", "SRS_ID_1": "4326", "KDBBPS": null, "KDCBPS": null, "KDCPUM": "34.03.06", "KDEBPS": null, "KDEPUM": "34.03.06.2001", "KDPBPS": null, "KDPKAB": "34.03", "KDPPUM": "34", "LUASWH": 0.0, "TIPADM": 1.0, "WADMKC": "Panggang", "WADMKD": "Girikarto", "WADMKK": "Gunungkidul", "WADMPR": "Daerah Istimewa Yogyakarta", "WIADKC": null, "WIADKK": null, "WIADPR": null, "WIADKD": null, "UUPP": "Data dari Pemerintah Daerah", "LUAS": 13.88810543 }, "geometry": { "type": "MultiLineString", "coordinates": [ [ [ 110.440780695165728, -8.098839169512964, 0.0 ], [ 110.440791977000032, -8.098845442999938, 0.0 ], [ 110.440809109000028, -8.098866381999894, 0.0 ], [ 110.440824338000056, -8.098891128999988, 0.0 ], [ 110.440828145000097, -8.098904453999936, 0.0 ], [ 110.440830049000084, -8.09893110299992, 0.0 ], [ 110.440831952000053, -8.098950138999985, 0.0 ], [ 110.440845277000093, -8.098999632, 0.0 ] ] ] } },
{ "type": "Feature", "properties": { "FID_Garis_": 2786, "OBJECTID": 33014, "NAMOBJ": "Garis Pantai", "FCODE": "DB02080140", "REMARK": null, "METADATA": null, "SRS_ID": "4326", "DTMVER": 2, "ELEVAS": 0.0, "KARGPN": 5, "TIPGPN": 4, "KODGPN": null, "THNSBDATA": "2025", "SBDATA": 6, "SKL": 6, "THNPBL": "2025", "KET": null, "SHAPE_Leng": 0.00043899466, "FID_Batas_": 4611, "OBJECTID_1": 4041.0, "NAMOBJ_1": "Giriwungu", "FCODE_1": "BA03070040", "REMARK_1": null, "METADATA_1": "TASWIL1000020221227_DATA_BATAS_DESAKELURAHAN", "SRS_ID_1": "4326", "KDBBPS": null, "KDCBPS": null, "KDCPUM": "34.03.06", "KDEBPS": null, "KDEPUM": "34.03.06.2004", "KDPBPS": null, "KDPKAB": "34.03", "KDPPUM": "34", "LUASWH": 0.0, "TIPADM": 1.0, "WADMKC": "Panggang", "WADMKD": "Giriwungu", "WADMKK": "Gunungkidul", "WADMPR": "Daerah Istimewa Yogyakarta", "WIADKC": null, "WIADKK": null, "WIADPR": null, "WIADKD": null, "UUPP": "Data dari Pemerintah Daerah", "LUAS": 11.18818229 }, "geometry": { "type": "MultiLineString", "coordinates": [ [ [ 110.408801374610249, -8.079141051041052, 0.0 ], [ 110.408847871, -8.079094553999902, 0.0 ], [ 110.408887132000061, -8.079105260999899, 0.0 ], [ 110.408947258000069, -8.07916242200001, 0.0 ], [ 110.408956776000053, -8.079175746999958, 0.0 ], [ 110.408962777000013, -8.079196625999909, 0.0 ], [ 110.408972004000063, -8.079257600999981, 0.0 ], [ 110.408966294000038, -8.079301382999962, 0.0 ], [ 110.408966294000038, -8.079318514999958, 0.0 ], [ 110.408968197000021, -8.079371814999927, 0.0 ] ] ] } },
{ "type": "Feature", "properties": { "FID_Garis_": 2787, "OBJECTID": 33015, "NAMOBJ": "Garis Pantai", "FCODE": "DB02080140", "REMARK": null, "METADATA": null, "SRS_ID": "4326", "DTMVER": 2, "ELEVAS": 0.0, "KARGPN": 3, "TIPGPN": 4, "KODGPN": null, "THNSBDATA": "2025", "SBDATA": 6, "SKL": 6, "THNPBL": "2025", "KET": null, "SHAPE_Leng": 0.03459572152, "FID_Batas_": 4607, "OBJECTID_1": 4037.0, "NAMOBJ_1": "Giripurwo", "FCODE_1": "BA03070040", "REMARK_1": null, "METADATA_1": "TASWIL1000020221227_DATA_BATAS_DESAKELURAHAN", "SRS_ID_1": "4326", "KDBBPS": null, "KDCBPS": null, "KDCPUM": "34.03.18", "KDEBPS": null, "KDEPUM": "34.03.18.2001", "KDPBPS": null, "KDPKAB": "34.03", "KDPPUM": "34", "LUASWH": 0.0, "TIPADM": 1.0, "WADMKC": "Purwosari", "WADMKD": "Giripurwo", "WADMKK": "Gunungkidul", "WADMPR": "Daerah Istimewa Yogyakarta", "WIADKC": null, "WIADKK": null, "WIADPR": null, "WIADKD": null, "UUPP": "Data dari Pemerintah Daerah", "LUAS": 26.52539002 }, "geometry": { "type": "MultiLineString", "coordinates": [ [ [ 110.383380955562018, -8.072129942223718, 0.0 ], [ 110.383553011000089, -8.072070384999943, 0.0 ], [ 110.383820700000044, -8.071963308999965, 0.0 ], [ 110.384124082000099, -8.071902633, 0.0 ], [ 110.384316818000059, -8.071888355999892, 0.0 ], [ 110.384513124000051, -8.071916909999945, 0.0 ], [ 110.384770105000086, -8.071906201999948, 0.0 ], [ 110.385030656000055, -8.071949031999939, 0.0 ], [ 110.385234100000019, -8.071988293999901, 0.0 ], [ 110.385422981, -8.072061334999905, 0.0 ], [ 110.385458672000112, -8.072064904999934, 0.0 ], [ 110.385698095000038, -8.072056108, 0.0 ], [ 110.385987200000059, -8.072070384999943, 0.0 ], [ 110.386276304, -8.072095368999967, 0.0 ], [ 110.386586824000034, -8.072098938999908, 0.0 ], [ 110.386694873593825, -8.072113032120001, 0.0 ] ], [ [ 110.380889374000063, -8.071925535999949, 0.0 ], [ 110.38110692500004, -8.071957360999917, 0.0 ], [ 110.381425773000032, -8.072048969999948, 0.0 ], [ 110.381629217000082, -8.072113214999934, 0.0 ], [ 110.381733248011273, -8.072131420563569, 0.0 ] ], [ [ 110.38220585613243, -8.072196975188408, 0.0 ], [ 110.382300225000094, -8.072213152999943, 0.0 ], [ 110.382542573662832, -8.07222392397339, 0.0 ] ], [ [ 110.38737632301553, -8.072394268369756, 0.0 ], [ 110.387378021000032, -8.072395811999957, 0.0 ], [ 110.387410144000029, -8.072427934999951, 0.0 ], [ 110.387449405000069, -8.072467195999913, 0.0 ], [ 110.387481528000066, -8.072492180999937, 0.0 ], [ 110.387524358000064, -8.072538579999957, 0.0 ], [ 110.387563619000019, -8.072577840999919, 0.0 ], [ 110.387599311000045, -8.072606394999973, 0.0 ], [ 110.387627864000095, -8.072642087, 0.0 ], [ 110.387670695000082, -8.072709900999921, 0.0 ], [ 110.38768854100006, -8.072734885999946, 0.0 ], [ 110.38771352500008, -8.072774147, 0.0 ], [ 110.387749217000106, -8.072795562, 0.0 ], [ 110.387774201000042, -8.072845530999953, 0.0 ], [ 110.387784909000032, -8.072881221999975, 0.0 ], [ 110.387785735178895, -8.072899399091451, 0.0 ] ], [ [ 110.388581720072892, -8.073170621321371, 0.0 ], [ 110.388660524000016, -8.072905575999947, 0.0 ], [ 110.388731908000054, -8.072802069, 0.0 ], [ 110.388821138000068, -8.072773515999945, 0.0 ], [ 110.388931783000075, -8.072802069, 0.0 ], [ 110.389117381000062, -8.072919852999974, 0.0 ], [ 110.389338671000075, -8.073066189, 0.0 ], [ 110.389477869000046, -8.073216094999971, 0.0 ], [ 110.389895464000048, -8.073473076999917, 0.0 ], [ 110.390123893000037, -8.073519476999937, 0.0 ], [ 110.390359459000067, -8.073669383, 0.0 ], [ 110.390602164000086, -8.073858549999926, 0.0 ], [ 110.390901976000109, -8.074144084999926, 0.0 ], [ 110.391023329000021, -8.074511711999968, 0.0 ], [ 110.391101851000116, -8.074654479999968, 0.0 ], [ 110.391144681000114, -8.074847215999927, 0.0 ], [ 110.391212496000037, -8.075104197999963, 0.0 ], [ 110.391316003000071, -8.075386163999934, 0.0 ], [ 110.39143378600005, -8.07549680899994, 0.0 ], [ 110.391672922000026, -8.075582468999922, 0.0 ], [ 110.391787136000062, -8.07563957599994, 0.0 ], [ 110.391915627000046, -8.075739513999949, 0.0 ], [ 110.391965596, -8.075835882000018, 0.0 ], [ 110.392158332000051, -8.075964373, 0.0 ], [ 110.392418883000033, -8.075978649999929, 0.0 ], [ 110.392611619000078, -8.076010771999922, 0.0 ], [ 110.392693711000021, -8.076032187999918, 0.0 ], [ 110.392765094000069, -8.076064309999911, 0.0 ], [ 110.392911431000101, -8.076128555999986, 0.0 ], [ 110.393057768000034, -8.07621064699994, 0.0 ], [ 110.393196967, -8.076378398999964, 0.0 ], [ 110.393396841000111, -8.076496181999939, 0.0 ], [ 110.393653823000065, -8.076592551, 0.0 ], [ 110.393800160000097, -8.076660364999935, 0.0 ], [ 110.393978620000027, -8.076738886999948, 0.0 ], [ 110.394107110000093, -8.076771009999941, 0.0 ], [ 110.394221325000032, -8.076795994999966, 0.0 ], [ 110.394314124000076, -8.076810270999903, 0.0 ], [ 110.394652493000095, -8.076765187, 0.0 ], [ 110.394777832000074, -8.076722698999941, 0.0 ], [ 110.394895615000053, -8.076694145999976, 0.0 ], [ 110.394946865000023, -8.076680629999924, 0.0 ], [ 110.395108890000103, -8.076664564999927, 0.0 ], [ 110.39519098100007, -8.076671703999985, 0.0 ], [ 110.395290919000075, -8.07669311899998, 0.0 ], [ 110.395330180000116, -8.076707395999918, 0.0 ], [ 110.395377438706845, -8.076718515145878, 0.0 ] ], [ [ 110.388007202152181, -8.07311064169042, 0.0 ], [ 110.388024045000108, -8.073109650999957, 0.0 ], [ 110.388067959000097, -8.07308405299997, 0.0 ], [ 110.388113122000021, -8.073092102999926, 0.0 ], [ 110.388152679132872, -8.073149474098553, 0.0 ] ], [ [ 110.396012472267699, -8.076473791484364, 0.0 ], [ 110.396041612, -8.076456920999888, 0.0 ], [ 110.396248625000084, -8.076403382999988, 0.0 ], [ 110.39639853100006, -8.076449782999919, 0.0 ], [ 110.396505607000037, -8.076528304999933, 0.0 ], [ 110.396544868, -8.076599688999977, 0.0 ], [ 110.396571673464152, -8.076628212450068, 0.0 ] ], [ [ 110.396719904491434, -8.076792798079993, 0.0 ], [ 110.396745583000083, -8.076824189999989, 0.0 ], [ 110.396794865000075, -8.076924305999924, 0.0 ], [ 110.396799786250511, -8.076966628373885, 0.0 ] ], [ [ 110.401333713570935, -8.077475993290708, 0.0 ], [ 110.401366846000087, -8.07748841799997, 0.0 ], [ 110.401452507000073, -8.077559801999925, 0.0 ], [ 110.401580997000039, -8.077616908999943, 0.0 ], [ 110.401691642000046, -8.077620477999972, 0.0 ], [ 110.401841548000021, -8.077584785999949, 0.0 ], [ 110.401948624000084, -8.077559801999925, 0.0 ], [ 110.402210668237686, -8.077636667918089, 0.0 ] ], [ [ 110.399684303531359, -8.077943640072895, 0.0 ], [ 110.399746433000047, -8.077888167, 0.0 ], [ 110.399949877, -8.077870320999949, 0.0 ], [ 110.400131906000041, -8.077852474999894, 0.0 ], [ 110.40044242500008, -8.077809644999903, 0.0 ], [ 110.400672562209621, -8.077789109405877, 0.0 ] ], [ [ 110.397254192899169, -8.078051884196427, 0.0 ], [ 110.397333660000072, -8.078098748999931, 0.0 ], [ 110.397544242, -8.078141579999922, 0.0 ], [ 110.397836916000045, -8.078170132999976, 0.0 ], [ 110.398043929000039, -8.078216532999907, 0.0 ], [ 110.39826164900002, -8.078277208999953, 0.0 ], [ 110.398543615000079, -8.078394991999929, 0.0 ], [ 110.398707798000075, -8.078505636999935, 0.0 ], [ 110.398900535000038, -8.078591297999917, 0.0 ], [ 110.398974324000022, -8.078559805999888, 0.0 ], [ 110.399017154, -8.078467006999936, 0.0 ], [ 110.399059985000093, -8.078409899999919, 0.0 ], [ 110.399159922000095, -8.078317100999968, 0.0 ], [ 110.399192045000092, -8.078288547999914, 0.0 ], [ 110.399234875000076, -8.078263562999979, 0.0 ], [ 110.399263429000044, -8.078227870999957, 0.0 ], [ 110.399363366000046, -8.07816362599997, 0.0 ], [ 110.399406196000044, -8.078152917999972, 0.0 ], [ 110.399646496000031, -8.077977396999927, 0.0 ], [ 110.399656633220161, -8.077968345856181, 0.0 ] ], [ [ 110.403043100568652, -8.078839083638236, 0.0 ], [ 110.403137165000103, -8.078887541, 0.0 ], [ 110.403351316000055, -8.078944647999933, 0.0 ], [ 110.40356903700004, -8.079019601, 0.0 ], [ 110.403793896000082, -8.079055292999939, 0.0 ], [ 110.403915249000093, -8.079108830999928, 0.0 ], [ 110.403972356000025, -8.079148091999979, 0.0 ], [ 110.404036601000087, -8.079237321999901, 0.0 ], [ 110.404068724000084, -8.079308704999946, 0.0 ], [ 110.40410084700008, -8.079365811999963, 0.0 ], [ 110.404100159908097, -8.079420962345143, 0.0 ] ], [ [ 110.404254358381024, -8.079767466835133, 0.0 ], [ 110.404389951000013, -8.079790545999934, 0.0 ], [ 110.404435958603443, -8.079775210132158, 0.0 ] ] ] } },
{ "type": "Feature", "properties": { "FID_Garis_": 2787, "OBJECTID": 33015, "NAMOBJ": "Garis Pantai", "FCODE": "DB02080140", "REMARK": null, "METADATA": null, "SRS_ID": "4326", "DTMVER": 2, "ELEVAS": 0.0, "KARGPN": 3, "TIPGPN": 4, "KODGPN": null, "THNSBDATA": "2025", "SBDATA": 6, "SKL": 6, "THNPBL": "2025", "KET": null, "SHAPE_Leng": 0.03459572152, "FID_Batas_": 4611, "OBJECTID_1": 4041.0, "NAMOBJ_1": "Giriwungu", "FCODE_1": "BA03070040", "REMARK_1": null, "METADATA_1": "TASWIL1000020221227_DATA_BATAS_DESAKELURAHAN", "SRS_ID_1": "4326", "KDBBPS": null, "KDCBPS": null, "KDCPUM": "34.03.06", "KDEBPS": null, "KDEPUM": "34.03.06.2004", "KDPBPS": null, "KDPKAB": "34.03", "KDPPUM": "34", "LUASWH": 0.0, "TIPADM": 1.0, "WADMKC": "Panggang", "WADMKD": "Giriwungu", "WADMKK": "Gunungkidul", "WADMPR": "Daerah Istimewa Yogyakarta", "WIADKC": null, "WIADKK": null, "WIADPR": null, "WIADKD": null, "UUPP": "Data dari Pemerintah Daerah", "LUAS": 11.18818229 }, "geometry": { "type": "MultiLineString", "coordinates": [ [ [ 110.407461176921686, -8.07904024372851, 0.0 ], [ 110.40748444000009, -8.079023169999946, 0.0 ], [ 110.407652192000029, -8.07904815399997, 0.0 ], [ 110.407812806000081, -8.079108830999928, 0.0 ], [ 110.407955573000081, -8.079173076, 0.0 ], [ 110.408191140000028, -8.07919449099991, 0.0 ], [ 110.408262524000065, -8.07919092199997, 0.0 ], [ 110.408362461000081, -8.079162368999917, 0.0 ], [ 110.408483814000078, -8.079158798999977, 0.0 ], [ 110.408583751, -8.079187352999941, 0.0 ], [ 110.40862715332112, -8.079195244481809, 0.0 ] ], [ [ 110.405464926835833, -8.079154392462442, 0.0 ], [ 110.405467742000027, -8.079156503999965, 0.0 ], [ 110.405493441000019, -8.079167925000021, 0.0 ], [ 110.405512, -8.0791836289999, 0.0 ], [ 110.405526277000064, -8.079202188999925, 0.0 ], [ 110.405537054752628, -8.079217278004549, 0.0 ] ] ] } },
{ "type": "Feature", "properties": { "FID_Garis_": 2788, "OBJECTID": 33016, "NAMOBJ": "Garis Pantai", "FCODE": "DB02080140", "REMARK": null, "METADATA": null, "SRS_ID": "4326", "DTMVER": 2, "ELEVAS": 0.0, "KARGPN": 3, "TIPGPN": 4, "KODGPN": null, "THNSBDATA": "2025", "SBDATA": 6, "SKL": 6, "THNPBL": "2025", "KET": null, "SHAPE_Leng": 0.05782683193, "FID_Batas_": 4601, "OBJECTID_1": 4031.0, "NAMOBJ_1": "Giricahyo", "FCODE_1": "BA03070040", "REMARK_1": null, "METADATA_1": "TASWIL1000020221227_DATA_BATAS_DESAKELURAHAN", "SRS_ID_1": "4326", "KDBBPS": null, "KDCBPS": null, "KDCPUM": "34.03.18", "KDEBPS": null, "KDEPUM": "34.03.18.2002", "KDPBPS": null, "KDPKAB": "34.03", "KDPPUM": "34", "LUASWH": 0.0, "TIPADM": 1.0, "WADMKC": "Purwosari", "WADMKD": "Giricahyo", "WADMKK": "Gunungkidul", "WADMPR": "Daerah Istimewa Yogyakarta", "WIADKC": null, "WIADKK": null, "WIADPR": null, "WIADKD": null, "UUPP": "Data dari Pemerintah Daerah", "LUAS": 16.36313372 }, "geometry": { "type": "MultiLineString", "coordinates": [ [ [ 110.347071115000048, -8.035041212999907, 0.0 ], [ 110.347006870000058, -8.035362439999929, 0.0 ], [ 110.346976896000058, -8.035572310999974, 0.0 ], [ 110.347121084, -8.036354674999959, 0.0 ], [ 110.347299543000119, -8.036604518999937, 0.0 ], [ 110.347627909000011, -8.037475400999963, 0.0 ], [ 110.34789916700008, -8.038381975999922, 0.0 ], [ 110.348130895475236, -8.038913019379681, 0.0 ] ], [ [ 110.348615441738531, -8.040764326331686, 0.0 ], [ 110.348615049000074, -8.040769824999963, 0.0 ], [ 110.348607910000013, -8.040834070999949, 0.0 ], [ 110.348622187000046, -8.040862623999914, 0.0 ], [ 110.348615049000074, -8.040901884999965, 0.0 ], [ 110.348593633000078, -8.040916162, 0.0 ], [ 110.348580469075898, -8.040916162, 0.0 ] ], [ [ 110.35075860325594, -8.043612568847571, 0.0 ], [ 110.350775495000036, -8.043631796999975, 0.0 ], [ 110.350838940000045, -8.043710647999927, 0.0 ], [ 110.35087056900008, -8.043757924000019, 0.0 ], [ 110.350883924326183, -8.043783778687388, 0.0 ] ], [ [ 110.351057821157951, -8.044396710790149, 0.0 ], [ 110.351084929000052, -8.044421107999913, 0.0 ], [ 110.351120621000078, -8.044460368999964, 0.0 ], [ 110.351145605000013, -8.044492491999957, 0.0 ], [ 110.351197389919577, -8.044547498027246, 0.0 ] ], [ [ 110.351954664644097, -8.046388946496155, 0.0 ], [ 110.352070869000016, -8.046527497999936, 0.0 ], [ 110.352262081000021, -8.046683152999936, 0.0 ], [ 110.352336587000053, -8.046760021999901, 0.0 ], [ 110.352387056000055, -8.046826840999923, 0.0 ], [ 110.352418677000102, -8.046893806999957, 0.0 ], [ 110.35246977500006, -8.046998063999968, 0.0 ], [ 110.352788960000098, -8.047240708999972, 0.0 ], [ 110.353010250000111, -8.047797502999945, 0.0 ], [ 110.353115880000061, -8.048139541999912, 0.0 ], [ 110.353681258000023, -8.048796876999944, 0.0 ], [ 110.353881132000055, -8.049246594999939, 0.0 ], [ 110.354302297000075, -8.049639205999917, 0.0 ], [ 110.354694908000056, -8.050196, 0.0 ], [ 110.354887644000101, -8.050610025999951, 0.0 ], [ 110.355171138827359, -8.051407766484822, 0.0 ] ], [ [ 110.35545889796353, -8.052166813038255, 0.0 ], [ 110.355622898, -8.052515974, 0.0 ], [ 110.355695474000072, -8.052816628999917, 0.0 ], [ 110.355733801000042, -8.052876522999988, 0.0 ], [ 110.355749862000039, -8.052912214999921, 0.0 ], [ 110.355764139000058, -8.052938982999915, 0.0 ], [ 110.355835523000025, -8.053001443999932, 0.0 ], [ 110.355892630000127, -8.053029997999985, 0.0 ], [ 110.356028217000059, -8.053096318999966, 0.0 ] ], [ [ 110.356292884258039, -8.053250967831396, 0.0 ], [ 110.356532358000038, -8.053398191999985, 0.0 ], [ 110.356774247000061, -8.053538823999897, 0.0 ], [ 110.356880051000104, -8.053613028, 0.0 ], [ 110.35697549000011, -8.053698241999943, 0.0 ], [ 110.357021289000073, -8.053763006999972, 0.0 ], [ 110.357046669000042, -8.053860429999951, 0.0 ], [ 110.357046669000042, -8.053926018795146, 0.0 ] ], [ [ 110.359514599052545, -8.05654382643425, 0.0 ], [ 110.359572750000069, -8.056608221000019, 0.0 ], [ 110.359644615000065, -8.056708030999928, 0.0 ], [ 110.359797037030262, -8.05685119395422, 0.0 ] ], [ [ 110.360833665965572, -8.057335161695214, 0.0 ], [ 110.361506044000066, -8.057392156999956, 0.0 ], [ 110.362010401000049, -8.057699197999959, 0.0 ], [ 110.36227452200005, -8.057791997, 0.0 ], [ 110.362395874000057, -8.057999009999985, 0.0 ], [ 110.362362119722462, -8.058144420124904, 0.0 ] ], [ [ 110.362987508000074, -8.058711957999911, 0.0 ], [ 110.363101130000061, -8.05878934, 0.0 ], [ 110.363128719521484, -8.058802258349953, 0.0 ] ], [ [ 110.363888580371537, -8.059222449439964, 0.0 ], [ 110.364096158000052, -8.059347407, 0.0 ], [ 110.364517323000086, -8.059640080999966, 0.0 ], [ 110.364795720000117, -8.059804262999961, 0.0 ], [ 110.365102670000027, -8.05995416999993, 0.0 ], [ 110.365481005000063, -8.059997, 0.0 ], [ 110.365683794353103, -8.060055016001346, 0.0 ] ], [ [ 110.365820678567815, -8.060091529674764, 0.0 ], [ 110.365993619000022, -8.060104832999961, 0.0 ], [ 110.366024932427422, -8.060150640070898, 0.0 ] ], [ [ 110.367611139797589, -8.060802893504206, 0.0 ], [ 110.367949536000111, -8.060718733999952, 0.0 ], [ 110.368056612000089, -8.060533135999961, 0.0 ], [ 110.368227933000057, -8.060418921999926, 0.0 ], [ 110.368377839000033, -8.060533135999961, 0.0 ], [ 110.368570575000078, -8.06072587200001, 0.0 ], [ 110.368670513000083, -8.060875778999979, 0.0 ], [ 110.368663374000022, -8.061061375999969, 0.0 ], [ 110.368613406000065, -8.061211282999938, 0.0 ], [ 110.368663374000022, -8.061346911999969, 0.0 ], [ 110.368791865000091, -8.061525371, 0.0 ], [ 110.368870387000101, -8.061653861999964, 0.0 ], [ 110.368756173000065, -8.061803767999933, 0.0 ], [ 110.368635574000038, -8.061990758999951, 0.0 ], [ 110.368705762176546, -8.062311706369165, 0.0 ] ], [ [ 110.366544357926387, -8.06062542763101, 0.0 ], [ 110.366583548000065, -8.060637134999951, 0.0 ], [ 110.366596556065801, -8.060645412611436, 0.0 ] ], [ [ 110.368921041226869, -8.063029210321684, 0.0 ], [ 110.36903592000003, -8.06326637899998, 0.0 ], [ 110.369149575269404, -8.063502663116964, 0.0 ] ], [ [ 110.369734314176213, -8.064630158832866, 0.0 ], [ 110.37039221200007, -8.064965313999952, 0.0 ], [ 110.370827654000038, -8.065193742999934, 0.0 ], [ 110.371120327000099, -8.065379340999925, 0.0 ], [ 110.3713844480001, -8.065629183999903, 0.0 ], [ 110.371425509107411, -8.065729556341275, 0.0 ] ], [ [ 110.372321901280444, -8.067442598378829, 0.0 ], [ 110.372435830103711, -8.067717926534659, 0.0 ] ] ] } },
{ "type": "Feature", "properties": { "FID_Garis_": 2788, "OBJECTID": 33016, "NAMOBJ": "Garis Pantai", "FCODE": "DB02080140", "REMARK": null, "METADATA": null, "SRS_ID": "4326", "DTMVER": 2, "ELEVAS": 0.0, "KARGPN": 3, "TIPGPN": 4, "KODGPN": null, "THNSBDATA": "2025", "SBDATA": 6, "SKL": 6, "THNPBL": "2025", "KET": null, "SHAPE_Leng": 0.05782683193, "FID_Batas_": 4607, "OBJECTID_1": 4037.0, "NAMOBJ_1": "Giripurwo", "FCODE_1": "BA03070040", "REMARK_1": null, "METADATA_1": "TASWIL1000020221227_DATA_BATAS_DESAKELURAHAN", "SRS_ID_1": "4326", "KDBBPS": null, "KDCBPS": null, "KDCPUM": "34.03.18", "KDEBPS": null, "KDEPUM": "34.03.18.2001", "KDPBPS": null, "KDPKAB": "34.03", "KDPPUM": "34", "LUASWH": 0.0, "TIPADM": 1.0, "WADMKC": "Purwosari", "WADMKD": "Giripurwo", "WADMKK": "Gunungkidul", "WADMPR": "Daerah Istimewa Yogyakarta", "WIADKC": null, "WIADKK": null, "WIADPR": null, "WIADKD": null, "UUPP": "Data dari Pemerintah Daerah", "LUAS": 26.52539002 }, "geometry": { "type": "MultiLineString", "coordinates": [ [ [ 110.375399939997237, -8.071314206083837, 0.0 ], [ 110.37540216700009, -8.071314905999962, 0.0 ], [ 110.375509243000067, -8.071350597999984, 0.0 ], [ 110.375683440000088, -8.07139812799992, 0.0 ], [ 110.375758393000069, -8.071380281999954, 0.0 ], [ 110.375808362000029, -8.071355297999929, 0.0 ], [ 110.375847623000084, -8.071330314, 0.0 ], [ 110.375897592000044, -8.07130175999994, 0.0 ], [ 110.375940422000042, -8.071287482999914, 0.0 ], [ 110.375979683000082, -8.071276775999916, 0.0 ], [ 110.376033221000071, -8.071266067999918, 0.0 ], [ 110.376141416000053, -8.071262349999966, 0.0 ], [ 110.376166445000081, -8.071266194000017, 0.0 ], [ 110.376177309462037, -8.071270016372214, 0.0 ] ], [ [ 110.379261526241777, -8.071886158428789, 0.0 ], [ 110.37935033800008, -8.071838446999937, 0.0 ], [ 110.379406018000083, -8.071805610999974, 0.0 ], [ 110.379451703000129, -8.071789905999918, 0.0 ], [ 110.379491678000051, -8.07177705699992, 0.0 ], [ 110.379519991952492, -8.071773518220695, 0.0 ] ], [ [ 110.380742202429573, -8.071856673667046, 0.0 ], [ 110.380760883000093, -8.071864145999932, 0.0 ], [ 110.380783012000052, -8.071869142, 0.0 ], [ 110.380827983000046, -8.071885560999927, 0.0 ], [ 110.380864320000029, -8.071905544999893, 0.0 ], [ 110.380880094000091, -8.07191732699998, 0.0 ], [ 110.380889374000063, -8.071925535999949, 0.0 ] ], [ [ 110.377985581065516, -8.072001157762667, 0.0 ], [ 110.378043271000124, -8.07201738299991, 0.0 ], [ 110.378117629000059, -8.072038202999945, 0.0 ], [ 110.378200910000103, -8.07206199799996, 0.0 ], [ 110.378322857000072, -8.072082818, 0.0 ], [ 110.378453728000068, -8.072097689999982, 0.0 ], [ 110.378638136000049, -8.072112560999969, 0.0 ], [ 110.378686697830247, -8.072115504157775, 0.0 ] ] ] } },
{ "type": "Feature", "properties": { "FID_Garis_": 2796, "OBJECTID": 33024, "NAMOBJ": "Garis Pantai", "FCODE": "DB02080140", "REMARK": null, "METADATA": null, "SRS_ID": "4326", "DTMVER": 2, "ELEVAS": 0.0, "KARGPN": 3, "TIPGPN": 4, "KODGPN": null, "THNSBDATA": "2025", "SBDATA": 6, "SKL": 6, "THNPBL": "2025", "KET": null, "SHAPE_Leng": 0.00989241686, "FID_Batas_": 4745, "OBJECTID_1": 4175.0, "NAMOBJ_1": "Girijati", "FCODE_1": "BA03070040", "REMARK_1": null, "METADATA_1": "TASWIL1000020221227_DATA_BATAS_DESAKELURAHAN", "SRS_ID_1": "4326", "KDBBPS": null, "KDCBPS": null, "KDCPUM": "34.03.18", "KDEBPS": null, "KDEPUM": "34.03.18.2003", "KDPBPS": null, "KDPKAB": "34.03", "KDPPUM": "34", "LUASWH": 0.0, "TIPADM": 1.0, "WADMKC": "Purwosari", "WADMKD": "Girijati", "WADMKK": "Gunungkidul", "WADMPR": "Daerah Istimewa Yogyakarta", "WIADKC": null, "WIADKK": null, "WIADPR": null, "WIADKD": null, "UUPP": "Data dari Pemerintah Daerah", "LUAS": 7.67019305 }, "geometry": { "type": "MultiLineString", "coordinates": [ [ [ 110.341918808380569, -8.029539463214199, 0.0 ], [ 110.34195193000005, -8.029526887, 0.0 ], [ 110.341963769997037, -8.029540722469477, 0.0 ] ], [ [ 110.342072357601722, -8.029592801193832, 0.0 ], [ 110.342104843000101, -8.02960182499989, 0.0 ], [ 110.342120381333913, -8.02961736333371, 0.0 ] ], [ [ 110.342227987561046, -8.029697197694521, 0.0 ], [ 110.342258319000095, -8.029680347, 0.0 ], [ 110.34229758000005, -8.029673208999935, 0.0 ], [ 110.342351117000049, -8.029691054999901, 0.0 ], [ 110.342393948000037, -8.029723176999894, 0.0 ], [ 110.34241535731222, -8.029753762221361, 0.0 ] ], [ [ 110.342499628828918, -8.029780197861882, 0.0 ], [ 110.342515300000031, -8.029776714999972, 0.0 ], [ 110.342547423000028, -8.029762437999945, 0.0 ], [ 110.342590253000111, -8.02974102299995, 0.0 ], [ 110.342647360000043, -8.029716038999926, 0.0 ], [ 110.34267948300004, -8.029716038999926, 0.0 ], [ 110.342715175000052, -8.029737453999921, 0.0 ], [ 110.34273721800011, -8.029767691999936, 0.0 ], [ 110.342775851000013, -8.029812407, 0.0 ], [ 110.34280797400001, -8.029848098999928, 0.0 ], [ 110.342840097000092, -8.029890929, 0.0 ], [ 110.342900773000054, -8.02993018999997, 0.0 ], [ 110.342950742000099, -8.029976589999901, 0.0 ], [ 110.343029264000023, -8.030030127999979, 0.0 ], [ 110.343031656473883, -8.030036508153717, 0.0 ] ], [ [ 110.343287881795646, -8.030132816602222, 0.0 ], [ 110.343307661000054, -8.030122927000019, 0.0 ], [ 110.34334335300008, -8.030115787999961, 0.0 ], [ 110.343379045000091, -8.030119358, 0.0 ], [ 110.343421875000089, -8.030140772999985, 0.0 ], [ 110.34348612000008, -8.030172894999978, 0.0 ], [ 110.343550366000059, -8.030197879999914, 0.0 ], [ 110.343621750000096, -8.030201448999943, 0.0 ], [ 110.343685995, -8.030197879999914, 0.0 ], [ 110.343732395000103, -8.030180033999947, 0.0 ], [ 110.343789502000035, -8.030158618999952, 0.0 ], [ 110.343850178000082, -8.030151479999983, 0.0 ], [ 110.343889439000051, -8.030151479999983, 0.0 ], [ 110.343939408000011, -8.030155049999923, 0.0 ], [ 110.34402149900005, -8.030140772999985, 0.0 ], [ 110.344085745000129, -8.030137203999956, 0.0 ], [ 110.344111099000088, -8.030123569999983, 0.0 ], [ 110.34416630000004, -8.03011470199996, 0.0 ], [ 110.344228049, -8.030124560999976, 0.0 ], [ 110.344284020000103, -8.030140433999957, 0.0 ], [ 110.344349865000041, -8.030187171999916, 0.0 ], [ 110.344381987000034, -8.03021572599997, 0.0 ], [ 110.34440340300003, -8.030251418, 0.0 ], [ 110.344421249000078, -8.030287109999925, 0.0 ], [ 110.344449802000042, -8.030333508999945, 0.0 ], [ 110.344453371000071, -8.030372769999907, 0.0 ], [ 110.344460510000047, -8.030412030999958, 0.0 ], [ 110.344485494000068, -8.030444153999952, 0.0 ], [ 110.344492632000041, -8.030476276999945, 0.0 ], [ 110.344549739000058, -8.030511968999967, 0.0 ], [ 110.344578293000026, -8.030526245, 0.0 ], [ 110.344610416000108, -8.030558367999987, 0.0 ], [ 110.344642538000102, -8.030608336999947, 0.0 ], [ 110.344674661000084, -8.030647598, 0.0 ], [ 110.344688938000033, -8.030690427999989, 0.0 ], [ 110.344721061000115, -8.03073682799992, 0.0 ], [ 110.344774599000104, -8.03078322699994, 0.0 ], [ 110.344810290000026, -8.030818918999962, 0.0 ], [ 110.344821811405552, -8.030846898699853, 0.0 ] ], [ [ 110.345892699544876, -8.032545431709206, 0.0 ], [ 110.345902463000073, -8.032546407999988, 0.0 ], [ 110.345923878000065, -8.032557114999985, 0.0 ], [ 110.345952432000033, -8.032599945999976, 0.0 ], [ 110.345970278, -8.03263563799991, 0.0 ], [ 110.346013108000079, -8.032678468, 0.0 ], [ 110.3460380920001, -8.032724866999921, 0.0 ], [ 110.346048800000105, -8.032771266999941, 0.0 ], [ 110.346063077000039, -8.03282480499993, 0.0 ], [ 110.346052369000034, -8.032856927999923, 0.0 ], [ 110.34602381600007, -8.032874772999978, 0.0 ], [ 110.346013108000079, -8.032914034999941, 0.0 ], [ 110.34599883100006, -8.032953296, 0.0 ], [ 110.34600953900005, -8.032999694999923, 0.0 ], [ 110.346030954000042, -8.033042524999914, 0.0 ], [ 110.346070215000097, -8.033071078999967, 0.0 ], [ 110.346109476000066, -8.033110339999929, 0.0 ], [ 110.346138030000105, -8.033146031999951, 0.0 ], [ 110.34615230600005, -8.033196001, 0.0 ], [ 110.346153248285674, -8.033200084032401, 0.0 ] ] ] } },
{ "type": "Feature", "properties": { "FID_Garis_": 2797, "OBJECTID": 33025, "NAMOBJ": "Garis Penutup Pasang Tertinggi", "FCODE": "DB02080350", "REMARK": null, "METADATA": null, "SRS_ID": "4326", "DTMVER": 2, "ELEVAS": 0.0, "KARGPN": 999, "TIPGPN": 999, "KODGPN": null, "THNSBDATA": "2025", "SBDATA": 6, "SKL": 6, "THNPBL": "2025", "KET": null, "SHAPE_Leng": 0.00044177169, "FID_Batas_": 4601, "OBJECTID_1": 4031.0, "NAMOBJ_1": "Giricahyo", "FCODE_1": "BA03070040", "REMARK_1": null, "METADATA_1": "TASWIL1000020221227_DATA_BATAS_DESAKELURAHAN", "SRS_ID_1": "4326", "KDBBPS": null, "KDCBPS": null, "KDCPUM": "34.03.18", "KDEBPS": null, "KDEPUM": "34.03.18.2002", "KDPBPS": null, "KDPKAB": "34.03", "KDPPUM": "34", "LUASWH": 0.0, "TIPADM": 1.0, "WADMKC": "Purwosari", "WADMKD": "Giricahyo", "WADMKK": "Gunungkidul", "WADMPR": "Daerah Istimewa Yogyakarta", "WIADKC": null, "WIADKK": null, "WIADPR": null, "WIADKD": null, "UUPP": "Data dari Pemerintah Daerah", "LUAS": 16.36313372 }, "geometry": { "type": "MultiLineString", "coordinates": [ [ [ 110.34702306679543, -8.03503172295871, 0.0 ], [ 110.347071115000048, -8.035041212999907, 0.0 ] ] ] } },
{ "type": "Feature", "properties": { "FID_Garis_": 2797, "OBJECTID": 33025, "NAMOBJ": "Garis Penutup Pasang Tertinggi", "FCODE": "DB02080350", "REMARK": null, "METADATA": null, "SRS_ID": "4326", "DTMVER": 2, "ELEVAS": 0.0, "KARGPN": 999, "TIPGPN": 999, "KODGPN": null, "THNSBDATA": "2025", "SBDATA": 6, "SKL": 6, "THNPBL": "2025", "KET": null, "SHAPE_Leng": 0.00044177169, "FID_Batas_": 4745, "OBJECTID_1": 4175.0, "NAMOBJ_1": "Girijati", "FCODE_1": "BA03070040", "REMARK_1": null, "METADATA_1": "TASWIL1000020221227_DATA_BATAS_DESAKELURAHAN", "SRS_ID_1": "4326", "KDBBPS": null, "KDCBPS": null, "KDCPUM": "34.03.18", "KDEBPS": null, "KDEPUM": "34.03.18.2003", "KDPBPS": null, "KDPKAB": "34.03", "KDPPUM": "34", "LUASWH": 0.0, "TIPADM": 1.0, "WADMKC": "Purwosari", "WADMKD": "Girijati", "WADMKK": "Gunungkidul", "WADMPR": "Daerah Istimewa Yogyakarta", "WIADKC": null, "WIADKK": null, "WIADPR": null, "WIADKD": null, "UUPP": "Data dari Pemerintah Daerah", "LUAS": 7.67019305 }, "geometry": { "type": "MultiLineString", "coordinates": [ [ [ 110.346684827068358, -8.03496491694661, 0.0 ], [ 110.34702306679543, -8.03503172295871, 0.0 ] ] ] } }
]
}
